id,run_id,discovered_titles,imported_titles,discovered_episodes,imported_episodes,imported_versions,discovered_mappings,imported_mappings,duplicates,failures,blocked,pending,denominator_scope,captured_at
"1","1","3","3","0","0","0","0","0","0","0","0","0","Anikoto /filter pages 1-298; live last page observed 298","2026-09-10T12:59:50.100Z"
"2","1","1","1","3","3","6","0","0","1","0","0","0","discovered public records","2026-09-10T12:59:52.249Z"
"3","1","1","1","1","1","1","0","0","1","0","0","0","discovered public records","2026-09-10T12:59:54.663Z"
"4","1","1","1","22","22","22","0","0","1","0","0","0","discovered public records","2026-09-10T12:59:57.246Z"
"5","1","1","1","1","1","2","6","6","1","0","0","0","discovered public records","2026-09-10T12:59:58.283Z"
"6","1","1","1","1","1","2","3","3","1","0","0","0","discovered public records","2026-09-10T12:59:59.499Z"
"7","1","1","1","1","1","2","3","3","1","0","0","0","discovered public records","2026-09-10T13:00:00.694Z"
"8","1","1","1","1","1","1","3","3","1","0","0","0","discovered public records","2026-09-10T13:00:01.900Z"
"9","1","1","1","1","1","1","3","3","1","0","0","0","discovered public records","2026-09-10T13:00:03.267Z"
"10","1","1","1","1","1","1","3","3","1","0","0","0","discovered public records","2026-09-10T13:00:04.478Z"
"11","1","1","1","1","1","1","3","3","1","0","0","0","discovered public records","2026-09-10T13:00:05.681Z"
"12","1","1","1","1","1","1","3","3","1","0","0","0","discovered public records","2026-09-10T13:00:06.896Z"
"13","1","1","1","1","1","1","3","3","1","0","0","0","discovered public records","2026-09-10T13:00:08.095Z"
"14","1","1","1","1","1","1","3","3","1","0","0","0","discovered public records","2026-09-10T13:00:09.299Z"
"15","1","1","1","1","1","1","3","3","1","0","0","0","discovered public records","2026-09-10T13:00:10.513Z"
"16","1","1","1","1","1","1","3","3","1","0","0","0","discovered public records","2026-09-10T13:00:11.729Z"
"17","1","1","1","1","1","1","3","3","1","0","0","0","discovered public records","2026-09-10T13:00:12.926Z"
"18","1","1","1","1","1","1","3","3","1","0","0","0","discovered public records","2026-09-10T13:00:14.143Z"
"19","1","1","1","1","1","1","3","3","1","0","0","0","discovered public records","2026-09-10T13:00:15.347Z"
"20","1","1","1","1","1","1","3","3","1","0","0","0","discovered public records","2026-09-10T13:00:16.565Z"
"21","1","1","1","1","1","1","3","3","1","0","0","0","discovered public records","2026-09-10T13:00:17.761Z"
"22","1","1","1","1","1","1","3","3","1","0","0","0","discovered public records","2026-09-10T13:00:18.969Z"
"23","1","1","1","1","1","1","3","3","1","0","0","0","discovered public records","2026-09-10T13:00:20.186Z"
"24","1","1","1","1","1","1","3","3","1","0","0","0","discovered public records","2026-09-10T13:00:21.384Z"
"25","1","1","1","1","1","1","3","3","1","0","0","0","discovered public records","2026-09-10T13:00:22.594Z"
"26","1","1","1","1","1","1","3","3","1","0","0","0","discovered public records","2026-09-10T13:00:23.799Z"
"27","1","1","1","1","1","1","3","3","1","0","0","0","discovered public records","2026-09-10T13:00:25.018Z"
"28","1","1","1","1","1","1","3","3","1","0","0","0","discovered public records","2026-09-10T13:00:26.219Z"
"29","1","1","1","1","1","1","3","3","1","0","0","0","discovered public records","2026-09-10T13:00:27.432Z"
"30","1","1","1","1","1","1","3","3","1","0","0","0","discovered public records","2026-09-10T13:00:28.634Z"
"31","1","3","3","26","26","29","81","81","0","0","0","0","Distinct public records discovered by completed crawl tasks","2026-09-10T13:00:28.635Z"
"32","2","30","30","0","0","0","0","0","3","0","0","0","Anikoto /filter pages 1-298; live last page observed 298","2026-09-10T13:09:04.399Z"
"33","2","30","30","0","0","0","0","0","0","0","0","0","Anikoto /filter pages 1-298; live last page observed 298","2026-09-10T13:09:05.620Z"
"34","2","30","30","0","0","0","0","0","0","0","0","0","Anikoto /filter pages 1-298; live last page observed 298","2026-09-10T13:09:06.826Z"
"35","2","30","30","0","0","0","0","0","0","0","0","0","Anikoto /filter pages 1-298; live last page observed 298","2026-09-10T13:09:08.027Z"
"36","2","30","30","0","0","0","0","0","0","0","0","0","Anikoto /filter pages 1-298; live last page observed 298","2026-09-10T13:09:09.084Z"
"37","2","30","30","0","0","0","0","0","0","0","0","0","Anikoto /filter pages 1-298; live last page observed 298","2026-09-10T13:09:10.293Z"
"38","2","30","30","0","0","0","0","0","0","0","0","0","Anikoto /filter pages 1-298; live last page observed 298","2026-09-10T13:09:11.640Z"
"39","2","30","30","0","0","0","0","0","0","0","0","0","Anikoto /filter pages 1-298; live last page observed 298","2026-09-10T13:09:12.849Z"
"40","2","30","30","0","0","0","0","0","0","0","0","0","Anikoto /filter pages 1-298; live last page observed 298","2026-09-10T13:09:14.107Z"
"41","2","30","30","0","0","0","0","0","0","0","0","0","Anikoto /filter pages 1-298; live last page observed 298","2026-09-10T13:09:15.291Z"
"42","2","30","30","0","0","0","0","0","0","0","0","0","Anikoto /filter pages 1-298; live last page observed 298","2026-09-10T13:09:16.488Z"
"43","2","30","30","0","0","0","0","0","0","0","0","0","Anikoto /filter pages 1-298; live last page observed 298","2026-09-10T13:09:17.694Z"
"44","2","30","30","0","0","0","0","0","0","0","0","0","Anikoto /filter pages 1-298; live last page observed 298","2026-09-10T13:09:18.987Z"
"45","2","30","30","0","0","0","0","0","0","0","0","0","Anikoto /filter pages 1-298; live last page observed 298","2026-09-10T13:09:20.200Z"
"46","2","30","30","0","0","0","0","0","0","0","0","0","Anikoto /filter pages 1-298; live last page observed 298","2026-09-10T13:09:21.413Z"
"47","2","30","30","0","0","0","0","0","0","0","0","0","Anikoto /filter pages 1-298; live last page observed 298","2026-09-10T13:09:22.613Z"
"48","2","30","30","0","0","0","0","0","0","0","0","0","Anikoto /filter pages 1-298; live last page observed 298","2026-09-10T13:09:23.781Z"
"49","2","30","30","0","0","0","0","0","0","0","0","0","Anikoto /filter pages 1-298; live last page observed 298","2026-09-10T13:09:24.944Z"
"50","2","30","30","0","0","0","0","0","0","0","0","0","Anikoto /filter pages 1-298; live last page observed 298","2026-09-10T13:09:26.151Z"
"51","2","30","30","0","0","0","0","0","0","0","0","0","Anikoto /filter pages 1-298; live last page observed 298","2026-09-10T13:09:27.325Z"
"52","2","30","30","0","0","0","0","0","0","0","0","0","Anikoto /filter pages 1-298; live last page observed 298","2026-09-10T13:09:28.540Z"
"53","2","30","30","0","0","0","0","0","0","0","0","0","Anikoto /filter pages 1-298; live last page observed 298","2026-09-10T13:09:29.740Z"
"54","2","30","30","0","0","0","0","0","0","0","0","0","Anikoto /filter pages 1-298; live last page observed 298","2026-09-10T13:09:30.942Z"
"55","2","30","30","0","0","0","0","0","0","0","0","0","Anikoto /filter pages 1-298; live last page observed 298","2026-09-10T13:09:32.159Z"
"56","2","30","30","0","0","0","0","0","0","0","0","0","Anikoto /filter pages 1-298; live last page observed 298","2026-09-10T13:09:33.364Z"
"57","2","30","30","0","0","0","0","0","0","0","0","0","Anikoto /filter pages 1-298; live last page observed 298","2026-09-10T13:09:34.564Z"
"58","2","30","30","0","0","0","0","0","0","0","0","0","Anikoto /filter pages 1-298; live last page observed 298","2026-09-10T13:09:35.782Z"
"59","2","30","30","0","0","0","0","0","0","0","0","0","Anikoto /filter pages 1-298; live last page observed 298","2026-09-10T13:09:36.990Z"
"60","2","30","30","0","0","0","0","0","0","0","0","0","Anikoto /filter pages 1-298; live last page observed 298","2026-09-10T13:09:38.183Z"
"61","2","30","30","0","0","0","0","0","0","0","0","0","Anikoto /filter pages 1-298; live last page observed 298","2026-09-10T13:09:39.490Z"
"62","2","30","30","0","0","0","0","0","0","0","0","0","Anikoto /filter pages 1-298; live last page observed 298","2026-09-10T13:09:40.712Z"
"63","2","30","30","0","0","0","0","0","0","0","0","0","Anikoto /filter pages 1-298; live last page observed 298","2026-09-10T13:09:41.902Z"
"64","2","30","30","0","0","0","0","0","0","0","0","0","Anikoto /filter pages 1-298; live last page observed 298","2026-09-10T13:09:43.109Z"
"65","2","30","30","0","0","0","0","0","0","0","0","0","Anikoto /filter pages 1-298; live last page observed 298","2026-09-10T13:09:44.339Z"
"66","2","30","30","0","0","0","0","0","0","0","0","0","Anikoto /filter pages 1-298; live last page observed 298","2026-09-10T13:09:45.524Z"
"67","2","30","30","0","0","0","0","0","0","0","0","0","Anikoto /filter pages 1-298; live last page observed 298","2026-09-10T13:09:46.755Z"
"68","2","30","30","0","0","0","0","0","0","0","0","0","Anikoto /filter pages 1-298; live last page observed 298","2026-09-10T13:09:47.952Z"
"69","2","30","30","0","0","0","0","0","0","0","0","0","Anikoto /filter pages 1-298; live last page observed 298","2026-09-10T13:09:49.151Z"
"70","2","30","30","0","0","0","0","0","0","0","0","0","Anikoto /filter pages 1-298; live last page observed 298","2026-09-10T13:09:50.370Z"
"71","2","30","30","0","0","0","0","0","0","0","0","0","Anikoto /filter pages 1-298; live last page observed 298","2026-09-10T13:09:51.602Z"
"72","2","30","30","0","0","0","0","0","0","0","0","0","Anikoto /filter pages 1-298; live last page observed 298","2026-09-10T13:09:52.808Z"
"73","2","30","30","0","0","0","0","0","0","0","0","0","Anikoto /filter pages 1-298; live last page observed 298","2026-09-10T13:09:53.987Z"
"74","2","30","30","0","0","0","0","0","0","0","0","0","Anikoto /filter pages 1-298; live last page observed 298","2026-09-10T13:09:55.192Z"
"75","2","30","30","0","0","0","0","0","0","0","0","0","Anikoto /filter pages 1-298; live last page observed 298","2026-09-10T13:09:56.321Z"
"76","2","30","30","0","0","0","0","0","0","0","0","0","Anikoto /filter pages 1-298; live last page observed 298","2026-09-10T13:09:57.619Z"
"77","2","30","30","0","0","0","0","0","0","0","0","0","Anikoto /filter pages 1-298; live last page observed 298","2026-09-10T13:09:58.816Z"
"78","2","30","30","0","0","0","0","0","0","0","0","0","Anikoto /filter pages 1-298; live last page observed 298","2026-09-10T13:10:00.022Z"
"79","2","30","30","0","0","0","0","0","0","0","0","0","Anikoto /filter pages 1-298; live last page observed 298","2026-09-10T13:10:01.276Z"
"80","2","30","30","0","0","0","0","0","0","0","0","0","Anikoto /filter pages 1-298; live last page observed 298","2026-09-10T13:10:02.459Z"
"81","2","30","30","0","0","0","0","0","0","0","0","0","Anikoto /filter pages 1-298; live last page observed 298","2026-09-10T13:10:03.644Z"
"82","2","30","30","0","0","0","0","0","0","0","0","0","Anikoto /filter pages 1-298; live last page observed 298","2026-09-10T13:10:04.863Z"
"83","2","30","30","0","0","0","0","0","0","0","0","0","Anikoto /filter pages 1-298; live last page observed 298","2026-09-10T13:10:05.989Z"
"84","2","30","30","0","0","0","0","0","0","0","0","0","Anikoto /filter pages 1-298; live last page observed 298","2026-09-10T13:10:07.287Z"
"85","2","30","30","0","0","0","0","0","0","0","0","0","Anikoto /filter pages 1-298; live last page observed 298","2026-09-10T13:10:08.500Z"
"86","2","30","30","0","0","0","0","0","0","0","0","0","Anikoto /filter pages 1-298; live last page observed 298","2026-09-10T13:10:09.703Z"
"87","2","30","30","0","0","0","0","0","0","0","0","0","Anikoto /filter pages 1-298; live last page observed 298","2026-09-10T13:10:10.913Z"
"88","2","30","30","0","0","0","0","0","0","0","0","0","Anikoto /filter pages 1-298; live last page observed 298","2026-09-10T13:10:12.108Z"
"89","2","30","30","0","0","0","0","0","0","0","0","0","Anikoto /filter pages 1-298; live last page observed 298","2026-09-10T13:10:13.313Z"
"90","2","30","30","0","0","0","0","0","0","0","0","0","Anikoto /filter pages 1-298; live last page observed 298","2026-09-10T13:10:14.508Z"
"91","2","30","30","0","0","0","0","0","0","0","0","0","Anikoto /filter pages 1-298; live last page observed 298","2026-09-10T13:10:15.704Z"
"92","2","30","30","0","0","0","0","0","0","0","0","0","Anikoto /filter pages 1-298; live last page observed 298","2026-09-10T13:10:16.909Z"
"93","2","30","30","0","0","0","0","0","0","0","0","0","Anikoto /filter pages 1-298; live last page observed 298","2026-09-10T13:10:18.140Z"
"94","2","30","30","0","0","0","0","0","0","0","0","0","Anikoto /filter pages 1-298; live last page observed 298","2026-09-10T13:10:19.330Z"
"95","2","30","30","0","0","0","0","0","0","0","0","0","Anikoto /filter pages 1-298; live last page observed 298","2026-09-10T13:10:20.539Z"
"96","2","30","30","0","0","0","0","0","0","0","0","0","Anikoto /filter pages 1-298; live last page observed 298","2026-09-10T13:10:21.770Z"
"97","2","30","30","0","0","0","0","0","0","0","0","0","Anikoto /filter pages 1-298; live last page observed 298","2026-09-10T13:10:22.956Z"
"98","2","30","30","0","0","0","0","0","0","0","0","0","Anikoto /filter pages 1-298; live last page observed 298","2026-09-10T13:10:24.173Z"
"99","2","2010","2010","26","26","29","81","81","0","0","0","2241","Distinct public records discovered by completed crawl tasks","2026-09-10T13:10:24.193Z"
"100","2","2760","2760","26","26","29","81","81","0","0","0","2966","Distinct public records discovered by completed crawl tasks","2026-09-10T13:11:32.744Z"
"101","2","3510","3510","26","26","29","81","81","0","0","0","3691","Distinct public records discovered by completed crawl tasks","2026-09-10T13:12:02.901Z"
"102","2","4260","4260","26","26","29","81","81","0","0","0","4416","Distinct public records discovered by completed crawl tasks","2026-09-10T13:12:33.080Z"
"103","2","5010","5010","26","26","29","81","81","0","0","0","5141","Distinct public records discovered by completed crawl tasks","2026-09-10T13:13:03.238Z"
"104","2","5760","5760","26","26","29","81","81","0","0","0","5866","Distinct public records discovered by completed crawl tasks","2026-09-10T13:13:33.339Z"
"105","2","6510","6510","26","26","29","81","81","0","0","0","6591","Distinct public records discovered by completed crawl tasks","2026-09-10T13:14:03.657Z"
"106","2","7260","7260","26","26","29","81","81","0","0","0","7316","Distinct public records discovered by completed crawl tasks","2026-09-10T13:14:33.833Z"
"107","2","8010","8010","26","26","29","81","81","0","0","0","8041","Distinct public records discovered by completed crawl tasks","2026-09-10T13:15:04.067Z"
"108","2","8760","8760","26","26","29","81","81","0","0","0","8766","Distinct public records discovered by completed crawl tasks","2026-09-10T13:15:34.292Z"
"109","2","8913","8913","59","59","81","81","81","0","0","0","8966","Distinct public records discovered by completed crawl tasks","2026-09-10T13:15:55.793Z"
"110","2","8913","8913","353","353","471","81","81","0","0","0","9235","Distinct public records discovered by completed crawl tasks","2026-09-10T13:17:08.836Z"
"111","2","8913","8913","1818","1818","3175","81","81","0","0","0","10676","Distinct public records discovered by completed crawl tasks","2026-09-10T13:18:09.267Z"
"112","2","8913","8913","3420","3420","5181","81","81","0","1","0","12255","Distinct public records discovered by completed crawl tasks","2026-09-10T13:19:09.702Z"
"113","2","8913","8913","3754","3754","5615","81","81","0","1","0","12565","Distinct public records discovered by completed crawl tasks","2026-09-10T13:20:07.653Z"
"114","2","8913","8913","4099","4099","6138","81","81","0","0","0","12886","Distinct public records discovered by completed crawl tasks","2026-09-10T13:21:16.455Z"
"115","2","8913","8913","4452","4452","6613","81","81","0","0","0","13214","Distinct public records discovered by completed crawl tasks","2026-09-10T13:22:16.875Z"
"116","2","8913","8913","4639","4639","6895","81","81","0","0","0","13376","Distinct public records discovered by completed crawl tasks","2026-09-10T13:23:17.321Z"
"117","2","8913","8913","5035","5035","7480","81","81","0","0","0","13747","Distinct public records discovered by completed crawl tasks","2026-09-10T13:24:17.630Z"
"118","2","8913","8913","5377","5377","7901","81","81","0","0","0","14064","Distinct public records discovered by completed crawl tasks","2026-09-10T13:25:18.039Z"
"119","2","8913","8913","5664","5664","8250","81","81","0","0","0","14326","Distinct public records discovered by completed crawl tasks","2026-09-10T13:26:18.702Z"
"120","2","8913","8913","5960","5960","8774","81","81","0","0","0","14597","Distinct public records discovered by completed crawl tasks","2026-09-10T13:27:19.122Z"
"121","2","8913","8913","7182","7182","10220","81","81","0","0","0","15794","Distinct public records discovered by completed crawl tasks","2026-09-10T13:28:19.548Z"
"122","2","8913","8913","7632","7632","10761","81","81","0","0","0","16219","Distinct public records discovered by completed crawl tasks","2026-09-10T13:29:19.943Z"
"123","2","8913","8913","8190","8190","11454","81","81","0","0","0","16752","Distinct public records discovered by completed crawl tasks","2026-09-10T13:30:20.325Z"
"124","2","8913","8913","8662","8662","12021","81","81","0","0","0","17199","Distinct public records discovered by completed crawl tasks","2026-09-10T13:31:20.711Z"
"125","2","8913","8913","8953","8953","12360","81","81","0","0","0","17465","Distinct public records discovered by completed crawl tasks","2026-09-10T13:32:21.102Z"
"126","2","8913","8913","11486","11486","14958","81","81","0","0","0","19973","Distinct public records discovered by completed crawl tasks","2026-09-10T13:33:21.693Z"
"127","2","8913","8913","12036","12036","15598","81","81","0","0","0","20498","Distinct public records discovered by completed crawl tasks","2026-09-10T13:34:21.994Z"
"128","2","8913","8913","12405","12405","16018","81","81","0","0","0","20842","Distinct public records discovered by completed crawl tasks","2026-09-10T13:35:22.470Z"
"129","2","8913","8913","13121","13121","16842","81","81","0","0","0","21533","Distinct public records discovered by completed crawl tasks","2026-09-10T13:36:22.750Z"
"130","2","8913","8913","13504","13504","17392","81","81","0","0","0","21891","Distinct public records discovered by completed crawl tasks","2026-09-10T13:37:23.312Z"
"131","2","8913","8913","14155","14155","18055","81","81","0","0","0","22517","Distinct public records discovered by completed crawl tasks","2026-09-10T13:38:23.694Z"
"132","2","8913","8913","14258","14258","18159","81","81","0","0","0","22595","Distinct public records discovered by completed crawl tasks","2026-09-10T13:39:24.111Z"
"133","2","8913","8913","14365","14365","18266","81","81","0","0","0","22677","Distinct public records discovered by completed crawl tasks","2026-09-10T13:40:24.529Z"
"134","2","8913","8913","14478","14478","18379","81","81","0","0","0","22765","Distinct public records discovered by completed crawl tasks","2026-09-10T13:41:24.954Z"
"135","2","8913","8913","14725","14725","18626","81","81","0","0","0","22987","Distinct public records discovered by completed crawl tasks","2026-09-10T13:42:25.312Z"
"136","2","8913","8913","14987","14987","18888","81","81","0","0","0","23224","Distinct public records discovered by completed crawl tasks","2026-09-10T13:43:25.719Z"
"137","2","8913","8913","15189","15189","19090","81","81","0","0","0","23401","Distinct public records discovered by completed crawl tasks","2026-09-10T13:44:26.105Z"
"138","2","8913","8913","15192","15192","19093","81","81","0","0","0","23401","Distinct public records discovered by completed crawl tasks","2026-09-10T13:44:33.352Z"
"139","2","8913","8913","15601","15601","19553","81","81","0","0","0","23785","Complete live /filter pagination discovery: 8,913 distinct title records across 298 pages; current snapshot denominator, not a private database claim","2026-09-10T13:45:46.413Z"
"140","2","8913","8913","15946","15946","19898","81","81","0","0","0","24105","Complete live /filter pagination discovery: 8,913 distinct title records across 298 pages; current snapshot denominator, not a private database claim","2026-09-10T13:46:46.732Z"
"141","2","8913","8913","16283","16283","20297","81","81","0","0","0","24417","Complete live /filter pagination discovery: 8,913 distinct title records across 298 pages; current snapshot denominator, not a private database claim","2026-09-10T13:47:46.884Z"
"142","2","8913","8913","16569","16569","20658","81","81","0","0","0","24678","Complete live /filter pagination discovery: 8,913 distinct title records across 298 pages; current snapshot denominator, not a private database claim","2026-09-10T13:48:47.335Z"
"143","2","8913","8913","16968","16968","21203","81","81","0","0","0","25052","Complete live /filter pagination discovery: 8,913 distinct title records across 298 pages; current snapshot denominator, not a private database claim","2026-09-10T13:49:47.667Z"
"144","2","8913","8913","18108","18108","22627","81","81","0","0","0","26167","Complete live /filter pagination discovery: 8,913 distinct title records across 298 pages; current snapshot denominator, not a private database claim","2026-09-10T13:50:47.967Z"
"145","2","8913","8913","18353","18353","22948","81","81","0","0","0","26387","Complete live /filter pagination discovery: 8,913 distinct title records across 298 pages; current snapshot denominator, not a private database claim","2026-09-10T13:51:48.166Z"
"146","2","8913","8913","18520","18520","23221","81","81","0","0","0","26529","Complete live /filter pagination discovery: 8,913 distinct title records across 298 pages; current snapshot denominator, not a private database claim","2026-09-10T13:52:48.612Z"
"147","2","8913","8913","18690","18690","23560","81","81","0","0","0","26674","Complete live /filter pagination discovery: 8,913 distinct title records across 298 pages; current snapshot denominator, not a private database claim","2026-09-10T13:53:48.930Z"
"148","2","8913","8913","19304","19304","24492","81","81","0","0","0","27263","Complete live /filter pagination discovery: 8,913 distinct title records across 298 pages; current snapshot denominator, not a private database claim","2026-09-10T13:54:49.277Z"
"149","2","8913","8913","19640","19640","24998","81","81","0","0","0","27574","Complete live /filter pagination discovery: 8,913 distinct title records across 298 pages; current snapshot denominator, not a private database claim","2026-09-10T13:55:49.651Z"
"150","2","8913","8913","20036","20036","25595","81","81","0","0","0","27945","Complete live /filter pagination discovery: 8,913 distinct title records across 298 pages; current snapshot denominator, not a private database claim","2026-09-10T13:56:49.992Z"
"151","2","8913","8913","20463","20463","26375","81","81","0","0","0","28347","Complete live /filter pagination discovery: 8,913 distinct title records across 298 pages; current snapshot denominator, not a private database claim","2026-09-10T13:57:50.341Z"
"152","2","8913","8913","20926","20926","26967","81","81","0","0","0","28785","Complete live /filter pagination discovery: 8,913 distinct title records across 298 pages; current snapshot denominator, not a private database claim","2026-09-10T13:58:50.705Z"
"153","2","8913","8913","21709","21709","27927","81","81","0","0","0","29543","Complete live /filter pagination discovery: 8,913 distinct title records across 298 pages; current snapshot denominator, not a private database claim","2026-09-10T13:59:51.016Z"
"154","2","8913","8913","22114","22114","28333","81","81","0","0","0","29923","Complete live /filter pagination discovery: 8,913 distinct title records across 298 pages; current snapshot denominator, not a private database claim","2026-09-10T14:00:51.325Z"
"155","2","8913","8913","22243","22243","28462","81","81","0","0","0","30027","Complete live /filter pagination discovery: 8,913 distinct title records across 298 pages; current snapshot denominator, not a private database claim","2026-09-10T14:01:51.660Z"
"156","2","8913","8913","22383","22383","28602","81","81","0","0","0","30142","Complete live /filter pagination discovery: 8,913 distinct title records across 298 pages; current snapshot denominator, not a private database claim","2026-09-10T14:02:52.024Z"
"157","2","8913","8913","22472","22472","28691","81","81","0","0","0","30206","Complete live /filter pagination discovery: 8,913 distinct title records across 298 pages; current snapshot denominator, not a private database claim","2026-09-10T14:03:52.389Z"
"158","2","8913","8913","22664","22664","28910","81","81","0","0","0","30373","Complete live /filter pagination discovery: 8,913 distinct title records across 298 pages; current snapshot denominator, not a private database claim","2026-09-10T14:04:52.774Z"
"159","2","8913","8913","23544","23544","30191","81","81","0","0","0","31228","Complete live /filter pagination discovery: 8,913 distinct title records across 298 pages; current snapshot denominator, not a private database claim","2026-09-10T14:05:53.141Z"
"160","2","8913","8913","23882","23882","30740","81","81","0","0","0","31541","Complete live /filter pagination discovery: 8,913 distinct title records across 298 pages; current snapshot denominator, not a private database claim","2026-09-10T14:06:53.497Z"
"161","2","8913","8913","24121","24121","31150","81","81","0","0","0","31755","Complete live /filter pagination discovery: 8,913 distinct title records across 298 pages; current snapshot denominator, not a private database claim","2026-09-10T14:07:53.830Z"
"162","2","8913","8913","24476","24476","31716","81","81","0","0","0","32085","Complete live /filter pagination discovery: 8,913 distinct title records across 298 pages; current snapshot denominator, not a private database claim","2026-09-10T14:08:54.179Z"
"163","2","8913","8913","24665","24665","32034","81","81","0","0","0","32249","Complete live /filter pagination discovery: 8,913 distinct title records across 298 pages; current snapshot denominator, not a private database claim","2026-09-10T14:09:54.577Z"
"164","2","8913","8913","24925","24925","32464","81","81","0","0","0","32484","Complete live /filter pagination discovery: 8,913 distinct title records across 298 pages; current snapshot denominator, not a private database claim","2026-09-10T14:10:54.966Z"
"165","2","8913","8913","25227","25227","32963","81","81","0","0","0","32761","Complete live /filter pagination discovery: 8,913 distinct title records across 298 pages; current snapshot denominator, not a private database claim","2026-09-10T14:11:55.252Z"
"166","2","8913","8913","25486","25486","33291","81","81","0","0","0","32995","Complete live /filter pagination discovery: 8,913 distinct title records across 298 pages; current snapshot denominator, not a private database claim","2026-09-10T14:12:55.612Z"
"167","2","8913","8913","25822","25822","33821","81","81","0","0","0","33307","Complete live /filter pagination discovery: 8,913 distinct title records across 298 pages; current snapshot denominator, not a private database claim","2026-09-10T14:13:55.953Z"
"168","2","8913","8913","26521","26521","34520","81","81","0","0","0","33981","Complete live /filter pagination discovery: 8,913 distinct title records across 298 pages; current snapshot denominator, not a private database claim","2026-09-10T14:14:56.301Z"
"169","2","8913","8913","26906","26906","34905","81","81","0","0","0","34341","Complete live /filter pagination discovery: 8,913 distinct title records across 298 pages; current snapshot denominator, not a private database claim","2026-09-10T14:15:57.083Z"
"170","2","8913","8913","27425","27425","35424","81","81","0","0","0","34835","Complete live /filter pagination discovery: 8,913 distinct title records across 298 pages; current snapshot denominator, not a private database claim","2026-09-10T14:16:59.440Z"
"171","2","8913","8913","27606","27606","35605","81","81","0","0","0","34991","Complete live /filter pagination discovery: 8,913 distinct title records across 298 pages; current snapshot denominator, not a private database claim","2026-09-10T14:17:59.887Z"
"172","2","8913","8913","27701","27701","35700","81","81","0","0","0","35061","Complete live /filter pagination discovery: 8,913 distinct title records across 298 pages; current snapshot denominator, not a private database claim","2026-09-10T14:19:00.267Z"
"173","2","8913","8913","27939","27939","35938","81","81","0","0","0","35274","Complete live /filter pagination discovery: 8,913 distinct title records across 298 pages; current snapshot denominator, not a private database claim","2026-09-10T14:20:00.761Z"
"174","2","8913","8913","28345","28345","36344","81","81","0","0","0","35655","Complete live /filter pagination discovery: 8,913 distinct title records across 298 pages; current snapshot denominator, not a private database claim","2026-09-10T14:21:01.126Z"
"175","2","8913","8913","28566","28566","36655","81","81","0","0","0","35851","Complete live /filter pagination discovery: 8,913 distinct title records across 298 pages; current snapshot denominator, not a private database claim","2026-09-10T14:22:01.555Z"
"176","2","8913","8913","28864","28864","37225","81","81","0","0","0","36124","Complete live /filter pagination discovery: 8,913 distinct title records across 298 pages; current snapshot denominator, not a private database claim","2026-09-10T14:23:01.963Z"
"177","2","8913","8913","29208","29208","37666","81","81","0","0","0","36443","Complete live /filter pagination discovery: 8,913 distinct title records across 298 pages; current snapshot denominator, not a private database claim","2026-09-10T14:24:02.243Z"
"178","2","8913","8913","29532","29532","38166","81","81","0","0","0","36742","Complete live /filter pagination discovery: 8,913 distinct title records across 298 pages; current snapshot denominator, not a private database claim","2026-09-10T14:25:02.760Z"
"179","2","8913","8913","29809","29809","38617","81","81","0","0","0","36994","Complete live /filter pagination discovery: 8,913 distinct title records across 298 pages; current snapshot denominator, not a private database claim","2026-09-10T14:26:03.239Z"
"180","2","8913","8913","30038","30038","39061","81","81","0","0","0","37198","Complete live /filter pagination discovery: 8,913 distinct title records across 298 pages; current snapshot denominator, not a private database claim","2026-09-10T14:27:03.565Z"
"181","2","8913","8913","31512","31512","40692","81","81","0","0","0","38647","Complete live /filter pagination discovery: 8,913 distinct title records across 298 pages; current snapshot denominator, not a private database claim","2026-09-10T14:28:03.970Z"
"182","2","8913","8913","31911","31911","41129","81","81","0","0","0","39021","Complete live /filter pagination discovery: 8,913 distinct title records across 298 pages; current snapshot denominator, not a private database claim","2026-09-10T14:29:04.310Z"
"183","2","8913","8913","32248","32248","41466","81","81","0","0","0","39333","Complete live /filter pagination discovery: 8,913 distinct title records across 298 pages; current snapshot denominator, not a private database claim","2026-09-10T14:30:04.548Z"
"184","2","8913","8913","32474","32474","41771","81","81","0","0","0","39534","Complete live /filter pagination discovery: 8,913 distinct title records across 298 pages; current snapshot denominator, not a private database claim","2026-09-10T14:31:05.083Z"
"185","2","8913","8913","32715","32715","42045","81","81","0","0","0","39750","Complete live /filter pagination discovery: 8,913 distinct title records across 298 pages; current snapshot denominator, not a private database claim","2026-09-10T14:32:05.507Z"
"186","2","8913","8913","32877","32877","42224","81","81","0","0","0","39887","Complete live /filter pagination discovery: 8,913 distinct title records across 298 pages; current snapshot denominator, not a private database claim","2026-09-10T14:33:05.923Z"
"187","2","8913","8913","33481","33481","42853","81","81","0","0","0","40466","Complete live /filter pagination discovery: 8,913 distinct title records across 298 pages; current snapshot denominator, not a private database claim","2026-09-10T14:34:06.343Z"
"188","2","8913","8913","33715","33715","43185","81","81","0","0","0","40675","Complete live /filter pagination discovery: 8,913 distinct title records across 298 pages; current snapshot denominator, not a private database claim","2026-09-10T14:35:06.661Z"
"189","2","8913","8913","33929","33929","43436","81","81","0","0","0","40864","Complete live /filter pagination discovery: 8,913 distinct title records across 298 pages; current snapshot denominator, not a private database claim","2026-09-10T14:36:07.209Z"
"190","2","8913","8913","34194","34194","43704","81","81","0","0","0","41104","Complete live /filter pagination discovery: 8,913 distinct title records across 298 pages; current snapshot denominator, not a private database claim","2026-09-10T14:37:07.476Z"
"191","2","8913","8913","34438","34438","44019","81","81","0","0","0","41323","Complete live /filter pagination discovery: 8,913 distinct title records across 298 pages; current snapshot denominator, not a private database claim","2026-09-10T14:38:07.822Z"
"192","2","8913","8913","34850","34850","44559","81","81","0","0","0","41710","Complete live /filter pagination discovery: 8,913 distinct title records across 298 pages; current snapshot denominator, not a private database claim","2026-09-10T14:39:08.032Z"
"193","2","8913","8913","35108","35108","44944","81","81","0","0","0","41943","Complete live /filter pagination discovery: 8,913 distinct title records across 298 pages; current snapshot denominator, not a private database claim","2026-09-10T14:40:08.752Z"
"194","2","8913","8913","35488","35488","45431","81","81","0","0","0","42298","Complete live /filter pagination discovery: 8,913 distinct title records across 298 pages; current snapshot denominator, not a private database claim","2026-09-10T14:41:09.167Z"
"195","2","8913","8913","35809","35809","45957","81","81","0","0","0","42594","Complete live /filter pagination discovery: 8,913 distinct title records across 298 pages; current snapshot denominator, not a private database claim","2026-09-10T14:42:09.570Z"
"196","2","8913","8913","36074","36074","46252","81","81","0","0","0","42834","Complete live /filter pagination discovery: 8,913 distinct title records across 298 pages; current snapshot denominator, not a private database claim","2026-09-10T14:43:09.911Z"
"197","2","8913","8913","36751","36751","47105","81","81","0","0","0","43486","Complete live /filter pagination discovery: 8,913 distinct title records across 298 pages; current snapshot denominator, not a private database claim","2026-09-10T14:44:10.307Z"
"198","2","8913","8913","37084","37084","47576","81","81","0","0","0","43794","Complete live /filter pagination discovery: 8,913 distinct title records across 298 pages; current snapshot denominator, not a private database claim","2026-09-10T14:45:10.634Z"
"199","2","8913","8913","37467","37467","48013","81","81","0","0","0","44152","Complete live /filter pagination discovery: 8,913 distinct title records across 298 pages; current snapshot denominator, not a private database claim","2026-09-10T14:46:10.920Z"
"200","2","8913","8913","37738","37738","48501","81","81","0","0","0","44398","Complete live /filter pagination discovery: 8,913 distinct title records across 298 pages; current snapshot denominator, not a private database claim","2026-09-10T14:47:11.463Z"
"201","2","8913","8913","38040","38040","48877","81","81","0","0","0","44675","Complete live /filter pagination discovery: 8,913 distinct title records across 298 pages; current snapshot denominator, not a private database claim","2026-09-10T14:48:11.627Z"
"202","2","8913","8913","38362","38362","49303","81","81","0","0","0","44972","Complete live /filter pagination discovery: 8,913 distinct title records across 298 pages; current snapshot denominator, not a private database claim","2026-09-10T14:49:12.111Z"
"203","2","8913","8913","38697","38697","49835","81","81","0","0","0","45282","Complete live /filter pagination discovery: 8,913 distinct title records across 298 pages; current snapshot denominator, not a private database claim","2026-09-10T14:50:12.458Z"
"204","2","8913","8913","39191","39191","50421","81","81","0","0","0","45751","Complete live /filter pagination discovery: 8,913 distinct title records across 298 pages; current snapshot denominator, not a private database claim","2026-09-10T14:51:12.830Z"
"205","2","8913","8913","39488","39488","50763","81","81","0","0","0","46023","Complete live /filter pagination discovery: 8,913 distinct title records across 298 pages; current snapshot denominator, not a private database claim","2026-09-10T14:52:13.353Z"
"206","2","8913","8913","39794","39794","51162","81","81","0","0","0","46304","Complete live /filter pagination discovery: 8,913 distinct title records across 298 pages; current snapshot denominator, not a private database claim","2026-09-10T14:53:13.617Z"
"207","2","8913","8913","40148","40148","51723","81","81","0","0","0","46633","Complete live /filter pagination discovery: 8,913 distinct title records across 298 pages; current snapshot denominator, not a private database claim","2026-09-10T14:54:13.948Z"
"208","2","8913","8913","40383","40383","52060","81","81","0","0","0","46843","Complete live /filter pagination discovery: 8,913 distinct title records across 298 pages; current snapshot denominator, not a private database claim","2026-09-10T14:55:14.394Z"
"209","2","8913","8913","40764","40764","52525","81","81","0","0","0","47199","Complete live /filter pagination discovery: 8,913 distinct title records across 298 pages; current snapshot denominator, not a private database claim","2026-09-10T14:56:14.764Z"
"210","2","8913","8913","41344","41344","53200","81","81","0","0","0","47754","Complete live /filter pagination discovery: 8,913 distinct title records across 298 pages; current snapshot denominator, not a private database claim","2026-09-10T14:57:15.063Z"
"211","2","8913","8913","41775","41775","53818","81","81","0","0","0","48160","Complete live /filter pagination discovery: 8,913 distinct title records across 298 pages; current snapshot denominator, not a private database claim","2026-09-10T14:58:15.582Z"
"212","2","8913","8913","42132","42132","54326","81","81","0","0","0","48492","Complete live /filter pagination discovery: 8,913 distinct title records across 298 pages; current snapshot denominator, not a private database claim","2026-09-10T14:59:15.865Z"
"213","2","8913","8913","42383","42383","54669","81","81","0","0","0","48718","Complete live /filter pagination discovery: 8,913 distinct title records across 298 pages; current snapshot denominator, not a private database claim","2026-09-10T15:00:16.237Z"
"214","2","8913","8913","42702","42702","55073","81","81","0","0","0","49012","Complete live /filter pagination discovery: 8,913 distinct title records across 298 pages; current snapshot denominator, not a private database claim","2026-09-10T15:01:16.579Z"
"215","2","8913","8913","42995","42995","55439","81","81","0","0","0","49280","Complete live /filter pagination discovery: 8,913 distinct title records across 298 pages; current snapshot denominator, not a private database claim","2026-09-10T15:02:16.945Z"
"216","2","8913","8913","43307","43307","55807","81","81","0","0","0","49567","Complete live /filter pagination discovery: 8,913 distinct title records across 298 pages; current snapshot denominator, not a private database claim","2026-09-10T15:03:17.331Z"
"217","2","8913","8913","43540","43540","56200","81","81","0","0","0","49775","Complete live /filter pagination discovery: 8,913 distinct title records across 298 pages; current snapshot denominator, not a private database claim","2026-09-10T15:04:17.599Z"
"218","2","8913","8913","43849","43849","56607","81","81","0","0","0","50059","Complete live /filter pagination discovery: 8,913 distinct title records across 298 pages; current snapshot denominator, not a private database claim","2026-09-10T15:05:18.067Z"
"219","2","8913","8913","44144","44144","56927","81","81","0","0","0","50329","Complete live /filter pagination discovery: 8,913 distinct title records across 298 pages; current snapshot denominator, not a private database claim","2026-09-10T15:06:18.385Z"
"220","2","8913","8913","44389","44389","57344","81","81","0","0","0","50549","Complete live /filter pagination discovery: 8,913 distinct title records across 298 pages; current snapshot denominator, not a private database claim","2026-09-10T15:07:18.596Z"
"221","2","8913","8913","44694","44694","57748","81","81","0","0","0","50829","Complete live /filter pagination discovery: 8,913 distinct title records across 298 pages; current snapshot denominator, not a private database claim","2026-09-10T15:08:19.105Z"
"222","2","8913","8913","45015","45015","58151","81","81","0","0","0","51125","Complete live /filter pagination discovery: 8,913 distinct title records across 298 pages; current snapshot denominator, not a private database claim","2026-09-10T15:09:19.514Z"
"223","2","8913","8913","45369","45369","58786","81","81","0","0","0","51454","Complete live /filter pagination discovery: 8,913 distinct title records across 298 pages; current snapshot denominator, not a private database claim","2026-09-10T15:10:19.686Z"
"224","2","8913","8913","45715","45715","59201","81","81","0","0","0","51775","Complete live /filter pagination discovery: 8,913 distinct title records across 298 pages; current snapshot denominator, not a private database claim","2026-09-10T15:11:20.156Z"
"225","2","8913","8913","46058","46058","59621","81","81","0","0","0","52093","Complete live /filter pagination discovery: 8,913 distinct title records across 298 pages; current snapshot denominator, not a private database claim","2026-09-10T15:12:20.654Z"
"226","2","8913","8913","46313","46313","59948","81","81","0","0","0","52323","Complete live /filter pagination discovery: 8,913 distinct title records across 298 pages; current snapshot denominator, not a private database claim","2026-09-10T15:13:21.064Z"
"227","2","8913","8913","46626","46626","60382","81","81","0","0","0","52611","Complete live /filter pagination discovery: 8,913 distinct title records across 298 pages; current snapshot denominator, not a private database claim","2026-09-10T15:14:21.349Z"
"228","2","8913","8913","46908","46908","60851","81","81","0","0","0","52868","Complete live /filter pagination discovery: 8,913 distinct title records across 298 pages; current snapshot denominator, not a private database claim","2026-09-10T15:15:21.674Z"
"229","2","8913","8913","47157","47157","61173","81","81","0","0","0","53092","Complete live /filter pagination discovery: 8,913 distinct title records across 298 pages; current snapshot denominator, not a private database claim","2026-09-10T15:16:22.137Z"
"230","2","8913","8913","47414","47414","61453","81","81","0","0","0","53324","Complete live /filter pagination discovery: 8,913 distinct title records across 298 pages; current snapshot denominator, not a private database claim","2026-09-10T15:17:22.527Z"
"231","2","8913","8913","47804","47804","61885","81","81","0","0","0","53689","Complete live /filter pagination discovery: 8,913 distinct title records across 298 pages; current snapshot denominator, not a private database claim","2026-09-10T15:18:22.886Z"
"232","2","8913","8913","48172","48172","62363","81","81","0","0","0","54032","Complete live /filter pagination discovery: 8,913 distinct title records across 298 pages; current snapshot denominator, not a private database claim","2026-09-10T15:19:23.180Z"
"233","2","8913","8913","48550","48550","62954","81","81","0","0","0","54385","Complete live /filter pagination discovery: 8,913 distinct title records across 298 pages; current snapshot denominator, not a private database claim","2026-09-10T15:20:23.635Z"
"234","2","8913","8913","49124","49124","63643","81","81","0","0","0","54934","Complete live /filter pagination discovery: 8,913 distinct title records across 298 pages; current snapshot denominator, not a private database claim","2026-09-10T15:21:23.964Z"
"235","2","8913","8913","49466","49466","64203","81","81","0","0","0","55251","Complete live /filter pagination discovery: 8,913 distinct title records across 298 pages; current snapshot denominator, not a private database claim","2026-09-10T15:22:24.512Z"
"236","2","8913","8913","49752","49752","64599","81","81","0","0","0","55512","Complete live /filter pagination discovery: 8,913 distinct title records across 298 pages; current snapshot denominator, not a private database claim","2026-09-10T15:23:24.779Z"
"237","2","8913","8913","50094","50094","64955","81","81","0","0","0","55829","Complete live /filter pagination discovery: 8,913 distinct title records across 298 pages; current snapshot denominator, not a private database claim","2026-09-10T15:24:25.269Z"
"238","2","8913","8913","50373","50373","65277","81","81","0","0","0","56083","Complete live /filter pagination discovery: 8,913 distinct title records across 298 pages; current snapshot denominator, not a private database claim","2026-09-10T15:25:25.594Z"
"239","2","8913","8913","50720","50720","65666","81","81","0","0","0","56405","Complete live /filter pagination discovery: 8,913 distinct title records across 298 pages; current snapshot denominator, not a private database claim","2026-09-10T15:26:26.057Z"
"240","2","8913","8913","51005","51005","66062","81","81","0","0","0","56665","Complete live /filter pagination discovery: 8,913 distinct title records across 298 pages; current snapshot denominator, not a private database claim","2026-09-10T15:27:26.266Z"
"241","2","8913","8913","51291","51291","66501","81","81","0","0","0","56926","Complete live /filter pagination discovery: 8,913 distinct title records across 298 pages; current snapshot denominator, not a private database claim","2026-09-10T15:28:26.647Z"
"242","2","8913","8913","51542","51542","66916","81","81","0","0","0","57152","Complete live /filter pagination discovery: 8,913 distinct title records across 298 pages; current snapshot denominator, not a private database claim","2026-09-10T15:29:26.987Z"
"243","2","8913","8913","51797","51797","67300","81","81","0","0","0","57382","Complete live /filter pagination discovery: 8,913 distinct title records across 298 pages; current snapshot denominator, not a private database claim","2026-09-10T15:30:27.352Z"
"244","2","8913","8913","52065","52065","67784","81","81","0","0","0","57625","Complete live /filter pagination discovery: 8,913 distinct title records across 298 pages; current snapshot denominator, not a private database claim","2026-09-10T15:31:27.723Z"
"245","2","8913","8913","52245","52245","68061","81","81","0","0","0","57780","Complete live /filter pagination discovery: 8,913 distinct title records across 298 pages; current snapshot denominator, not a private database claim","2026-09-10T15:32:27.977Z"
"246","2","8913","8913","52451","52451","68421","81","81","0","0","0","57961","Complete live /filter pagination discovery: 8,913 distinct title records across 298 pages; current snapshot denominator, not a private database claim","2026-09-10T15:33:28.449Z"
"247","2","8913","8913","52729","52729","68848","81","81","0","0","0","58214","Complete live /filter pagination discovery: 8,913 distinct title records across 298 pages; current snapshot denominator, not a private database claim","2026-09-10T15:34:28.765Z"
"248","2","8913","8913","52910","52910","69134","81","81","0","0","0","58370","Complete live /filter pagination discovery: 8,913 distinct title records across 298 pages; current snapshot denominator, not a private database claim","2026-09-10T15:35:29.193Z"
"249","2","8913","8913","53156","53156","69531","81","81","0","0","0","58591","Complete live /filter pagination discovery: 8,913 distinct title records across 298 pages; current snapshot denominator, not a private database claim","2026-09-10T15:36:29.548Z"
"250","2","8913","8913","53441","53441","69912","81","81","0","0","0","58851","Complete live /filter pagination discovery: 8,913 distinct title records across 298 pages; current snapshot denominator, not a private database claim","2026-09-10T15:37:29.890Z"
"251","2","8913","8913","53871","53871","70419","81","81","0","0","0","59256","Complete live /filter pagination discovery: 8,913 distinct title records across 298 pages; current snapshot denominator, not a private database claim","2026-09-10T15:38:30.183Z"
"252","2","8913","8913","54401","54401","70949","81","81","0","0","0","59761","Complete live /filter pagination discovery: 8,913 distinct title records across 298 pages; current snapshot denominator, not a private database claim","2026-09-10T15:39:30.940Z"
"253","2","8913","8913","54946","54946","71496","81","81","0","0","0","60281","Complete live /filter pagination discovery: 8,913 distinct title records across 298 pages; current snapshot denominator, not a private database claim","2026-09-10T15:40:30.924Z"
"254","2","8913","8913","55188","55188","71738","81","81","0","0","0","60498","Complete live /filter pagination discovery: 8,913 distinct title records across 298 pages; current snapshot denominator, not a private database claim","2026-09-10T15:41:31.301Z"
"255","2","8913","8913","55538","55538","72102","81","81","0","0","0","60823","Complete live /filter pagination discovery: 8,913 distinct title records across 298 pages; current snapshot denominator, not a private database claim","2026-09-10T15:42:31.688Z"
"256","2","8913","8913","56350","56350","72934","81","81","0","0","0","61611","Complete live /filter pagination discovery: 8,913 distinct title records across 298 pages; current snapshot denominator, not a private database claim","2026-09-10T15:43:31.987Z"
"257","2","8913","8913","56579","56579","73165","81","81","0","0","0","61815","Complete live /filter pagination discovery: 8,913 distinct title records across 298 pages; current snapshot denominator, not a private database claim","2026-09-10T15:44:32.243Z"
"258","2","8913","8913","56841","56841","73519","81","81","0","0","0","62052","Complete live /filter pagination discovery: 8,913 distinct title records across 298 pages; current snapshot denominator, not a private database claim","2026-09-10T15:45:32.574Z"
"259","2","8913","8913","57284","57284","74000","81","81","0","0","0","62470","Complete live /filter pagination discovery: 8,913 distinct title records across 298 pages; current snapshot denominator, not a private database claim","2026-09-10T15:46:32.976Z"
"260","2","8913","8913","57506","57506","74329","81","81","0","0","0","62667","Complete live /filter pagination discovery: 8,913 distinct title records across 298 pages; current snapshot denominator, not a private database claim","2026-09-10T15:47:33.455Z"
"261","2","8913","8913","57705","57705","74546","81","81","0","0","0","62841","Complete live /filter pagination discovery: 8,913 distinct title records across 298 pages; current snapshot denominator, not a private database claim","2026-09-10T15:48:33.715Z"
"262","2","8913","8913","58023","58023","74991","81","81","0","0","0","63134","Complete live /filter pagination discovery: 8,913 distinct title records across 298 pages; current snapshot denominator, not a private database claim","2026-09-10T15:49:34.170Z"
"263","2","8913","8913","58216","58216","75209","81","81","0","0","0","63302","Complete live /filter pagination discovery: 8,913 distinct title records across 298 pages; current snapshot denominator, not a private database claim","2026-09-10T15:50:34.459Z"
"264","2","8913","8913","58458","58458","75543","81","81","0","0","0","63519","Complete live /filter pagination discovery: 8,913 distinct title records across 298 pages; current snapshot denominator, not a private database claim","2026-09-10T15:51:34.885Z"
"265","2","8913","8913","58606","58606","75692","81","81","0","0","0","63642","Complete live /filter pagination discovery: 8,913 distinct title records across 298 pages; current snapshot denominator, not a private database claim","2026-09-10T15:52:35.310Z"
"266","2","8913","8913","58834","58834","75944","81","81","0","0","0","63845","Complete live /filter pagination discovery: 8,913 distinct title records across 298 pages; current snapshot denominator, not a private database claim","2026-09-10T15:53:35.853Z"
"267","2","8913","8913","59202","59202","76462","81","81","0","0","0","64188","Complete live /filter pagination discovery: 8,913 distinct title records across 298 pages; current snapshot denominator, not a private database claim","2026-09-10T15:54:36.068Z"
"268","2","8913","8913","59552","59552","76853","81","81","0","0","0","64513","Complete live /filter pagination discovery: 8,913 distinct title records across 298 pages; current snapshot denominator, not a private database claim","2026-09-10T15:55:36.560Z"
"269","2","8913","8913","59783","59783","77122","81","81","0","0","0","64719","Complete live /filter pagination discovery: 8,913 distinct title records across 298 pages; current snapshot denominator, not a private database claim","2026-09-10T15:56:36.943Z"
"270","2","8913","8913","60090","60090","77517","81","81","0","0","0","65001","Complete live /filter pagination discovery: 8,913 distinct title records across 298 pages; current snapshot denominator, not a private database claim","2026-09-10T15:57:37.311Z"
"271","2","8913","8913","60313","60313","77782","81","81","0","0","0","65199","Complete live /filter pagination discovery: 8,913 distinct title records across 298 pages; current snapshot denominator, not a private database claim","2026-09-10T15:58:37.607Z"
"272","2","8913","8913","60623","60623","78158","81","81","0","0","0","65484","Complete live /filter pagination discovery: 8,913 distinct title records across 298 pages; current snapshot denominator, not a private database claim","2026-09-10T15:59:38.118Z"
"273","2","8913","8913","60840","60840","78454","81","81","0","0","0","65676","Complete live /filter pagination discovery: 8,913 distinct title records across 298 pages; current snapshot denominator, not a private database claim","2026-09-10T16:00:41.065Z"
"274","2","8913","8913","61053","61053","78770","81","81","0","0","0","65864","Complete live /filter pagination discovery: 8,913 distinct title records across 298 pages; current snapshot denominator, not a private database claim","2026-09-10T16:01:41.449Z"
"275","2","8913","8913","61287","61287","79108","81","81","0","0","0","66073","Complete live /filter pagination discovery: 8,913 distinct title records across 298 pages; current snapshot denominator, not a private database claim","2026-09-10T16:02:41.857Z"
"276","2","8913","8913","61615","61615","79453","81","81","0","0","0","66376","Complete live /filter pagination discovery: 8,913 distinct title records across 298 pages; current snapshot denominator, not a private database claim","2026-09-10T16:03:42.232Z"
"277","2","8913","8913","61820","61820","79726","81","81","0","0","0","66556","Complete live /filter pagination discovery: 8,913 distinct title records across 298 pages; current snapshot denominator, not a private database claim","2026-09-10T16:04:42.594Z"
"278","2","8913","8913","62342","62342","80287","81","81","0","0","0","67053","Complete live /filter pagination discovery: 8,913 distinct title records across 298 pages; current snapshot denominator, not a private database claim","2026-09-10T16:05:43.032Z"
"279","2","8913","8913","62524","62524","80527","81","81","0","0","0","67210","Complete live /filter pagination discovery: 8,913 distinct title records across 298 pages; current snapshot denominator, not a private database claim","2026-09-10T16:06:43.237Z"
"280","2","8913","8913","62808","62808","80862","81","81","0","0","0","67469","Complete live /filter pagination discovery: 8,913 distinct title records across 298 pages; current snapshot denominator, not a private database claim","2026-09-10T16:07:43.746Z"
"281","2","8913","8913","63046","63046","81202","81","81","0","0","0","67682","Complete live /filter pagination discovery: 8,913 distinct title records across 298 pages; current snapshot denominator, not a private database claim","2026-09-10T16:08:44.091Z"
"282","2","8913","8913","63249","63249","81439","81","81","0","0","0","67860","Complete live /filter pagination discovery: 8,913 distinct title records across 298 pages; current snapshot denominator, not a private database claim","2026-09-10T16:09:44.511Z"
"283","2","8913","8913","63464","63464","81722","81","81","0","0","0","68050","Complete live /filter pagination discovery: 8,913 distinct title records across 298 pages; current snapshot denominator, not a private database claim","2026-09-10T16:10:44.898Z"
"284","2","8913","8913","63664","63664","81958","81","81","0","0","0","68225","Complete live /filter pagination discovery: 8,913 distinct title records across 298 pages; current snapshot denominator, not a private database claim","2026-09-10T16:11:45.347Z"
"285","2","8913","8913","64157","64157","82480","81","81","0","0","0","68693","Complete live /filter pagination discovery: 8,913 distinct title records across 298 pages; current snapshot denominator, not a private database claim","2026-09-10T16:12:45.787Z"
"286","2","8913","8913","64408","64408","82785","81","81","0","0","0","68919","Complete live /filter pagination discovery: 8,913 distinct title records across 298 pages; current snapshot denominator, not a private database claim","2026-09-10T16:13:46.108Z"
"287","2","8913","8913","64614","64614","83033","81","81","0","0","0","69100","Complete live /filter pagination discovery: 8,913 distinct title records across 298 pages; current snapshot denominator, not a private database claim","2026-09-10T16:14:46.426Z"
"288","2","8913","8913","64986","64986","83446","81","81","0","0","0","69447","Complete live /filter pagination discovery: 8,913 distinct title records across 298 pages; current snapshot denominator, not a private database claim","2026-09-10T16:15:46.814Z"
"289","2","8913","8913","65342","65342","83914","81","81","0","0","0","69778","Complete live /filter pagination discovery: 8,913 distinct title records across 298 pages; current snapshot denominator, not a private database claim","2026-09-10T16:16:47.188Z"
"290","2","8913","8913","65552","65552","84159","81","81","0","0","0","69963","Complete live /filter pagination discovery: 8,913 distinct title records across 298 pages; current snapshot denominator, not a private database claim","2026-09-10T16:17:47.528Z"
"291","2","8913","8913","66054","66054","84981","81","81","0","0","0","70440","Complete live /filter pagination discovery: 8,913 distinct title records across 298 pages; current snapshot denominator, not a private database claim","2026-09-10T16:18:48.042Z"
"292","2","8913","8913","66335","66335","85267","81","81","0","0","0","70696","Complete live /filter pagination discovery: 8,913 distinct title records across 298 pages; current snapshot denominator, not a private database claim","2026-09-10T16:19:48.510Z"
"293","2","8913","8913","66741","66741","85824","81","81","0","0","0","71077","Complete live /filter pagination discovery: 8,913 distinct title records across 298 pages; current snapshot denominator, not a private database claim","2026-09-10T16:20:48.737Z"
"294","2","8913","8913","66938","66938","86072","81","81","0","0","0","71249","Complete live /filter pagination discovery: 8,913 distinct title records across 298 pages; current snapshot denominator, not a private database claim","2026-09-10T16:21:49.103Z"
"295","2","8913","8913","67210","67210","86449","81","81","0","0","0","71496","Complete live /filter pagination discovery: 8,913 distinct title records across 298 pages; current snapshot denominator, not a private database claim","2026-09-10T16:22:49.535Z"
"296","2","8913","8913","67577","67577","86933","81","81","0","0","0","71838","Complete live /filter pagination discovery: 8,913 distinct title records across 298 pages; current snapshot denominator, not a private database claim","2026-09-10T16:23:49.873Z"
"297","2","8913","8913","67934","67934","87325","81","81","0","0","0","72170","Complete live /filter pagination discovery: 8,913 distinct title records across 298 pages; current snapshot denominator, not a private database claim","2026-09-10T16:24:52.447Z"
"298","2","8913","8913","68082","68082","87532","81","81","0","0","0","72293","Complete live /filter pagination discovery: 8,913 distinct title records across 298 pages; current snapshot denominator, not a private database claim","2026-09-10T16:25:52.711Z"
"299","2","8913","8913","68416","68416","87930","81","81","0","0","0","72602","Complete live /filter pagination discovery: 8,913 distinct title records across 298 pages; current snapshot denominator, not a private database claim","2026-09-10T16:26:53.044Z"
"300","2","8913","8913","68823","68823","88464","81","81","0","0","0","72984","Complete live /filter pagination discovery: 8,913 distinct title records across 298 pages; current snapshot denominator, not a private database claim","2026-09-10T16:27:53.442Z"
"301","2","8913","8913","69610","69610","89392","81","81","0","0","0","73746","Complete live /filter pagination discovery: 8,913 distinct title records across 298 pages; current snapshot denominator, not a private database claim","2026-09-10T16:28:55.047Z"
"302","2","8913","8913","69984","69984","89830","81","81","0","0","0","74095","Complete live /filter pagination discovery: 8,913 distinct title records across 298 pages; current snapshot denominator, not a private database claim","2026-09-10T16:29:55.668Z"
"303","2","8913","8913","70265","70265","90204","81","81","0","0","0","74351","Complete live /filter pagination discovery: 8,913 distinct title records across 298 pages; current snapshot denominator, not a private database claim","2026-09-10T16:30:55.896Z"
"304","2","8913","8913","70883","70883","90876","81","81","0","0","0","74944","Complete live /filter pagination discovery: 8,913 distinct title records across 298 pages; current snapshot denominator, not a private database claim","2026-09-10T16:31:56.388Z"
"305","2","8913","8913","71359","71359","91502","81","81","0","0","0","75395","Complete live /filter pagination discovery: 8,913 distinct title records across 298 pages; current snapshot denominator, not a private database claim","2026-09-10T16:32:56.642Z"
"306","2","8913","8913","71627","71627","91855","81","81","0","0","0","75638","Complete live /filter pagination discovery: 8,913 distinct title records across 298 pages; current snapshot denominator, not a private database claim","2026-09-10T16:33:57.048Z"
"307","2","8913","8913","71914","71914","92199","81","81","0","0","0","75900","Complete live /filter pagination discovery: 8,913 distinct title records across 298 pages; current snapshot denominator, not a private database claim","2026-09-10T16:34:57.253Z"
"308","2","8913","8913","72294","72294","92617","81","81","0","0","0","76255","Complete live /filter pagination discovery: 8,913 distinct title records across 298 pages; current snapshot denominator, not a private database claim","2026-09-10T16:35:57.942Z"
"309","2","8913","8913","72630","72630","93060","81","81","0","0","0","76566","Complete live /filter pagination discovery: 8,913 distinct title records across 298 pages; current snapshot denominator, not a private database claim","2026-09-10T16:36:58.111Z"
"310","2","8913","8913","72961","72961","93462","81","81","0","0","0","76872","Complete live /filter pagination discovery: 8,913 distinct title records across 298 pages; current snapshot denominator, not a private database claim","2026-09-10T16:37:58.657Z"
"311","2","8913","8913","73448","73448","94074","81","81","0","0","0","77334","Complete live /filter pagination discovery: 8,913 distinct title records across 298 pages; current snapshot denominator, not a private database claim","2026-09-10T16:38:58.839Z"
"312","2","8913","8913","73732","73732","94473","81","81","0","0","0","77593","Complete live /filter pagination discovery: 8,913 distinct title records across 298 pages; current snapshot denominator, not a private database claim","2026-09-10T16:39:59.139Z"
"313","2","8913","8913","74329","74329","95137","81","81","0","0","0","78165","Complete live /filter pagination discovery: 8,913 distinct title records across 298 pages; current snapshot denominator, not a private database claim","2026-09-10T16:40:59.622Z"
"314","2","8913","8913","74658","74658","95596","81","81","0","0","0","78469","Complete live /filter pagination discovery: 8,913 distinct title records across 298 pages; current snapshot denominator, not a private database claim","2026-09-10T16:42:00.065Z"
"315","2","8913","8913","74978","74978","96030","81","81","0","0","0","78764","Complete live /filter pagination discovery: 8,913 distinct title records across 298 pages; current snapshot denominator, not a private database claim","2026-09-10T16:43:00.480Z"
"316","2","8913","8913","75437","75437","96673","81","81","0","0","0","79198","Complete live /filter pagination discovery: 8,913 distinct title records across 298 pages; current snapshot denominator, not a private database claim","2026-09-10T16:44:00.890Z"
"317","2","8913","8913","75761","75761","97076","81","81","0","0","0","79497","Complete live /filter pagination discovery: 8,913 distinct title records across 298 pages; current snapshot denominator, not a private database claim","2026-09-10T16:45:01.080Z"
"318","2","8913","8913","76132","76132","97537","81","81","0","0","0","79843","Complete live /filter pagination discovery: 8,913 distinct title records across 298 pages; current snapshot denominator, not a private database claim","2026-09-10T16:46:01.589Z"
"319","2","8913","8913","76398","76398","97909","81","81","0","0","0","80084","Complete live /filter pagination discovery: 8,913 distinct title records across 298 pages; current snapshot denominator, not a private database claim","2026-09-10T16:47:01.952Z"
"320","2","8913","8913","76821","76821","98505","81","81","0","0","0","80482","Complete live /filter pagination discovery: 8,913 distinct title records across 298 pages; current snapshot denominator, not a private database claim","2026-09-10T16:48:02.440Z"
"321","2","8913","8913","77186","77186","98905","81","81","0","0","0","80822","Complete live /filter pagination discovery: 8,913 distinct title records across 298 pages; current snapshot denominator, not a private database claim","2026-09-10T16:49:02.736Z"
"322","2","8913","8913","77613","77613","99460","81","81","0","0","0","81224","Complete live /filter pagination discovery: 8,913 distinct title records across 298 pages; current snapshot denominator, not a private database claim","2026-09-10T16:50:03.305Z"
"323","2","8913","8913","78348","78348","100295","81","81","0","0","0","81934","Complete live /filter pagination discovery: 8,913 distinct title records across 298 pages; current snapshot denominator, not a private database claim","2026-09-10T16:51:04.122Z"
"324","2","8913","8913","78749","78749","100793","81","81","0","0","0","82310","Complete live /filter pagination discovery: 8,913 distinct title records across 298 pages; current snapshot denominator, not a private database claim","2026-09-10T16:52:04.245Z"
"325","2","8913","8913","79110","79110","101274","81","81","0","0","0","82646","Complete live /filter pagination discovery: 8,913 distinct title records across 298 pages; current snapshot denominator, not a private database claim","2026-09-10T16:53:04.791Z"
"326","2","8913","8913","79595","79595","102002","81","81","0","0","0","83106","Complete live /filter pagination discovery: 8,913 distinct title records across 298 pages; current snapshot denominator, not a private database claim","2026-09-10T16:54:05.076Z"
"327","2","8913","8913","79969","79969","102482","81","81","0","0","0","83455","Complete live /filter pagination discovery: 8,913 distinct title records across 298 pages; current snapshot denominator, not a private database claim","2026-09-10T16:55:05.349Z"
"328","2","8913","8913","80432","80432","103065","81","81","0","0","0","83893","Complete live /filter pagination discovery: 8,913 distinct title records across 298 pages; current snapshot denominator, not a private database claim","2026-09-10T16:56:05.889Z"
"329","2","8913","8913","80820","80820","103568","81","81","0","0","0","84256","Complete live /filter pagination discovery: 8,913 distinct title records across 298 pages; current snapshot denominator, not a private database claim","2026-09-10T16:57:06.157Z"
"330","2","8913","8913","81201","81201","104089","81","81","0","0","0","84612","Complete live /filter pagination discovery: 8,913 distinct title records across 298 pages; current snapshot denominator, not a private database claim","2026-09-10T16:58:06.565Z"
"331","2","8913","8913","81492","81492","104447","81","81","0","0","0","84878","Complete live /filter pagination discovery: 8,913 distinct title records across 298 pages; current snapshot denominator, not a private database claim","2026-09-10T16:59:06.855Z"
"332","2","8913","8913","81757","81757","104801","81","81","0","0","0","85118","Complete live /filter pagination discovery: 8,913 distinct title records across 298 pages; current snapshot denominator, not a private database claim","2026-09-10T17:00:07.266Z"
"333","2","8913","8913","82116","82116","105247","81","81","0","0","0","85452","Complete live /filter pagination discovery: 8,913 distinct title records across 298 pages; current snapshot denominator, not a private database claim","2026-09-10T17:01:07.702Z"
"334","2","8913","8913","82488","82488","105780","81","81","0","0","0","85799","Complete live /filter pagination discovery: 8,913 distinct title records across 298 pages; current snapshot denominator, not a private database claim","2026-09-10T17:02:08.066Z"
"335","2","8913","8913","82697","82697","106096","81","81","0","0","0","85983","Complete live /filter pagination discovery: 8,913 distinct title records across 298 pages; current snapshot denominator, not a private database claim","2026-09-10T17:03:08.319Z"
"336","2","8913","8913","82950","82950","106443","81","81","0","0","0","86211","Complete live /filter pagination discovery: 8,913 distinct title records across 298 pages; current snapshot denominator, not a private database claim","2026-09-10T17:04:08.747Z"
"337","2","8913","8913","83220","83220","106861","81","81","0","0","0","86456","Complete live /filter pagination discovery: 8,913 distinct title records across 298 pages; current snapshot denominator, not a private database claim","2026-09-10T17:05:09.045Z"
"338","2","8913","8913","83783","83783","107469","81","81","0","0","0","86994","Complete live /filter pagination discovery: 8,913 distinct title records across 298 pages; current snapshot denominator, not a private database claim","2026-09-10T17:06:09.638Z"
"339","2","8913","8913","84151","84151","107922","81","81","0","0","0","87337","Complete live /filter pagination discovery: 8,913 distinct title records across 298 pages; current snapshot denominator, not a private database claim","2026-09-10T17:07:09.670Z"
"340","2","8913","8913","84490","84490","108329","81","81","0","0","0","87651","Complete live /filter pagination discovery: 8,913 distinct title records across 298 pages; current snapshot denominator, not a private database claim","2026-09-10T17:08:10.113Z"
"341","2","8913","8913","84914","84914","108846","81","81","0","0","0","88050","Complete live /filter pagination discovery: 8,913 distinct title records across 298 pages; current snapshot denominator, not a private database claim","2026-09-10T17:09:10.469Z"
"342","2","8913","8913","85206","85206","109195","81","81","0","0","0","88317","Complete live /filter pagination discovery: 8,913 distinct title records across 298 pages; current snapshot denominator, not a private database claim","2026-09-10T17:10:10.839Z"
"343","2","8913","8913","85476","85476","109593","81","81","0","0","0","88562","Complete live /filter pagination discovery: 8,913 distinct title records across 298 pages; current snapshot denominator, not a private database claim","2026-09-10T17:11:11.109Z"
"344","2","8913","8913","85835","85835","110146","81","81","0","0","0","88896","Complete live /filter pagination discovery: 8,913 distinct title records across 298 pages; current snapshot denominator, not a private database claim","2026-09-10T17:12:11.625Z"
"345","2","8913","8913","86133","86133","110565","81","81","0","0","0","89169","Complete live /filter pagination discovery: 8,913 distinct title records across 298 pages; current snapshot denominator, not a private database claim","2026-09-10T17:13:11.871Z"
"346","2","8913","8913","86544","86544","111210","81","81","0","0","0","89555","Complete live /filter pagination discovery: 8,913 distinct title records across 298 pages; current snapshot denominator, not a private database claim","2026-09-10T17:14:12.396Z"
"347","2","8913","8913","86980","86980","111801","81","81","0","0","0","89966","Complete live /filter pagination discovery: 8,913 distinct title records across 298 pages; current snapshot denominator, not a private database claim","2026-09-10T17:15:12.886Z"
"348","2","8913","8913","87199","87199","112085","81","81","0","0","0","90160","Complete live /filter pagination discovery: 8,913 distinct title records across 298 pages; current snapshot denominator, not a private database claim","2026-09-10T17:16:13.039Z"
"349","2","8913","8913","87574","87574","112550","81","81","0","0","0","90510","Complete live /filter pagination discovery: 8,913 distinct title records across 298 pages; current snapshot denominator, not a private database claim","2026-09-10T17:17:14.073Z"
"350","2","8913","8913","87933","87933","113036","81","81","0","0","0","90844","Complete live /filter pagination discovery: 8,913 distinct title records across 298 pages; current snapshot denominator, not a private database claim","2026-09-10T17:18:13.873Z"
"351","2","8913","8913","88270","88270","113432","81","81","0","0","0","91156","Complete live /filter pagination discovery: 8,913 distinct title records across 298 pages; current snapshot denominator, not a private database claim","2026-09-10T17:19:14.097Z"
"352","2","8913","8913","88632","88632","113927","81","81","0","0","0","91493","Complete live /filter pagination discovery: 8,913 distinct title records across 298 pages; current snapshot denominator, not a private database claim","2026-09-10T17:20:14.494Z"
"353","2","8913","8913","88944","88944","114415","81","81","0","0","0","91780","Complete live /filter pagination discovery: 8,913 distinct title records across 298 pages; current snapshot denominator, not a private database claim","2026-09-10T17:21:14.885Z"
"354","2","8913","8913","89277","89277","114855","81","81","0","0","0","92088","Complete live /filter pagination discovery: 8,913 distinct title records across 298 pages; current snapshot denominator, not a private database claim","2026-09-10T17:22:15.286Z"
"355","2","8913","8913","89581","89581","115261","81","81","0","0","0","92367","Complete live /filter pagination discovery: 8,913 distinct title records across 298 pages; current snapshot denominator, not a private database claim","2026-09-10T17:23:15.767Z"
"356","2","8913","8913","89910","89910","115697","81","81","0","0","0","92671","Complete live /filter pagination discovery: 8,913 distinct title records across 298 pages; current snapshot denominator, not a private database claim","2026-09-10T17:24:16.009Z"
"357","2","8913","8913","90448","90448","116549","81","81","0","0","0","93184","Complete live /filter pagination discovery: 8,913 distinct title records across 298 pages; current snapshot denominator, not a private database claim","2026-09-10T17:25:16.671Z"
"358","2","8913","8913","90791","90791","117013","81","81","0","0","0","93502","Complete live /filter pagination discovery: 8,913 distinct title records across 298 pages; current snapshot denominator, not a private database claim","2026-09-10T17:26:17.066Z"
"359","2","8913","8913","91122","91122","117435","81","81","0","0","0","93808","Complete live /filter pagination discovery: 8,913 distinct title records across 298 pages; current snapshot denominator, not a private database claim","2026-09-10T17:27:17.523Z"
"360","2","8913","8913","91423","91423","117884","81","81","0","0","0","94084","Complete live /filter pagination discovery: 8,913 distinct title records across 298 pages; current snapshot denominator, not a private database claim","2026-09-10T17:28:18.221Z"
"361","2","8913","8913","91699","91699","118263","81","81","0","0","0","94335","Complete live /filter pagination discovery: 8,913 distinct title records across 298 pages; current snapshot denominator, not a private database claim","2026-09-10T17:29:18.434Z"
"362","2","8913","8913","91936","91936","118585","81","81","0","0","0","94547","Complete live /filter pagination discovery: 8,913 distinct title records across 298 pages; current snapshot denominator, not a private database claim","2026-09-10T17:30:18.811Z"
"363","2","8913","8913","92279","92279","119001","81","81","0","0","0","94865","Complete live /filter pagination discovery: 8,913 distinct title records across 298 pages; current snapshot denominator, not a private database claim","2026-09-10T17:31:19.278Z"
"364","2","8913","8913","92541","92541","119359","81","81","0","0","0","95102","Complete live /filter pagination discovery: 8,913 distinct title records across 298 pages; current snapshot denominator, not a private database claim","2026-09-10T17:32:19.743Z"
"365","2","8913","8913","93207","93207","120283","81","81","0","0","0","95743","Complete live /filter pagination discovery: 8,913 distinct title records across 298 pages; current snapshot denominator, not a private database claim","2026-09-10T17:33:19.972Z"
"366","2","8913","8913","93521","93521","120739","81","81","0","0","0","96032","Complete live /filter pagination discovery: 8,913 distinct title records across 298 pages; current snapshot denominator, not a private database claim","2026-09-10T17:34:20.370Z"
"367","2","8913","8913","93929","93929","121299","81","81","0","0","0","96415","Complete live /filter pagination discovery: 8,913 distinct title records across 298 pages; current snapshot denominator, not a private database claim","2026-09-10T17:35:20.950Z"
"368","2","8913","8913","94204","94204","121718","81","81","0","0","0","96665","Complete live /filter pagination discovery: 8,913 distinct title records across 298 pages; current snapshot denominator, not a private database claim","2026-09-10T17:36:21.122Z"
"369","2","8913","8913","94738","94738","122705","81","81","0","0","0","97174","Complete live /filter pagination discovery: 8,913 distinct title records across 298 pages; current snapshot denominator, not a private database claim","2026-09-10T17:37:21.488Z"
"370","2","8913","8913","95337","95337","123531","81","81","0","0","0","97748","Complete live /filter pagination discovery: 8,913 distinct title records across 298 pages; current snapshot denominator, not a private database claim","2026-09-10T17:38:22.003Z"
"371","2","8913","8913","95845","95845","124219","81","81","0","0","0","98231","Complete live /filter pagination discovery: 8,913 distinct title records across 298 pages; current snapshot denominator, not a private database claim","2026-09-10T17:39:22.715Z"
"372","2","8913","8913","96189","96189","124666","81","81","0","0","0","98550","Complete live /filter pagination discovery: 8,913 distinct title records across 298 pages; current snapshot denominator, not a private database claim","2026-09-10T17:40:23.100Z"
"373","2","8913","8913","96523","96523","125091","81","81","0","0","0","98859","Complete live /filter pagination discovery: 8,913 distinct title records across 298 pages; current snapshot denominator, not a private database claim","2026-09-10T17:41:23.519Z"
"374","2","8913","8913","96906","96906","125623","81","81","0","0","0","99217","Complete live /filter pagination discovery: 8,913 distinct title records across 298 pages; current snapshot denominator, not a private database claim","2026-09-10T17:42:23.792Z"
"375","2","8913","8913","97308","97308","126180","81","81","0","0","0","99594","Complete live /filter pagination discovery: 8,913 distinct title records across 298 pages; current snapshot denominator, not a private database claim","2026-09-10T17:43:24.177Z"
"376","2","8913","8913","97690","97690","126704","81","81","0","0","0","99951","Complete live /filter pagination discovery: 8,913 distinct title records across 298 pages; current snapshot denominator, not a private database claim","2026-09-10T17:44:24.858Z"
"377","2","8913","8913","98002","98002","127086","81","81","0","0","0","100238","Complete live /filter pagination discovery: 8,913 distinct title records across 298 pages; current snapshot denominator, not a private database claim","2026-09-10T17:45:25.248Z"
"378","2","8913","8913","98474","98474","127669","81","81","0","0","0","100685","Complete live /filter pagination discovery: 8,913 distinct title records across 298 pages; current snapshot denominator, not a private database claim","2026-09-10T17:46:25.641Z"
"379","2","8913","8913","98917","98917","128350","81","81","0","0","0","101103","Complete live /filter pagination discovery: 8,913 distinct title records across 298 pages; current snapshot denominator, not a private database claim","2026-09-10T17:47:26.030Z"
"380","2","8913","8913","99361","99361","128932","81","81","0","0","0","101522","Complete live /filter pagination discovery: 8,913 distinct title records across 298 pages; current snapshot denominator, not a private database claim","2026-09-10T17:48:26.602Z"
"381","2","8913","8913","99719","99719","129394","81","81","0","0","0","101855","Complete live /filter pagination discovery: 8,913 distinct title records across 298 pages; current snapshot denominator, not a private database claim","2026-09-10T17:49:26.775Z"
"382","2","8913","8913","100090","100090","130058","81","81","0","0","0","102201","Complete live /filter pagination discovery: 8,913 distinct title records across 298 pages; current snapshot denominator, not a private database claim","2026-09-10T17:50:27.129Z"
"383","2","8913","8913","100363","100363","130493","81","81","0","0","0","102449","Complete live /filter pagination discovery: 8,913 distinct title records across 298 pages; current snapshot denominator, not a private database claim","2026-09-10T17:51:27.496Z"
"384","2","8913","8913","100712","100712","130978","81","81","0","0","0","102773","Complete live /filter pagination discovery: 8,913 distinct title records across 298 pages; current snapshot denominator, not a private database claim","2026-09-10T17:52:28.649Z"
"385","2","8913","8913","100990","100990","131334","81","81","0","0","0","103026","Complete live /filter pagination discovery: 8,913 distinct title records across 298 pages; current snapshot denominator, not a private database claim","2026-09-10T17:53:28.269Z"
"386","2","8913","8913","101335","101335","131799","81","81","0","0","0","103346","Complete live /filter pagination discovery: 8,913 distinct title records across 298 pages; current snapshot denominator, not a private database claim","2026-09-10T17:54:28.914Z"
"387","2","8913","8913","101806","101806","132470","81","81","0","0","0","103792","Complete live /filter pagination discovery: 8,913 distinct title records across 298 pages; current snapshot denominator, not a private database claim","2026-09-10T17:55:28.929Z"
"388","2","8913","8913","102246","102246","133030","81","81","0","0","0","104207","Complete live /filter pagination discovery: 8,913 distinct title records across 298 pages; current snapshot denominator, not a private database claim","2026-09-10T17:56:29.261Z"
"389","2","8913","8913","102590","102590","133583","81","81","0","0","0","104526","Complete live /filter pagination discovery: 8,913 distinct title records across 298 pages; current snapshot denominator, not a private database claim","2026-09-10T17:57:29.794Z"
"390","2","8913","8913","102850","102850","133973","81","81","0","0","0","104761","Complete live /filter pagination discovery: 8,913 distinct title records across 298 pages; current snapshot denominator, not a private database claim","2026-09-10T17:58:30.157Z"
"391","2","8913","8913","103121","103121","134373","81","81","0","0","0","105007","Complete live /filter pagination discovery: 8,913 distinct title records across 298 pages; current snapshot denominator, not a private database claim","2026-09-10T17:59:30.550Z"
"392","2","8913","8913","103570","103570","134973","81","81","0","0","0","105431","Complete live /filter pagination discovery: 8,913 distinct title records across 298 pages; current snapshot denominator, not a private database claim","2026-09-10T18:00:30.872Z"
"393","2","8913","8913","103979","103979","135524","81","81","0","0","0","105815","Complete live /filter pagination discovery: 8,913 distinct title records across 298 pages; current snapshot denominator, not a private database claim","2026-09-10T18:01:31.463Z"
"394","2","8913","8913","104244","104244","135906","81","81","0","0","0","106055","Complete live /filter pagination discovery: 8,913 distinct title records across 298 pages; current snapshot denominator, not a private database claim","2026-09-10T18:02:31.903Z"
"395","2","8913","8913","104585","104585","136374","81","81","0","0","0","106371","Complete live /filter pagination discovery: 8,913 distinct title records across 298 pages; current snapshot denominator, not a private database claim","2026-09-10T18:03:32.074Z"
"396","2","8913","8913","105043","105043","137023","81","81","0","0","0","106804","Complete live /filter pagination discovery: 8,913 distinct title records across 298 pages; current snapshot denominator, not a private database claim","2026-09-10T18:04:32.685Z"
"397","2","8913","8913","105299","105299","137412","81","81","0","0","0","107035","Complete live /filter pagination discovery: 8,913 distinct title records across 298 pages; current snapshot denominator, not a private database claim","2026-09-10T18:05:32.969Z"
"398","2","8913","8913","105539","105539","137782","81","81","0","0","0","107250","Complete live /filter pagination discovery: 8,913 distinct title records across 298 pages; current snapshot denominator, not a private database claim","2026-09-10T18:06:33.362Z"
"399","2","8913","8913","105952","105952","138323","81","81","0","0","0","107638","Complete live /filter pagination discovery: 8,913 distinct title records across 298 pages; current snapshot denominator, not a private database claim","2026-09-10T18:07:33.840Z"
"400","2","8913","8913","106236","106236","138677","81","81","0","0","0","107897","Complete live /filter pagination discovery: 8,913 distinct title records across 298 pages; current snapshot denominator, not a private database claim","2026-09-10T18:08:34.248Z"
"401","2","8913","8913","106558","106558","139077","81","81","0","0","0","108194","Complete live /filter pagination discovery: 8,913 distinct title records across 298 pages; current snapshot denominator, not a private database claim","2026-09-10T18:09:34.576Z"
"402","2","8913","8913","106819","106819","139465","81","81","0","0","0","108430","Complete live /filter pagination discovery: 8,913 distinct title records across 298 pages; current snapshot denominator, not a private database claim","2026-09-10T18:10:35.026Z"
"403","2","8913","8913","107157","107157","139979","81","81","0","0","0","108743","Complete live /filter pagination discovery: 8,913 distinct title records across 298 pages; current snapshot denominator, not a private database claim","2026-09-10T18:11:35.271Z"
"404","2","8913","8913","107518","107518","140430","81","81","0","0","0","109079","Complete live /filter pagination discovery: 8,913 distinct title records across 298 pages; current snapshot denominator, not a private database claim","2026-09-10T18:12:35.668Z"
"405","2","8913","8913","107886","107886","140954","81","81","0","0","0","109422","Complete live /filter pagination discovery: 8,913 distinct title records across 298 pages; current snapshot denominator, not a private database claim","2026-09-10T18:13:35.977Z"
"406","2","8913","8913","108350","108350","141759","81","81","0","0","0","109861","Complete live /filter pagination discovery: 8,913 distinct title records across 298 pages; current snapshot denominator, not a private database claim","2026-09-10T18:14:36.326Z"
"407","2","8913","8913","108660","108660","142296","81","81","0","0","0","110146","Complete live /filter pagination discovery: 8,913 distinct title records across 298 pages; current snapshot denominator, not a private database claim","2026-09-10T18:15:36.832Z"
"408","2","8913","8913","109233","109233","143201","81","81","0","0","0","110694","Complete live /filter pagination discovery: 8,913 distinct title records across 298 pages; current snapshot denominator, not a private database claim","2026-09-10T18:16:37.078Z"
"409","2","8913","8913","109760","109760","144190","81","81","0","0","0","111196","Complete live /filter pagination discovery: 8,913 distinct title records across 298 pages; current snapshot denominator, not a private database claim","2026-09-10T18:17:37.581Z"
"410","2","8913","8913","110144","110144","144878","81","81","0","0","0","111555","Complete live /filter pagination discovery: 8,913 distinct title records across 298 pages; current snapshot denominator, not a private database claim","2026-09-10T18:18:37.892Z"
"411","2","8913","8913","110970","110970","146455","81","81","0","0","0","112356","Complete live /filter pagination discovery: 8,913 distinct title records across 298 pages; current snapshot denominator, not a private database claim","2026-09-10T18:19:40.604Z"
"412","2","8913","8913","111630","111630","147646","81","81","0","0","0","112991","Complete live /filter pagination discovery: 8,913 distinct title records across 298 pages; current snapshot denominator, not a private database claim","2026-09-10T18:20:42.801Z"
"413","2","8913","8913","111984","111984","148298","81","81","0","0","0","113320","Complete live /filter pagination discovery: 8,913 distinct title records across 298 pages; current snapshot denominator, not a private database claim","2026-09-10T18:21:42.157Z"
"414","2","8913","8913","112425","112425","149022","81","81","0","0","0","113736","Complete live /filter pagination discovery: 8,913 distinct title records across 298 pages; current snapshot denominator, not a private database claim","2026-09-10T18:22:42.489Z"
"415","2","8913","8913","112720","112720","149523","81","81","0","0","0","114006","Complete live /filter pagination discovery: 8,913 distinct title records across 298 pages; current snapshot denominator, not a private database claim","2026-09-10T18:23:42.740Z"
"416","2","8913","8913","113280","113280","150381","81","81","0","0","0","114541","Complete live /filter pagination discovery: 8,913 distinct title records across 298 pages; current snapshot denominator, not a private database claim","2026-09-10T18:24:44.508Z"
"417","2","8913","8913","113724","113724","151238","81","81","0","0","0","114960","Complete live /filter pagination discovery: 8,913 distinct title records across 298 pages; current snapshot denominator, not a private database claim","2026-09-10T18:25:43.781Z"
"418","2","8913","8913","114000","114000","151662","81","81","0","0","0","115211","Complete live /filter pagination discovery: 8,913 distinct title records across 298 pages; current snapshot denominator, not a private database claim","2026-09-10T18:26:44.170Z"
"419","2","8913","8913","114350","114350","152233","81","81","0","0","0","115536","Complete live /filter pagination discovery: 8,913 distinct title records across 298 pages; current snapshot denominator, not a private database claim","2026-09-10T18:27:44.530Z"
"420","2","8913","8913","114759","114759","152826","81","81","0","0","0","115920","Complete live /filter pagination discovery: 8,913 distinct title records across 298 pages; current snapshot denominator, not a private database claim","2026-09-10T18:28:44.928Z"
"421","2","8913","8913","115226","115226","153668","81","81","0","0","0","116362","Complete live /filter pagination discovery: 8,913 distinct title records across 298 pages; current snapshot denominator, not a private database claim","2026-09-10T18:29:45.187Z"
"422","2","8913","8913","115659","115659","154408","81","81","0","0","0","116770","Complete live /filter pagination discovery: 8,913 distinct title records across 298 pages; current snapshot denominator, not a private database claim","2026-09-10T18:30:45.747Z"
"423","2","8913","8913","116165","116165","155148","81","81","0","0","0","117251","Complete live /filter pagination discovery: 8,913 distinct title records across 298 pages; current snapshot denominator, not a private database claim","2026-09-10T18:31:46.037Z"
"424","2","8913","8913","116438","116438","155613","81","81","0","0","0","117499","Complete live /filter pagination discovery: 8,913 distinct title records across 298 pages; current snapshot denominator, not a private database claim","2026-09-10T18:32:46.382Z"
"425","2","8913","8913","117010","117010","156369","81","81","0","0","0","118046","Complete live /filter pagination discovery: 8,913 distinct title records across 298 pages; current snapshot denominator, not a private database claim","2026-09-10T18:33:46.777Z"
"426","2","8913","8913","117392","117392","157006","81","81","0","0","0","118403","Complete live /filter pagination discovery: 8,913 distinct title records across 298 pages; current snapshot denominator, not a private database claim","2026-09-10T18:34:47.110Z"
"427","2","8913","8913","117772","117772","157546","81","81","0","0","0","118758","Complete live /filter pagination discovery: 8,913 distinct title records across 298 pages; current snapshot denominator, not a private database claim","2026-09-10T18:35:47.504Z"
"428","2","8913","8913","118550","118550","158860","81","81","0","0","0","119511","Complete live /filter pagination discovery: 8,913 distinct title records across 298 pages; current snapshot denominator, not a private database claim","2026-09-10T18:36:49.635Z"
"429","2","8913","8913","118828","118828","159267","81","81","0","0","0","119764","Complete live /filter pagination discovery: 8,913 distinct title records across 298 pages; current snapshot denominator, not a private database claim","2026-09-10T18:37:49.834Z"
"430","2","8913","8913","119037","119037","159581","81","81","0","0","0","119948","Complete live /filter pagination discovery: 8,913 distinct title records across 298 pages; current snapshot denominator, not a private database claim","2026-09-10T18:38:50.197Z"
"431","2","8913","8913","119544","119544","160225","81","81","0","0","0","120430","Complete live /filter pagination discovery: 8,913 distinct title records across 298 pages; current snapshot denominator, not a private database claim","2026-09-10T18:39:51.698Z"
"432","2","8913","8913","120013","120013","161020","81","81","0","0","0","120874","Complete live /filter pagination discovery: 8,913 distinct title records across 298 pages; current snapshot denominator, not a private database claim","2026-09-10T18:40:52.870Z"
"433","2","8913","8913","120422","120422","161694","81","81","0","0","0","121258","Complete live /filter pagination discovery: 8,913 distinct title records across 298 pages; current snapshot denominator, not a private database claim","2026-09-10T18:41:52.820Z"
"434","2","8913","8913","120891","120891","162333","81","81","0","0","0","121702","Complete live /filter pagination discovery: 8,913 distinct title records across 298 pages; current snapshot denominator, not a private database claim","2026-09-10T18:42:53.241Z"
"435","2","8913","8913","121156","121156","162785","81","81","0","0","0","121942","Complete live /filter pagination discovery: 8,913 distinct title records across 298 pages; current snapshot denominator, not a private database claim","2026-09-10T18:43:53.579Z"
"436","2","8913","8913","121657","121657","163631","81","81","0","0","0","122418","Complete live /filter pagination discovery: 8,913 distinct title records across 298 pages; current snapshot denominator, not a private database claim","2026-09-10T18:44:54.214Z"
"437","2","8913","8913","122274","122274","164658","81","81","0","0","0","123010","Complete live /filter pagination discovery: 8,913 distinct title records across 298 pages; current snapshot denominator, not a private database claim","2026-09-10T18:45:54.271Z"
"438","2","8913","8913","122742","122742","165446","81","81","0","0","0","123453","Complete live /filter pagination discovery: 8,913 distinct title records across 298 pages; current snapshot denominator, not a private database claim","2026-09-10T18:46:54.799Z"
"439","2","8913","8913","122930","122930","165790","81","81","0","0","0","123616","Complete live /filter pagination discovery: 8,913 distinct title records across 298 pages; current snapshot denominator, not a private database claim","2026-09-10T18:47:55.080Z"
"440","2","8913","8913","123376","123376","166428","81","81","0","0","0","124037","Complete live /filter pagination discovery: 8,913 distinct title records across 298 pages; current snapshot denominator, not a private database claim","2026-09-10T18:48:55.933Z"
"441","2","8913","8913","124032","124032","167346","81","81","0","0","0","124668","Complete live /filter pagination discovery: 8,913 distinct title records across 298 pages; current snapshot denominator, not a private database claim","2026-09-10T18:49:56.423Z"
"442","2","8913","8913","124569","124569","168183","81","81","0","0","0","125180","Complete live /filter pagination discovery: 8,913 distinct title records across 298 pages; current snapshot denominator, not a private database claim","2026-09-10T18:50:56.638Z"
"443","2","8913","8913","125050","125050","168852","81","81","0","0","0","125636","Complete live /filter pagination discovery: 8,913 distinct title records across 298 pages; current snapshot denominator, not a private database claim","2026-09-10T18:51:57.596Z"
"444","2","8913","8913","125255","125255","169227","81","81","0","0","0","125819","Complete live /filter pagination discovery: 8,913 distinct title records across 298 pages; current snapshot denominator, not a private database claim","2026-09-10T18:53:55.576Z"
"445","2","8913","8913","125297","125297","169299","81","81","0","1","0","125857","Complete live /filter pagination discovery: 8,913 distinct title records across 298 pages; current snapshot denominator, not a private database claim","2026-09-10T18:56:34.513Z"
"446","2","8913","8913","125310","125310","169325","81","81","0","8","0","125861","Complete live /filter pagination discovery: 8,913 distinct title records across 298 pages; current snapshot denominator, not a private database claim","2026-09-10T19:01:21.699Z"
"447","2","8913","8913","125374","125374","169449","81","81","0","12","0","125916","Complete live /filter pagination discovery: 8,913 distinct title records across 298 pages; current snapshot denominator, not a private database claim","2026-09-10T19:07:04.227Z"
"448","2","8913","8913","125471","125471","169613","81","81","0","14","0","125999","Complete live /filter pagination discovery: 8,913 distinct title records across 298 pages; current snapshot denominator, not a private database claim","2026-09-10T19:11:26.155Z"
"449","2","8913","8913","125600","125600","169844","81","81","0","15","0","126120","Complete live /filter pagination discovery: 8,913 distinct title records across 298 pages; current snapshot denominator, not a private database claim","2026-09-10T19:16:30.549Z"
"450","2","8913","8913","125900","125900","170343","81","81","0","16","0","126403","Complete live /filter pagination discovery: 8,913 distinct title records across 298 pages; current snapshot denominator, not a private database claim","2026-09-10T19:18:03.014Z"
"451","2","8913","8913","126297","126297","170921","81","81","0","16","0","126775","Complete live /filter pagination discovery: 8,913 distinct title records across 298 pages; current snapshot denominator, not a private database claim","2026-09-10T19:19:05.160Z"
"452","2","8913","8913","127155","127155","172042","81","81","0","16","0","127608","Complete live /filter pagination discovery: 8,913 distinct title records across 298 pages; current snapshot denominator, not a private database claim","2026-09-10T19:20:07.342Z"
"453","2","8913","8913","127464","127464","172505","81","81","0","16","0","127892","Complete live /filter pagination discovery: 8,913 distinct title records across 298 pages; current snapshot denominator, not a private database claim","2026-09-10T19:21:07.824Z"
"454","2","8913","8913","127921","127921","173258","81","81","0","16","0","128324","Complete live /filter pagination discovery: 8,913 distinct title records across 298 pages; current snapshot denominator, not a private database claim","2026-09-10T19:22:08.382Z"
"455","2","8913","8913","128413","128413","174008","81","81","0","16","0","128791","Complete live /filter pagination discovery: 8,913 distinct title records across 298 pages; current snapshot denominator, not a private database claim","2026-09-10T19:23:08.898Z"
"456","2","8913","8913","128796","128796","174540","81","81","0","16","0","129149","Complete live /filter pagination discovery: 8,913 distinct title records across 298 pages; current snapshot denominator, not a private database claim","2026-09-10T19:24:09.786Z"
"457","2","8913","8913","129120","129120","175030","81","81","0","16","0","129448","Complete live /filter pagination discovery: 8,913 distinct title records across 298 pages; current snapshot denominator, not a private database claim","2026-09-10T19:25:10.355Z"
"458","2","8913","8913","129885","129885","176318","81","81","0","16","0","130188","Complete live /filter pagination discovery: 8,913 distinct title records across 298 pages; current snapshot denominator, not a private database claim","2026-09-10T19:26:12.120Z"
"459","2","8913","8913","130258","130258","176862","81","81","0","16","0","130536","Complete live /filter pagination discovery: 8,913 distinct title records across 298 pages; current snapshot denominator, not a private database claim","2026-09-10T19:27:12.614Z"
"460","2","8913","8913","130679","130679","177558","81","81","0","16","0","130932","Complete live /filter pagination discovery: 8,913 distinct title records across 298 pages; current snapshot denominator, not a private database claim","2026-09-10T19:28:13.288Z"
"461","2","8913","8913","130958","130958","177974","81","81","0","16","0","131186","Complete live /filter pagination discovery: 8,913 distinct title records across 298 pages; current snapshot denominator, not a private database claim","2026-09-10T19:29:13.214Z"
"462","2","8913","8913","131300","131300","178467","81","81","0","16","0","131503","Complete live /filter pagination discovery: 8,913 distinct title records across 298 pages; current snapshot denominator, not a private database claim","2026-09-10T19:30:13.636Z"
"463","2","8913","8913","131741","131741","179106","81","81","0","16","0","131919","Complete live /filter pagination discovery: 8,913 distinct title records across 298 pages; current snapshot denominator, not a private database claim","2026-09-10T19:31:14.319Z"
"464","2","8913","8913","132025","132025","179577","81","81","0","16","0","132178","Complete live /filter pagination discovery: 8,913 distinct title records across 298 pages; current snapshot denominator, not a private database claim","2026-09-10T19:32:14.522Z"
"465","2","8913","8913","132495","132495","180156","81","81","0","16","0","132623","Complete live /filter pagination discovery: 8,913 distinct title records across 298 pages; current snapshot denominator, not a private database claim","2026-09-10T19:33:14.946Z"
"466","2","8913","8913","132846","132846","180596","81","81","0","16","0","132949","Complete live /filter pagination discovery: 8,913 distinct title records across 298 pages; current snapshot denominator, not a private database claim","2026-09-10T19:34:15.352Z"
"467","2","8913","8913","133169","133169","181207","81","81","0","16","0","133247","Complete live /filter pagination discovery: 8,913 distinct title records across 298 pages; current snapshot denominator, not a private database claim","2026-09-10T19:35:15.675Z"
"468","2","8913","8913","133438","133438","181596","81","81","0","16","0","133491","Complete live /filter pagination discovery: 8,913 distinct title records across 298 pages; current snapshot denominator, not a private database claim","2026-09-10T19:36:16.061Z"
"469","2","8913","8913","134002","134002","182470","81","81","0","16","0","134030","Complete live /filter pagination discovery: 8,913 distinct title records across 298 pages; current snapshot denominator, not a private database claim","2026-09-10T19:37:17.056Z"
"470","2","8913","8913","134668","134668","183532","81","81","0","16","0","134671","Complete live /filter pagination discovery: 8,913 distinct title records across 298 pages; current snapshot denominator, not a private database claim","2026-09-10T19:38:17.535Z"
"471","2","8913","8913","134694","134694","183577","81","81","0","16","0","134672","Complete live /filter pagination discovery: 8,913 distinct title records across 298 pages; current snapshot denominator, not a private database claim","2026-09-10T19:38:51.310Z"
"472","2","8913","8913","134694","134694","183577","189","189","0","16","0","134647","Complete live /filter pagination discovery: 8,913 distinct title records across 298 pages; current snapshot denominator, not a private database claim","2026-09-10T19:39:21.518Z"
"473","2","8913","8913","134694","134694","183577","309","309","0","16","0","134622","Complete live /filter pagination discovery: 8,913 distinct title records across 298 pages; current snapshot denominator, not a private database claim","2026-09-10T19:39:51.656Z"
"474","2","8913","8913","134694","134694","183577","393","393","0","16","0","134597","Complete live /filter pagination discovery: 8,913 distinct title records across 298 pages; current snapshot denominator, not a private database claim","2026-09-10T19:40:21.853Z"
"475","2","8913","8913","134694","134694","183577","468","468","0","16","0","134572","Complete live /filter pagination discovery: 8,913 distinct title records across 298 pages; current snapshot denominator, not a private database claim","2026-09-10T19:40:51.963Z"
"476","2","8913","8913","134694","134694","183577","603","603","0","16","0","134547","Complete live /filter pagination discovery: 8,913 distinct title records across 298 pages; current snapshot denominator, not a private database claim","2026-09-10T19:41:22.123Z"
"477","2","8913","8913","134694","134694","183577","705","705","0","16","0","134522","Complete live /filter pagination discovery: 8,913 distinct title records across 298 pages; current snapshot denominator, not a private database claim","2026-09-10T19:41:52.202Z"
"478","2","8913","8913","134694","134694","183577","807","807","0","16","0","134497","Complete live /filter pagination discovery: 8,913 distinct title records across 298 pages; current snapshot denominator, not a private database claim","2026-09-10T19:42:22.545Z"
"479","2","8913","8913","134694","134694","183577","927","927","0","16","0","134472","Complete live /filter pagination discovery: 8,913 distinct title records across 298 pages; current snapshot denominator, not a private database claim","2026-09-10T19:42:52.736Z"
"480","2","8913","8913","134694","134694","183577","1026","1026","0","16","0","134447","Complete live /filter pagination discovery: 8,913 distinct title records across 298 pages; current snapshot denominator, not a private database claim","2026-09-10T19:43:22.764Z"
"481","2","8913","8913","134694","134694","183577","1107","1107","0","16","0","134422","Complete live /filter pagination discovery: 8,913 distinct title records across 298 pages; current snapshot denominator, not a private database claim","2026-09-10T19:43:53.142Z"
"482","2","8913","8913","134694","134694","183577","1194","1194","0","16","0","134397","Complete live /filter pagination discovery: 8,913 distinct title records across 298 pages; current snapshot denominator, not a private database claim","2026-09-10T19:44:23.275Z"
"483","2","8913","8913","134694","134694","183577","1287","1287","0","16","0","134372","Complete live /filter pagination discovery: 8,913 distinct title records across 298 pages; current snapshot denominator, not a private database claim","2026-09-10T19:44:53.486Z"
"484","2","8913","8913","134694","134694","183577","1371","1371","0","16","0","134347","Complete live /filter pagination discovery: 8,913 distinct title records across 298 pages; current snapshot denominator, not a private database claim","2026-09-10T19:45:23.461Z"
"485","2","8913","8913","134694","134694","183577","1464","1464","0","16","0","134322","Complete live /filter pagination discovery: 8,913 distinct title records across 298 pages; current snapshot denominator, not a private database claim","2026-09-10T19:45:53.842Z"
"486","2","8913","8913","134694","134694","183577","1572","1572","0","16","0","134297","Complete live /filter pagination discovery: 8,913 distinct title records across 298 pages; current snapshot denominator, not a private database claim","2026-09-10T19:46:23.959Z"
"487","2","8913","8913","134694","134694","183577","1677","1677","0","16","0","134272","Complete live /filter pagination discovery: 8,913 distinct title records across 298 pages; current snapshot denominator, not a private database claim","2026-09-10T19:46:53.986Z"
"488","2","8913","8913","134694","134694","183577","1776","1776","0","16","0","134247","Complete live /filter pagination discovery: 8,913 distinct title records across 298 pages; current snapshot denominator, not a private database claim","2026-09-10T19:47:24.267Z"
"489","2","8913","8913","134694","134694","183577","1857","1857","0","16","0","134222","Complete live /filter pagination discovery: 8,913 distinct title records across 298 pages; current snapshot denominator, not a private database claim","2026-09-10T19:47:54.421Z"
"490","2","8913","8913","134694","134694","183577","1932","1932","0","16","0","134197","Complete live /filter pagination discovery: 8,913 distinct title records across 298 pages; current snapshot denominator, not a private database claim","2026-09-10T19:48:24.558Z"
"491","2","8913","8913","134694","134694","183577","2052","2052","0","16","0","134172","Complete live /filter pagination discovery: 8,913 distinct title records across 298 pages; current snapshot denominator, not a private database claim","2026-09-10T19:48:54.738Z"
"492","2","8913","8913","134694","134694","183577","2152","2152","0","16","0","134147","Complete live /filter pagination discovery: 8,913 distinct title records across 298 pages; current snapshot denominator, not a private database claim","2026-09-10T19:49:24.926Z"
"493","2","8913","8913","134694","134694","183577","2252","2252","0","16","0","134122","Complete live /filter pagination discovery: 8,913 distinct title records across 298 pages; current snapshot denominator, not a private database claim","2026-09-10T19:49:55.145Z"
"494","2","8913","8913","134694","134694","183577","2352","2352","0","16","0","134097","Complete live /filter pagination discovery: 8,913 distinct title records across 298 pages; current snapshot denominator, not a private database claim","2026-09-10T19:50:25.239Z"
"495","2","8913","8913","134694","134694","183577","2452","2452","0","16","0","134072","Complete live /filter pagination discovery: 8,913 distinct title records across 298 pages; current snapshot denominator, not a private database claim","2026-09-10T19:50:55.460Z"
"496","2","8913","8913","134694","134694","183577","2552","2552","0","16","0","134047","Complete live /filter pagination discovery: 8,913 distinct title records across 298 pages; current snapshot denominator, not a private database claim","2026-09-10T19:51:25.657Z"
"497","2","8913","8913","134694","134694","183577","2652","2652","0","16","0","134022","Complete live /filter pagination discovery: 8,913 distinct title records across 298 pages; current snapshot denominator, not a private database claim","2026-09-10T19:51:55.826Z"
"498","2","8913","8913","134694","134694","183577","2752","2752","0","16","0","133997","Complete live /filter pagination discovery: 8,913 distinct title records across 298 pages; current snapshot denominator, not a private database claim","2026-09-10T19:52:26.039Z"
"499","2","8913","8913","134694","134694","183577","2852","2852","0","16","0","133972","Complete live /filter pagination discovery: 8,913 distinct title records across 298 pages; current snapshot denominator, not a private database claim","2026-09-10T19:52:56.317Z"
"500","2","8913","8913","134694","134694","183577","2952","2952","0","16","0","133947","Complete live /filter pagination discovery: 8,913 distinct title records across 298 pages; current snapshot denominator, not a private database claim","2026-09-10T19:53:26.431Z"
"501","2","8913","8913","134694","134694","183577","3052","3052","0","16","0","133922","Complete live /filter pagination discovery: 8,913 distinct title records across 298 pages; current snapshot denominator, not a private database claim","2026-09-10T19:53:56.628Z"
"502","2","8913","8913","134694","134694","183577","3152","3152","0","16","0","133897","Complete live /filter pagination discovery: 8,913 distinct title records across 298 pages; current snapshot denominator, not a private database claim","2026-09-10T19:54:26.683Z"
"503","2","8913","8913","134694","134694","183577","3252","3252","0","16","0","133872","Complete live /filter pagination discovery: 8,913 distinct title records across 298 pages; current snapshot denominator, not a private database claim","2026-09-10T19:54:57.015Z"
"504","2","8913","8913","134694","134694","183577","3352","3352","0","16","0","133847","Complete live /filter pagination discovery: 8,913 distinct title records across 298 pages; current snapshot denominator, not a private database claim","2026-09-10T19:55:27.136Z"
"505","2","8913","8913","134694","134694","183577","3452","3452","0","16","0","133822","Complete live /filter pagination discovery: 8,913 distinct title records across 298 pages; current snapshot denominator, not a private database claim","2026-09-10T19:55:57.305Z"
"506","2","8913","8913","134694","134694","183577","3552","3552","0","16","0","133797","Complete live /filter pagination discovery: 8,913 distinct title records across 298 pages; current snapshot denominator, not a private database claim","2026-09-10T19:56:27.463Z"
"507","2","8913","8913","134694","134694","183577","3652","3652","0","16","0","133772","Complete live /filter pagination discovery: 8,913 distinct title records across 298 pages; current snapshot denominator, not a private database claim","2026-09-10T19:56:57.658Z"
"508","2","8913","8913","134694","134694","183577","3752","3752","0","16","0","133747","Complete live /filter pagination discovery: 8,913 distinct title records across 298 pages; current snapshot denominator, not a private database claim","2026-09-10T19:57:27.844Z"
"509","2","8913","8913","134694","134694","183577","3852","3852","0","16","0","133722","Complete live /filter pagination discovery: 8,913 distinct title records across 298 pages; current snapshot denominator, not a private database claim","2026-09-10T19:57:58.052Z"
"510","2","8913","8913","134694","134694","183577","3952","3952","0","16","0","133697","Complete live /filter pagination discovery: 8,913 distinct title records across 298 pages; current snapshot denominator, not a private database claim","2026-09-10T19:58:28.237Z"
"511","2","8913","8913","134694","134694","183577","4053","4053","0","16","0","133672","Complete live /filter pagination discovery: 8,913 distinct title records across 298 pages; current snapshot denominator, not a private database claim","2026-09-10T19:58:58.406Z"
"512","2","8913","8913","134694","134694","183577","4153","4153","0","16","0","133647","Complete live /filter pagination discovery: 8,913 distinct title records across 298 pages; current snapshot denominator, not a private database claim","2026-09-10T19:59:28.632Z"
"513","2","8913","8913","134694","134694","183577","4254","4254","0","16","0","133622","Complete live /filter pagination discovery: 8,913 distinct title records across 298 pages; current snapshot denominator, not a private database claim","2026-09-10T19:59:58.795Z"
"514","2","8913","8913","134694","134694","183577","4355","4355","0","16","0","133597","Complete live /filter pagination discovery: 8,913 distinct title records across 298 pages; current snapshot denominator, not a private database claim","2026-09-10T20:00:29.024Z"
"515","2","8913","8913","134694","134694","183577","4455","4455","0","16","0","133572","Complete live /filter pagination discovery: 8,913 distinct title records across 298 pages; current snapshot denominator, not a private database claim","2026-09-10T20:00:59.230Z"
"516","2","8913","8913","134694","134694","183577","4555","4555","0","16","0","133547","Complete live /filter pagination discovery: 8,913 distinct title records across 298 pages; current snapshot denominator, not a private database claim","2026-09-10T20:01:29.403Z"
"517","2","8913","8913","134694","134694","183577","4655","4655","0","16","0","133522","Complete live /filter pagination discovery: 8,913 distinct title records across 298 pages; current snapshot denominator, not a private database claim","2026-09-10T20:01:59.618Z"
"518","2","8913","8913","134694","134694","183577","4755","4755","0","16","0","133497","Complete live /filter pagination discovery: 8,913 distinct title records across 298 pages; current snapshot denominator, not a private database claim","2026-09-10T20:02:29.802Z"
"519","2","8913","8913","134694","134694","183577","4855","4855","0","16","0","133472","Complete live /filter pagination discovery: 8,913 distinct title records across 298 pages; current snapshot denominator, not a private database claim","2026-09-10T20:02:59.867Z"
"520","2","8913","8913","134694","134694","183577","4955","4955","0","16","0","133447","Complete live /filter pagination discovery: 8,913 distinct title records across 298 pages; current snapshot denominator, not a private database claim","2026-09-10T20:03:30.161Z"
"521","2","8913","8913","134694","134694","183577","5055","5055","0","16","0","133422","Complete live /filter pagination discovery: 8,913 distinct title records across 298 pages; current snapshot denominator, not a private database claim","2026-09-10T20:04:00.370Z"
"522","2","8913","8913","134694","134694","183577","5155","5155","0","16","0","133397","Complete live /filter pagination discovery: 8,913 distinct title records across 298 pages; current snapshot denominator, not a private database claim","2026-09-10T20:04:30.450Z"
"523","2","8913","8913","134694","134694","183577","5255","5255","0","16","0","133372","Complete live /filter pagination discovery: 8,913 distinct title records across 298 pages; current snapshot denominator, not a private database claim","2026-09-10T20:05:00.764Z"
"524","2","8913","8913","134694","134694","183577","5355","5355","0","16","0","133347","Complete live /filter pagination discovery: 8,913 distinct title records across 298 pages; current snapshot denominator, not a private database claim","2026-09-10T20:05:30.971Z"
"525","2","8913","8913","134694","134694","183577","5455","5455","0","16","0","133322","Complete live /filter pagination discovery: 8,913 distinct title records across 298 pages; current snapshot denominator, not a private database claim","2026-09-10T20:06:01.212Z"
"526","2","8913","8913","134694","134694","183577","5555","5555","0","16","0","133297","Complete live /filter pagination discovery: 8,913 distinct title records across 298 pages; current snapshot denominator, not a private database claim","2026-09-10T20:06:31.394Z"
"527","2","8913","8913","134694","134694","183577","5655","5655","0","16","0","133272","Complete live /filter pagination discovery: 8,913 distinct title records across 298 pages; current snapshot denominator, not a private database claim","2026-09-10T20:07:01.501Z"
"528","2","8913","8913","134694","134694","183577","5755","5755","0","16","0","133247","Complete live /filter pagination discovery: 8,913 distinct title records across 298 pages; current snapshot denominator, not a private database claim","2026-09-10T20:07:31.807Z"
"529","2","8913","8913","134694","134694","183577","5855","5855","0","16","0","133222","Complete live /filter pagination discovery: 8,913 distinct title records across 298 pages; current snapshot denominator, not a private database claim","2026-09-10T20:08:01.974Z"
"530","2","8913","8913","134824","134824","183768","5891","5891","0","0","0","133343","Complete live /filter pagination discovery: 8,913 distinct title records across 298 pages; current snapshot denominator, not a private database claim","2026-09-10T20:08:51.472Z"
"531","2","8913","8913","134824","134824","183768","5991","5991","0","0","0","133318","Complete live /filter pagination discovery: 8,913 distinct title records across 298 pages; current snapshot denominator, not a private database claim","2026-09-10T20:09:21.652Z"
"532","2","8913","8913","134824","134824","183768","6091","6091","0","0","0","133293","Complete live /filter pagination discovery: 8,913 distinct title records across 298 pages; current snapshot denominator, not a private database claim","2026-09-10T20:09:51.879Z"
"533","2","8913","8913","134824","134824","183768","6191","6191","0","0","0","133268","Complete live /filter pagination discovery: 8,913 distinct title records across 298 pages; current snapshot denominator, not a private database claim","2026-09-10T20:10:21.913Z"
"534","2","8913","8913","134824","134824","183768","6291","6291","0","0","0","133243","Complete live /filter pagination discovery: 8,913 distinct title records across 298 pages; current snapshot denominator, not a private database claim","2026-09-10T20:10:52.222Z"
"535","2","8913","8913","134824","134824","183768","6391","6391","0","0","0","133218","Complete live /filter pagination discovery: 8,913 distinct title records across 298 pages; current snapshot denominator, not a private database claim","2026-09-10T20:11:22.415Z"
"536","2","8913","8913","134824","134824","183768","6495","6495","0","0","0","133193","Complete live /filter pagination discovery: 8,913 distinct title records across 298 pages; current snapshot denominator, not a private database claim","2026-09-10T20:11:52.626Z"
"537","2","8913","8913","134824","134824","183768","6645","6645","0","0","0","133168","Complete live /filter pagination discovery: 8,913 distinct title records across 298 pages; current snapshot denominator, not a private database claim","2026-09-10T20:12:22.801Z"
"538","2","8913","8913","134824","134824","183768","6738","6738","0","0","0","133143","Complete live /filter pagination discovery: 8,913 distinct title records across 298 pages; current snapshot denominator, not a private database claim","2026-09-10T20:12:52.863Z"
"539","2","8913","8913","134824","134824","183768","6840","6840","0","0","0","133118","Complete live /filter pagination discovery: 8,913 distinct title records across 298 pages; current snapshot denominator, not a private database claim","2026-09-10T20:13:23.160Z"
"540","2","8913","8913","134824","134824","183768","6957","6957","0","0","0","133093","Complete live /filter pagination discovery: 8,913 distinct title records across 298 pages; current snapshot denominator, not a private database claim","2026-09-10T20:13:53.323Z"
"541","2","8913","8913","134824","134824","183768","7044","7044","0","0","0","133068","Complete live /filter pagination discovery: 8,913 distinct title records across 298 pages; current snapshot denominator, not a private database claim","2026-09-10T20:14:23.429Z"
"542","2","8913","8913","134824","134824","183768","7119","7119","0","0","0","133043","Complete live /filter pagination discovery: 8,913 distinct title records across 298 pages; current snapshot denominator, not a private database claim","2026-09-10T20:14:53.759Z"
"543","2","8913","8913","134824","134824","183768","7218","7218","0","0","0","133018","Complete live /filter pagination discovery: 8,913 distinct title records across 298 pages; current snapshot denominator, not a private database claim","2026-09-10T20:15:23.956Z"
"544","2","8913","8913","134824","134824","183768","7314","7314","0","0","0","132993","Complete live /filter pagination discovery: 8,913 distinct title records across 298 pages; current snapshot denominator, not a private database claim","2026-09-10T20:15:54.150Z"
"545","2","8913","8913","134824","134824","183768","7455","7455","0","0","0","132968","Complete live /filter pagination discovery: 8,913 distinct title records across 298 pages; current snapshot denominator, not a private database claim","2026-09-10T20:16:24.348Z"
"546","2","8913","8913","134824","134824","183768","7554","7554","0","0","0","132943","Complete live /filter pagination discovery: 8,913 distinct title records across 298 pages; current snapshot denominator, not a private database claim","2026-09-10T20:16:54.566Z"
"547","2","8913","8913","134824","134824","183768","7629","7629","0","0","0","132918","Complete live /filter pagination discovery: 8,913 distinct title records across 298 pages; current snapshot denominator, not a private database claim","2026-09-10T20:17:24.628Z"
"548","2","8913","8913","134824","134824","183768","7773","7773","0","0","0","132893","Complete live /filter pagination discovery: 8,913 distinct title records across 298 pages; current snapshot denominator, not a private database claim","2026-09-10T20:17:54.818Z"
"549","2","8913","8913","134824","134824","183768","7899","7899","0","0","0","132868","Complete live /filter pagination discovery: 8,913 distinct title records across 298 pages; current snapshot denominator, not a private database claim","2026-09-10T20:18:25.094Z"
"550","2","8913","8913","134824","134824","183768","8004","8004","0","0","0","132843","Complete live /filter pagination discovery: 8,913 distinct title records across 298 pages; current snapshot denominator, not a private database claim","2026-09-10T20:18:55.286Z"
"551","2","8913","8913","134824","134824","183768","8139","8139","0","0","0","132818","Complete live /filter pagination discovery: 8,913 distinct title records across 298 pages; current snapshot denominator, not a private database claim","2026-09-10T20:19:25.377Z"
"552","2","8913","8913","134824","134824","183768","8231","8231","0","0","0","132793","Complete live /filter pagination discovery: 8,913 distinct title records across 298 pages; current snapshot denominator, not a private database claim","2026-09-10T20:19:55.725Z"
"553","2","8913","8913","134824","134824","183768","8331","8331","0","0","0","132768","Complete live /filter pagination discovery: 8,913 distinct title records across 298 pages; current snapshot denominator, not a private database claim","2026-09-10T20:20:25.901Z"
"554","2","8913","8913","134824","134824","183768","8431","8431","0","0","0","132743","Complete live /filter pagination discovery: 8,913 distinct title records across 298 pages; current snapshot denominator, not a private database claim","2026-09-10T20:20:56.081Z"
"555","2","8913","8913","134824","134824","183768","8431","8431","0","0","0","133048","Complete live /filter pagination discovery: 8,913 distinct title records across 298 pages; current snapshot denominator, not a private database claim","2026-09-10T20:43:53.501Z"
"556","2","8913","8913","134824","134824","183768","8431","8431","0","0","0","133023","Complete live /filter pagination discovery: 8,913 distinct title records across 298 pages; current snapshot denominator, not a private database claim","2026-09-10T20:44:24.534Z"
"557","2","8913","8913","134824","134824","183768","8431","8431","0","0","0","132998","Complete live /filter pagination discovery: 8,913 distinct title records across 298 pages; current snapshot denominator, not a private database claim","2026-09-10T20:44:59.830Z"
"558","2","8913","8913","134824","134824","183768","8431","8431","0","0","0","132973","Complete live /filter pagination discovery: 8,913 distinct title records across 298 pages; current snapshot denominator, not a private database claim","2026-09-10T20:45:56.182Z"
"559","2","8913","8913","134824","134824","183768","8431","8431","0","0","0","132948","Complete live /filter pagination discovery: 8,913 distinct title records across 298 pages; current snapshot denominator, not a private database claim","2026-09-10T20:47:16.085Z"
"560","2","8913","8913","134824","134824","183768","8431","8431","0","0","0","132923","Complete live /filter pagination discovery: 8,913 distinct title records across 298 pages; current snapshot denominator, not a private database claim","2026-09-10T20:48:59.089Z"
"561","2","8913","8913","134824","134824","183768","8431","8431","0","0","0","132898","Complete live /filter pagination discovery: 8,913 distinct title records across 298 pages; current snapshot denominator, not a private database claim","2026-09-10T20:51:01.046Z"
"562","2","8913","8913","134824","134824","183768","8431","8431","0","0","0","132873","Complete live /filter pagination discovery: 8,913 distinct title records across 298 pages; current snapshot denominator, not a private database claim","2026-09-10T20:53:21.354Z"
"563","2","8913","8913","134824","134824","183768","8431","8431","0","0","0","132848","Complete live /filter pagination discovery: 8,913 distinct title records across 298 pages; current snapshot denominator, not a private database claim","2026-09-10T20:55:53.136Z"
"564","2","8913","8913","134824","134824","183768","8431","8431","0","0","0","132823","Complete live /filter pagination discovery: 8,913 distinct title records across 298 pages; current snapshot denominator, not a private database claim","2026-09-10T20:58:43.008Z"
"565","2","8913","8913","134824","134824","183768","8431","8431","0","0","0","132798","Complete live /filter pagination discovery: 8,913 distinct title records across 298 pages; current snapshot denominator, not a private database claim","2026-09-10T21:01:52.669Z"
"566","2","8919","8919","134824","134824","183768","8431","8431","0","0","0","132773","Complete live /filter pagination discovery: 8,919 distinct title records across 298 pages; current snapshot denominator, not a private database claim","2026-09-10T21:04:41.011Z"
"567","2","8944","8944","134824","134824","183768","8431","8431","0","0","0","132748","Complete live /filter pagination discovery: 8,944 distinct title records across 298 pages; current snapshot denominator, not a private database claim","2026-09-10T21:05:41.425Z"
"568","2","8949","8949","134825","134825","183769","8528","8528","0","0","0","132724","Complete live /filter pagination discovery: 8,949 distinct title records across 298 pages; current snapshot denominator, not a private database claim","2026-09-10T21:06:17.830Z"
"569","2","8949","8949","134825","134825","183769","8673","8673","0","0","0","132699","Complete live /filter pagination discovery: 8,949 distinct title records across 298 pages; current snapshot denominator, not a private database claim","2026-09-10T21:06:48.015Z"
"570","2","8949","8949","134825","134825","183769","8823","8823","0","0","0","132674","Complete live /filter pagination discovery: 8,949 distinct title records across 298 pages; current snapshot denominator, not a private database claim","2026-09-10T21:07:18.219Z"
"571","2","8949","8949","134825","134825","183769","8937","8937","0","0","0","132649","Complete live /filter pagination discovery: 8,949 distinct title records across 298 pages; current snapshot denominator, not a private database claim","2026-09-10T21:07:48.407Z"
"572","2","8949","8949","134825","134825","183769","9087","9087","0","0","0","132624","Complete live /filter pagination discovery: 8,949 distinct title records across 298 pages; current snapshot denominator, not a private database claim","2026-09-10T21:08:18.603Z"
"573","2","8949","8949","134825","134825","183769","9237","9237","0","0","0","132599","Complete live /filter pagination discovery: 8,949 distinct title records across 298 pages; current snapshot denominator, not a private database claim","2026-09-10T21:08:48.826Z"
"574","2","8949","8949","134825","134825","183769","9387","9387","0","0","0","132574","Complete live /filter pagination discovery: 8,949 distinct title records across 298 pages; current snapshot denominator, not a private database claim","2026-09-10T21:09:20.061Z"
"575","2","8949","8949","134825","134825","183769","9537","9537","0","0","0","132549","Complete live /filter pagination discovery: 8,949 distinct title records across 298 pages; current snapshot denominator, not a private database claim","2026-09-10T21:09:49.232Z"
"576","2","8949","8949","134825","134825","183769","9648","9648","0","0","0","132524","Complete live /filter pagination discovery: 8,949 distinct title records across 298 pages; current snapshot denominator, not a private database claim","2026-09-10T21:10:19.415Z"
"577","2","8949","8949","134825","134825","183769","9723","9723","0","0","0","132499","Complete live /filter pagination discovery: 8,949 distinct title records across 298 pages; current snapshot denominator, not a private database claim","2026-09-10T21:10:49.673Z"
"578","2","8949","8949","134825","134825","183769","9798","9798","0","0","0","132474","Complete live /filter pagination discovery: 8,949 distinct title records across 298 pages; current snapshot denominator, not a private database claim","2026-09-10T21:11:19.744Z"
"579","2","8949","8949","134825","134825","183769","9870","9870","0","0","0","132450","Complete live /filter pagination discovery: 8,949 distinct title records across 298 pages; current snapshot denominator, not a private database claim","2026-09-10T21:11:50.117Z"
"580","2","8949","8949","134825","134825","183769","9944","9944","0","0","0","132425","Complete live /filter pagination discovery: 8,949 distinct title records across 298 pages; current snapshot denominator, not a private database claim","2026-09-10T21:12:20.302Z"
"581","2","8949","8949","134825","134825","183769","10019","10019","0","0","0","132400","Complete live /filter pagination discovery: 8,949 distinct title records across 298 pages; current snapshot denominator, not a private database claim","2026-09-10T21:12:50.467Z"
"582","2","8949","8949","134825","134825","183769","10094","10094","0","0","0","132375","Complete live /filter pagination discovery: 8,949 distinct title records across 298 pages; current snapshot denominator, not a private database claim","2026-09-10T21:13:20.689Z"
"583","2","8949","8949","134825","134825","183769","10160","10160","0","0","0","132353","Complete live /filter pagination discovery: 8,949 distinct title records across 298 pages; current snapshot denominator, not a private database claim","2026-09-10T21:13:50.892Z"
"584","2","8949","8949","134825","134825","183769","10235","10235","0","0","0","132328","Complete live /filter pagination discovery: 8,949 distinct title records across 298 pages; current snapshot denominator, not a private database claim","2026-09-10T21:14:21.082Z"
"585","2","8949","8949","134825","134825","183769","10300","10300","0","0","0","132306","Complete live /filter pagination discovery: 8,949 distinct title records across 298 pages; current snapshot denominator, not a private database claim","2026-09-10T21:14:54.442Z"
"586","2","8949","8949","134825","134825","183769","10375","10375","0","0","0","132281","Complete live /filter pagination discovery: 8,949 distinct title records across 298 pages; current snapshot denominator, not a private database claim","2026-09-10T21:15:24.651Z"
"587","2","8949","8949","134825","134825","183769","10441","10441","0","0","0","132259","Complete live /filter pagination discovery: 8,949 distinct title records across 298 pages; current snapshot denominator, not a private database claim","2026-09-10T21:15:54.912Z"
"588","2","8949","8949","134825","134825","183769","10516","10516","0","0","0","132234","Complete live /filter pagination discovery: 8,949 distinct title records across 298 pages; current snapshot denominator, not a private database claim","2026-09-10T21:16:25.005Z"
"589","2","8949","8949","134825","134825","183769","10582","10582","0","2","0","132210","Complete live /filter pagination discovery: 8,949 distinct title records across 298 pages; current snapshot denominator, not a private database claim","2026-09-10T21:16:55.321Z"
"590","2","8949","8949","134825","134825","183769","10657","10657","0","2","0","132185","Complete live /filter pagination discovery: 8,949 distinct title records across 298 pages; current snapshot denominator, not a private database claim","2026-09-10T21:17:25.488Z"
"591","2","8949","8949","134825","134825","183769","10729","10729","0","3","0","132160","Complete live /filter pagination discovery: 8,949 distinct title records across 298 pages; current snapshot denominator, not a private database claim","2026-09-10T21:18:14.025Z"
"592","2","8949","8949","134825","134825","183769","10798","10798","0","3","0","132137","Complete live /filter pagination discovery: 8,949 distinct title records across 298 pages; current snapshot denominator, not a private database claim","2026-09-10T21:18:44.189Z"
"593","2","8949","8949","134825","134825","183769","10867","10867","0","3","0","132114","Complete live /filter pagination discovery: 8,949 distinct title records across 298 pages; current snapshot denominator, not a private database claim","2026-09-10T21:19:14.628Z"
"594","2","8949","8949","134825","134825","183769","10942","10942","0","3","0","132089","Complete live /filter pagination discovery: 8,949 distinct title records across 298 pages; current snapshot denominator, not a private database claim","2026-09-10T21:19:52.599Z"
"595","2","8949","8949","134825","134825","183769","11005","11005","0","3","0","132068","Complete live /filter pagination discovery: 8,949 distinct title records across 298 pages; current snapshot denominator, not a private database claim","2026-09-10T21:20:43.516Z"
"596","2","8949","8949","134825","134825","183769","11080","11080","0","3","0","132043","Complete live /filter pagination discovery: 8,949 distinct title records across 298 pages; current snapshot denominator, not a private database claim","2026-09-10T21:21:13.817Z"
"597","2","8949","8949","134825","134825","183769","11131","11131","0","3","0","132026","Complete live /filter pagination discovery: 8,949 distinct title records across 298 pages; current snapshot denominator, not a private database claim","2026-09-10T21:22:10.089Z"
"598","2","8949","8949","134825","134825","183769","11206","11206","0","3","0","132001","Complete live /filter pagination discovery: 8,949 distinct title records across 298 pages; current snapshot denominator, not a private database claim","2026-09-10T21:22:39.461Z"
"599","2","8949","8949","134825","134825","183769","11281","11281","0","3","0","131976","Complete live /filter pagination discovery: 8,949 distinct title records across 298 pages; current snapshot denominator, not a private database claim","2026-09-10T21:23:09.615Z"
"600","2","8949","8949","134825","134825","183769","11356","11356","0","3","0","131951","Complete live /filter pagination discovery: 8,949 distinct title records across 298 pages; current snapshot denominator, not a private database claim","2026-09-10T21:23:39.825Z"
"601","2","8949","8949","134825","134825","183769","11431","11431","0","3","0","131926","Complete live /filter pagination discovery: 8,949 distinct title records across 298 pages; current snapshot denominator, not a private database claim","2026-09-10T21:24:10.014Z"
"602","2","8949","8949","134825","134825","183769","11506","11506","0","3","0","131901","Complete live /filter pagination discovery: 8,949 distinct title records across 298 pages; current snapshot denominator, not a private database claim","2026-09-10T21:24:40.199Z"
"603","2","8949","8949","134825","134825","183769","11581","11581","0","3","0","131876","Complete live /filter pagination discovery: 8,949 distinct title records across 298 pages; current snapshot denominator, not a private database claim","2026-09-10T21:25:10.427Z"
"604","2","8949","8949","134825","134825","183769","11656","11656","0","3","0","131851","Complete live /filter pagination discovery: 8,949 distinct title records across 298 pages; current snapshot denominator, not a private database claim","2026-09-10T21:25:40.573Z"
"605","2","8949","8949","134825","134825","183769","11731","11731","0","3","0","131826","Complete live /filter pagination discovery: 8,949 distinct title records across 298 pages; current snapshot denominator, not a private database claim","2026-09-10T21:26:10.795Z"
"606","2","8949","8949","134825","134825","183769","11806","11806","0","3","0","131801","Complete live /filter pagination discovery: 8,949 distinct title records across 298 pages; current snapshot denominator, not a private database claim","2026-09-10T21:26:41.048Z"
"607","2","8949","8949","134825","134825","183769","11881","11881","0","3","0","131776","Complete live /filter pagination discovery: 8,949 distinct title records across 298 pages; current snapshot denominator, not a private database claim","2026-09-10T21:27:11.215Z"
"608","2","8949","8949","134825","134825","183769","11956","11956","0","3","0","131751","Complete live /filter pagination discovery: 8,949 distinct title records across 298 pages; current snapshot denominator, not a private database claim","2026-09-10T21:27:41.420Z"
"609","2","8949","8949","134825","134825","183769","12030","12030","0","3","0","131726","Complete live /filter pagination discovery: 8,949 distinct title records across 298 pages; current snapshot denominator, not a private database claim","2026-09-10T21:28:11.676Z"
"610","2","8949","8949","134825","134825","183769","12105","12105","0","3","0","131701","Complete live /filter pagination discovery: 8,949 distinct title records across 298 pages; current snapshot denominator, not a private database claim","2026-09-10T21:28:41.831Z"
"611","2","8949","8949","134825","134825","183769","12180","12180","0","3","0","131676","Complete live /filter pagination discovery: 8,949 distinct title records across 298 pages; current snapshot denominator, not a private database claim","2026-09-10T21:29:12.026Z"
"612","2","8949","8949","134825","134825","183769","12255","12255","0","3","0","131651","Complete live /filter pagination discovery: 8,949 distinct title records across 298 pages; current snapshot denominator, not a private database claim","2026-09-10T21:29:42.207Z"
"613","2","8949","8949","134825","134825","183769","12330","12330","0","3","0","131626","Complete live /filter pagination discovery: 8,949 distinct title records across 298 pages; current snapshot denominator, not a private database claim","2026-09-10T21:30:12.406Z"
"614","2","8949","8949","134825","134825","183769","12405","12405","0","3","0","131601","Complete live /filter pagination discovery: 8,949 distinct title records across 298 pages; current snapshot denominator, not a private database claim","2026-09-10T21:30:42.606Z"
"615","2","8949","8949","134825","134825","183769","12480","12480","0","3","0","131576","Complete live /filter pagination discovery: 8,949 distinct title records across 298 pages; current snapshot denominator, not a private database claim","2026-09-10T21:31:12.831Z"
"616","2","8949","8949","134825","134825","183769","12555","12555","0","3","0","131551","Complete live /filter pagination discovery: 8,949 distinct title records across 298 pages; current snapshot denominator, not a private database claim","2026-09-10T21:31:43.009Z"
"617","2","8949","8949","134825","134825","183769","12630","12630","0","3","0","131526","Complete live /filter pagination discovery: 8,949 distinct title records across 298 pages; current snapshot denominator, not a private database claim","2026-09-10T21:32:13.226Z"
"618","2","8949","8949","134825","134825","183769","12705","12705","0","3","0","131501","Complete live /filter pagination discovery: 8,949 distinct title records across 298 pages; current snapshot denominator, not a private database claim","2026-09-10T21:32:43.415Z"
"619","2","8949","8949","134825","134825","183769","12780","12780","0","3","0","131476","Complete live /filter pagination discovery: 8,949 distinct title records across 298 pages; current snapshot denominator, not a private database claim","2026-09-10T21:33:13.575Z"
"620","2","8949","8949","134825","134825","183769","12855","12855","0","3","0","131451","Complete live /filter pagination discovery: 8,949 distinct title records across 298 pages; current snapshot denominator, not a private database claim","2026-09-10T21:33:43.793Z"
"621","2","8949","8949","134825","134825","183769","12996","12996","0","3","0","131426","Complete live /filter pagination discovery: 8,949 distinct title records across 298 pages; current snapshot denominator, not a private database claim","2026-09-10T21:34:14.051Z"
"622","2","8949","8949","134825","134825","183769","13131","13131","0","3","0","131401","Complete live /filter pagination discovery: 8,949 distinct title records across 298 pages; current snapshot denominator, not a private database claim","2026-09-10T21:34:44.268Z"
"623","2","8949","8949","134825","134825","183769","13206","13206","0","3","0","131376","Complete live /filter pagination discovery: 8,949 distinct title records across 298 pages; current snapshot denominator, not a private database claim","2026-09-10T21:35:14.384Z"
"624","2","8949","8949","134825","134825","183769","13299","13299","0","3","0","131351","Complete live /filter pagination discovery: 8,949 distinct title records across 298 pages; current snapshot denominator, not a private database claim","2026-09-10T21:35:44.717Z"
"625","2","8949","8949","134825","134825","183769","13449","13449","0","3","0","131326","Complete live /filter pagination discovery: 8,949 distinct title records across 298 pages; current snapshot denominator, not a private database claim","2026-09-10T21:36:14.942Z"
"626","2","8949","8949","134825","134825","183769","13578","13578","0","3","0","131301","Complete live /filter pagination discovery: 8,949 distinct title records across 298 pages; current snapshot denominator, not a private database claim","2026-09-10T21:36:45.142Z"
"627","2","8949","8949","134825","134825","183769","13655","13655","0","3","0","131276","Complete live /filter pagination discovery: 8,949 distinct title records across 298 pages; current snapshot denominator, not a private database claim","2026-09-10T21:37:15.203Z"
"628","2","8949","8949","134825","134825","183769","13754","13754","0","3","0","131251","Complete live /filter pagination discovery: 8,949 distinct title records across 298 pages; current snapshot denominator, not a private database claim","2026-09-10T21:37:45.563Z"
"629","2","8949","8949","134825","134825","183769","13829","13829","0","3","0","131226","Complete live /filter pagination discovery: 8,949 distinct title records across 298 pages; current snapshot denominator, not a private database claim","2026-09-10T21:38:15.770Z"
"630","2","8949","8949","134825","134825","183769","13936","13936","0","3","0","131201","Complete live /filter pagination discovery: 8,949 distinct title records across 298 pages; current snapshot denominator, not a private database claim","2026-09-10T21:38:45.854Z"
"631","2","8949","8949","134825","134825","183769","14053","14053","0","3","0","131176","Complete live /filter pagination discovery: 8,949 distinct title records across 298 pages; current snapshot denominator, not a private database claim","2026-09-10T21:39:16.061Z"
"632","2","8949","8949","134825","134825","183769","14146","14146","0","3","0","131151","Complete live /filter pagination discovery: 8,949 distinct title records across 298 pages; current snapshot denominator, not a private database claim","2026-09-10T21:39:46.370Z"
"633","2","8949","8949","134825","134825","183769","14221","14221","0","3","0","131126","Complete live /filter pagination discovery: 8,949 distinct title records across 298 pages; current snapshot denominator, not a private database claim","2026-09-10T21:40:16.581Z"
"634","2","8949","8949","134825","134825","183769","14272","14272","0","3","0","131101","Complete live /filter pagination discovery: 8,949 distinct title records across 298 pages; current snapshot denominator, not a private database claim","2026-09-10T21:40:46.758Z"
"635","2","8949","8949","134825","134825","183769","14369","14369","0","3","0","131076","Complete live /filter pagination discovery: 8,949 distinct title records across 298 pages; current snapshot denominator, not a private database claim","2026-09-10T21:41:16.936Z"
"636","2","8949","8949","134825","134825","183769","14443","14443","0","3","0","131051","Complete live /filter pagination discovery: 8,949 distinct title records across 298 pages; current snapshot denominator, not a private database claim","2026-09-10T21:41:47.125Z"
"637","2","8949","8949","134825","134825","183769","14518","14518","0","3","0","131026","Complete live /filter pagination discovery: 8,949 distinct title records across 298 pages; current snapshot denominator, not a private database claim","2026-09-10T21:42:17.310Z"
"638","2","8949","8949","134825","134825","183769","14619","14619","0","3","0","131001","Complete live /filter pagination discovery: 8,949 distinct title records across 298 pages; current snapshot denominator, not a private database claim","2026-09-10T21:42:47.514Z"
"639","2","8949","8949","134825","134825","183769","14718","14718","0","3","0","130976","Complete live /filter pagination discovery: 8,949 distinct title records across 298 pages; current snapshot denominator, not a private database claim","2026-09-10T21:43:17.700Z"
"640","2","8949","8949","134825","134825","183769","14774","14774","0","3","0","130951","Complete live /filter pagination discovery: 8,949 distinct title records across 298 pages; current snapshot denominator, not a private database claim","2026-09-10T21:43:47.946Z"
"641","2","8949","8949","134825","134825","183769","14835","14835","0","3","0","130926","Complete live /filter pagination discovery: 8,949 distinct title records across 298 pages; current snapshot denominator, not a private database claim","2026-09-10T21:44:18.123Z"
"642","2","8949","8949","134825","134825","183769","14932","14932","0","3","0","130901","Complete live /filter pagination discovery: 8,949 distinct title records across 298 pages; current snapshot denominator, not a private database claim","2026-09-10T21:44:48.331Z"
"643","2","8949","8949","134825","134825","183769","15074","15074","0","3","0","130876","Complete live /filter pagination discovery: 8,949 distinct title records across 298 pages; current snapshot denominator, not a private database claim","2026-09-10T21:45:18.394Z"
"644","2","8949","8949","134825","134825","183769","15194","15194","0","3","0","130851","Complete live /filter pagination discovery: 8,949 distinct title records across 298 pages; current snapshot denominator, not a private database claim","2026-09-10T21:45:48.757Z"
"645","2","8949","8949","134825","134825","183769","15256","15256","0","3","0","130826","Complete live /filter pagination discovery: 8,949 distinct title records across 298 pages; current snapshot denominator, not a private database claim","2026-09-10T21:46:18.971Z"
"646","2","8949","8949","134825","134825","183769","15391","15391","0","3","0","130801","Complete live /filter pagination discovery: 8,949 distinct title records across 298 pages; current snapshot denominator, not a private database claim","2026-09-10T21:46:49.168Z"
"647","2","8949","8949","134825","134825","183769","15481","15481","0","3","0","130776","Complete live /filter pagination discovery: 8,949 distinct title records across 298 pages; current snapshot denominator, not a private database claim","2026-09-10T21:47:19.415Z"
"648","2","8949","8949","134825","134825","183769","15559","15559","0","3","0","130751","Complete live /filter pagination discovery: 8,949 distinct title records across 298 pages; current snapshot denominator, not a private database claim","2026-09-10T21:47:49.504Z"
"649","2","8949","8949","134825","134825","183769","15673","15673","0","3","0","130726","Complete live /filter pagination discovery: 8,949 distinct title records across 298 pages; current snapshot denominator, not a private database claim","2026-09-10T21:48:19.712Z"
"650","2","8949","8949","134825","134825","183769","15790","15790","0","3","0","130701","Complete live /filter pagination discovery: 8,949 distinct title records across 298 pages; current snapshot denominator, not a private database claim","2026-09-10T21:48:49.969Z"
"651","2","8949","8949","134825","134825","183769","15890","15890","0","3","0","130676","Complete live /filter pagination discovery: 8,949 distinct title records across 298 pages; current snapshot denominator, not a private database claim","2026-09-10T21:49:20.308Z"
"652","2","8949","8949","134825","134825","183769","15951","15951","0","3","0","130651","Complete live /filter pagination discovery: 8,949 distinct title records across 298 pages; current snapshot denominator, not a private database claim","2026-09-10T21:49:50.556Z"
"653","2","8949","8949","134825","134825","183769","16026","16026","0","3","0","130626","Complete live /filter pagination discovery: 8,949 distinct title records across 298 pages; current snapshot denominator, not a private database claim","2026-09-10T21:50:20.775Z"
"654","2","8949","8949","134825","134825","183769","16101","16101","0","3","0","130601","Complete live /filter pagination discovery: 8,949 distinct title records across 298 pages; current snapshot denominator, not a private database claim","2026-09-10T21:50:50.976Z"
"655","2","8949","8949","134825","134825","183769","16190","16190","0","4","0","130579","Complete live /filter pagination discovery: 8,949 distinct title records across 298 pages; current snapshot denominator, not a private database claim","2026-09-10T21:51:21.155Z"
"656","2","8949","8949","134825","134825","183769","16323","16323","0","4","0","130554","Complete live /filter pagination discovery: 8,949 distinct title records across 298 pages; current snapshot denominator, not a private database claim","2026-09-10T21:51:51.258Z"
"657","2","8949","8949","134825","134825","183769","16464","16464","0","4","0","130529","Complete live /filter pagination discovery: 8,949 distinct title records across 298 pages; current snapshot denominator, not a private database claim","2026-09-10T21:52:21.416Z"
"658","2","8949","8949","134825","134825","183769","16613","16613","0","4","0","130504","Complete live /filter pagination discovery: 8,949 distinct title records across 298 pages; current snapshot denominator, not a private database claim","2026-09-10T21:52:51.643Z"
"659","2","8949","8949","134825","134825","183769","16704","16704","0","4","0","130482","Complete live /filter pagination discovery: 8,949 distinct title records across 298 pages; current snapshot denominator, not a private database claim","2026-09-10T21:53:21.847Z"
"660","2","8949","8949","134825","134825","183769","16767","16767","0","6","0","130460","Complete live /filter pagination discovery: 8,949 distinct title records across 298 pages; current snapshot denominator, not a private database claim","2026-09-10T21:53:52.099Z"
"661","2","8949","8949","134825","134825","183769","16809","16809","0","8","0","130444","Complete live /filter pagination discovery: 8,949 distinct title records across 298 pages; current snapshot denominator, not a private database claim","2026-09-10T21:54:22.230Z"
"662","2","8949","8949","134825","134825","183769","16857","16857","0","11","0","130425","Complete live /filter pagination discovery: 8,949 distinct title records across 298 pages; current snapshot denominator, not a private database claim","2026-09-10T21:54:52.338Z"
"663","2","8949","8949","134825","134825","183769","16932","16932","0","11","0","130400","Complete live /filter pagination discovery: 8,949 distinct title records across 298 pages; current snapshot denominator, not a private database claim","2026-09-10T21:55:22.662Z"
"664","2","8949","8949","134825","134825","183769","17007","17007","0","11","0","130375","Complete live /filter pagination discovery: 8,949 distinct title records across 298 pages; current snapshot denominator, not a private database claim","2026-09-10T21:55:52.849Z"
"665","2","8949","8949","134825","134825","183769","17049","17049","0","13","0","130360","Complete live /filter pagination discovery: 8,949 distinct title records across 298 pages; current snapshot denominator, not a private database claim","2026-09-10T21:56:22.902Z"
"666","2","8949","8949","134825","134825","183769","17076","17076","0","18","0","130346","Complete live /filter pagination discovery: 8,949 distinct title records across 298 pages; current snapshot denominator, not a private database claim","2026-09-10T21:56:56.263Z"
"667","2","8949","8949","134825","134825","183769","17154","17154","0","18","0","130321","Complete live /filter pagination discovery: 8,949 distinct title records across 298 pages; current snapshot denominator, not a private database claim","2026-09-10T21:57:30.242Z"
"668","2","8949","8949","134825","134825","183769","17289","17289","0","18","0","130296","Complete live /filter pagination discovery: 8,949 distinct title records across 298 pages; current snapshot denominator, not a private database claim","2026-09-10T21:58:00.435Z"
"669","2","8949","8949","134825","134825","183769","17415","17415","0","18","0","130271","Complete live /filter pagination discovery: 8,949 distinct title records across 298 pages; current snapshot denominator, not a private database claim","2026-09-10T21:58:30.558Z"
"670","2","8949","8949","134825","134825","183769","17493","17493","0","18","0","130246","Complete live /filter pagination discovery: 8,949 distinct title records across 298 pages; current snapshot denominator, not a private database claim","2026-09-10T21:59:00.826Z"
"671","2","8949","8949","134825","134825","183769","17620","17620","0","18","0","130221","Complete live /filter pagination discovery: 8,949 distinct title records across 298 pages; current snapshot denominator, not a private database claim","2026-09-10T21:59:30.922Z"
"672","2","8949","8949","134825","134825","183769","17770","17770","0","18","0","130196","Complete live /filter pagination discovery: 8,949 distinct title records across 298 pages; current snapshot denominator, not a private database claim","2026-09-10T22:00:01.267Z"
"673","2","8949","8949","134825","134825","183769","17866","17866","0","18","0","130174","Complete live /filter pagination discovery: 8,949 distinct title records across 298 pages; current snapshot denominator, not a private database claim","2026-09-10T22:00:31.479Z"
"674","2","8949","8949","134825","134825","183769","17944","17944","0","21","0","130155","Complete live /filter pagination discovery: 8,949 distinct title records across 298 pages; current snapshot denominator, not a private database claim","2026-09-10T22:01:01.583Z"
"675","2","8949","8949","134825","134825","183769","18051","18051","0","21","0","130130","Complete live /filter pagination discovery: 8,949 distinct title records across 298 pages; current snapshot denominator, not a private database claim","2026-09-10T22:01:31.910Z"
"676","2","8949","8949","134825","134825","183769","18101","18101","0","21","0","130105","Complete live /filter pagination discovery: 8,949 distinct title records across 298 pages; current snapshot denominator, not a private database claim","2026-09-10T22:02:02.133Z"
"677","2","8949","8949","134825","134825","183769","18151","18151","0","21","0","130080","Complete live /filter pagination discovery: 8,949 distinct title records across 298 pages; current snapshot denominator, not a private database claim","2026-09-10T22:02:32.363Z"
"678","2","8949","8949","134825","134825","183769","18203","18203","0","21","0","130055","Complete live /filter pagination discovery: 8,949 distinct title records across 298 pages; current snapshot denominator, not a private database claim","2026-09-10T22:03:02.550Z"
"679","2","8949","8949","134825","134825","183769","18278","18278","0","21","0","130030","Complete live /filter pagination discovery: 8,949 distinct title records across 298 pages; current snapshot denominator, not a private database claim","2026-09-10T22:03:32.759Z"
"680","2","8949","8949","134825","134825","183769","18353","18353","0","21","0","130005","Complete live /filter pagination discovery: 8,949 distinct title records across 298 pages; current snapshot denominator, not a private database claim","2026-09-10T22:04:03.015Z"
"681","2","8949","8949","134825","134825","183769","18450","18450","0","21","0","129980","Complete live /filter pagination discovery: 8,949 distinct title records across 298 pages; current snapshot denominator, not a private database claim","2026-09-10T22:04:33.040Z"
"682","2","8949","8949","134825","134825","183769","18599","18599","0","21","0","129955","Complete live /filter pagination discovery: 8,949 distinct title records across 298 pages; current snapshot denominator, not a private database claim","2026-09-10T22:05:03.400Z"
"683","2","8949","8949","134825","134825","183769","18746","18746","0","21","0","129930","Complete live /filter pagination discovery: 8,949 distinct title records across 298 pages; current snapshot denominator, not a private database claim","2026-09-10T22:05:33.599Z"
"684","2","8949","8949","134825","134825","183769","18896","18896","0","21","0","129905","Complete live /filter pagination discovery: 8,949 distinct title records across 298 pages; current snapshot denominator, not a private database claim","2026-09-10T22:06:03.790Z"
"685","2","8949","8949","134825","134825","183769","18983","18983","0","21","0","129880","Complete live /filter pagination discovery: 8,949 distinct title records across 298 pages; current snapshot denominator, not a private database claim","2026-09-10T22:06:34.046Z"
"686","2","8949","8949","134825","134825","183769","19091","19091","0","21","0","129855","Complete live /filter pagination discovery: 8,949 distinct title records across 298 pages; current snapshot denominator, not a private database claim","2026-09-10T22:07:04.234Z"
"687","2","8949","8949","134825","134825","183769","19241","19241","0","21","0","129830","Complete live /filter pagination discovery: 8,949 distinct title records across 298 pages; current snapshot denominator, not a private database claim","2026-09-10T22:07:34.433Z"
"688","2","8949","8949","134825","134825","183769","19391","19391","0","21","0","129805","Complete live /filter pagination discovery: 8,949 distinct title records across 298 pages; current snapshot denominator, not a private database claim","2026-09-10T22:08:04.458Z"
"689","2","8949","8949","134825","134825","183769","19511","19511","0","21","0","129780","Complete live /filter pagination discovery: 8,949 distinct title records across 298 pages; current snapshot denominator, not a private database claim","2026-09-10T22:08:35.201Z"
"690","2","8949","8949","134825","134825","183769","19646","19646","0","21","0","129755","Complete live /filter pagination discovery: 8,949 distinct title records across 298 pages; current snapshot denominator, not a private database claim","2026-09-10T22:09:05.059Z"
"691","2","8949","8949","134825","134825","183769","19733","19733","0","21","0","129730","Complete live /filter pagination discovery: 8,949 distinct title records across 298 pages; current snapshot denominator, not a private database claim","2026-09-10T22:09:35.498Z"
"692","2","8949","8949","134825","134825","183769","19808","19808","0","21","0","129705","Complete live /filter pagination discovery: 8,949 distinct title records across 298 pages; current snapshot denominator, not a private database claim","2026-09-10T22:10:05.438Z"
"693","2","8949","8949","134825","134825","183769","19883","19883","0","21","0","129680","Complete live /filter pagination discovery: 8,949 distinct title records across 298 pages; current snapshot denominator, not a private database claim","2026-09-10T22:10:35.610Z"
"694","2","8949","8949","134825","134825","183769","19958","19958","0","21","0","129655","Complete live /filter pagination discovery: 8,949 distinct title records across 298 pages; current snapshot denominator, not a private database claim","2026-09-10T22:11:05.797Z"
"695","2","8949","8949","134825","134825","183769","20033","20033","0","21","0","129630","Complete live /filter pagination discovery: 8,949 distinct title records across 298 pages; current snapshot denominator, not a private database claim","2026-09-10T22:11:36.028Z"
"696","2","8949","8949","134825","134825","183769","20150","20150","0","21","0","129605","Complete live /filter pagination discovery: 8,949 distinct title records across 298 pages; current snapshot denominator, not a private database claim","2026-09-10T22:12:06.219Z"
"697","2","8949","8949","134825","134825","183769","20264","20264","0","21","0","129580","Complete live /filter pagination discovery: 8,949 distinct title records across 298 pages; current snapshot denominator, not a private database claim","2026-09-10T22:12:36.463Z"
"698","2","8949","8949","134825","134825","183769","20348","20348","0","21","0","129555","Complete live /filter pagination discovery: 8,949 distinct title records across 298 pages; current snapshot denominator, not a private database claim","2026-09-10T22:13:06.612Z"
"699","2","8949","8949","134825","134825","183769","20453","20453","0","21","0","129530","Complete live /filter pagination discovery: 8,949 distinct title records across 298 pages; current snapshot denominator, not a private database claim","2026-09-10T22:13:36.825Z"
"700","2","8949","8949","134825","134825","183769","20531","20531","0","21","0","129505","Complete live /filter pagination discovery: 8,949 distinct title records across 298 pages; current snapshot denominator, not a private database claim","2026-09-10T22:14:06.977Z"
"701","2","8949","8949","134825","134825","183769","20606","20606","0","21","0","129480","Complete live /filter pagination discovery: 8,949 distinct title records across 298 pages; current snapshot denominator, not a private database claim","2026-09-10T22:14:37.223Z"
"702","2","8949","8949","134825","134825","183769","20696","20696","0","21","0","129455","Complete live /filter pagination discovery: 8,949 distinct title records across 298 pages; current snapshot denominator, not a private database claim","2026-09-10T22:15:07.438Z"
"703","2","8949","8949","134825","134825","183769","20831","20831","0","21","0","129430","Complete live /filter pagination discovery: 8,949 distinct title records across 298 pages; current snapshot denominator, not a private database claim","2026-09-10T22:15:37.679Z"
"704","2","8949","8949","134825","134825","183769","20906","20906","0","21","0","129405","Complete live /filter pagination discovery: 8,949 distinct title records across 298 pages; current snapshot denominator, not a private database claim","2026-09-10T22:16:07.903Z"
"705","2","8949","8949","134825","134825","183769","20981","20981","0","21","0","129380","Complete live /filter pagination discovery: 8,949 distinct title records across 298 pages; current snapshot denominator, not a private database claim","2026-09-10T22:16:38.080Z"
"706","2","8949","8949","134825","134825","183769","21083","21083","0","21","0","129355","Complete live /filter pagination discovery: 8,949 distinct title records across 298 pages; current snapshot denominator, not a private database claim","2026-09-10T22:17:08.276Z"
"707","2","8949","8949","134825","134825","183769","21212","21212","0","21","0","129316","Complete public discovery union: 8,949 distinct watch routes from 0 /filter records plus 36 sitemap-only routes across 293 child maps; current snapshot denominator, not a private database claim","2026-09-11T01:33:27.296Z"
"708","2","8949","8949","134825","134825","183769","21323","21323","0","21","0","129291","Complete public discovery union: 8,949 distinct watch routes from 0 /filter records plus 36 sitemap-only routes across 293 child maps; current snapshot denominator, not a private database claim","2026-09-11T01:33:57.469Z"
"709","2","8949","8949","134825","134825","183769","21401","21401","0","21","0","129266","Complete public discovery union: 8,949 distinct watch routes from 0 /filter records plus 36 sitemap-only routes across 293 child maps; current snapshot denominator, not a private database claim","2026-09-11T01:48:17.326Z"
"710","2","8949","8949","134825","134825","183769","21578","21578","0","21","0","129218","Complete public discovery union: 8,949 distinct watch routes from 8,913 /filter records plus 36 sitemap-only routes across 293 child maps; current snapshot denominator, not a private database claim","2026-09-11T01:48:46.033Z"
"711","2","8949","8949","134825","134825","183769","21581","21581","0","21","0","129217","Complete public discovery union: 8,949 distinct watch routes from 0 /filter records plus 36 sitemap-only routes across 293 child maps; current snapshot denominator, not a private database claim","2026-09-11T01:48:47.145Z"
"712","2","8949","8949","134825","134825","183769","21748","21748","0","21","0","129168","Complete public discovery union: 8,949 distinct watch routes from 8,913 /filter records plus 36 sitemap-only routes across 293 child maps; current snapshot denominator, not a private database claim","2026-09-11T01:49:16.001Z"
"713","2","8949","8949","134825","134825","183769","21751","21751","0","21","0","129167","Complete public discovery union: 8,949 distinct watch routes from 0 /filter records plus 36 sitemap-only routes across 293 child maps; current snapshot denominator, not a private database claim","2026-09-11T01:49:17.077Z"
"714","2","8949","8949","134825","134825","183769","21892","21892","0","21","0","129139","Complete public discovery union: 8,949 distinct watch routes from 8,913 /filter records plus 36 sitemap-only routes across 293 child maps; current snapshot denominator, not a private database claim","2026-09-11T01:50:18.842Z"
"715","2","8949","8949","134825","134825","183769","22042","22042","0","21","0","129114","Complete public discovery union: 8,949 distinct watch routes from 8,913 /filter records plus 36 sitemap-only routes across 293 child maps; current snapshot denominator, not a private database claim","2026-09-11T01:50:48.964Z"
"716","2","8949","8949","134825","134825","183769","22192","22192","0","21","0","129089","Complete public discovery union: 8,949 distinct watch routes from 8,913 /filter records plus 36 sitemap-only routes across 293 child maps; current snapshot denominator, not a private database claim","2026-09-11T01:51:19.264Z"
"717","2","8949","8949","134825","134825","183769","22334","22334","0","21","0","129064","Complete public discovery union: 8,949 distinct watch routes from 8,913 /filter records plus 36 sitemap-only routes across 293 child maps; current snapshot denominator, not a private database claim","2026-09-11T01:51:49.393Z"
"718","2","8949","8949","134825","134825","183769","22388","22388","0","21","0","129039","Complete public discovery union: 8,949 distinct watch routes from 8,913 /filter records plus 36 sitemap-only routes across 293 child maps; current snapshot denominator, not a private database claim","2026-09-11T01:52:19.533Z"
"719","2","8949","8949","134825","134825","183769","22446","22446","0","21","0","129014","Complete public discovery union: 8,949 distinct watch routes from 8,913 /filter records plus 36 sitemap-only routes across 293 child maps; current snapshot denominator, not a private database claim","2026-09-11T01:52:49.536Z"
"720","2","8949","8949","134825","134825","183769","22596","22596","0","21","0","128989","Complete public discovery union: 8,949 distinct watch routes from 8,913 /filter records plus 36 sitemap-only routes across 293 child maps; current snapshot denominator, not a private database claim","2026-09-11T01:53:19.779Z"
"721","2","8949","8949","134825","134825","183769","22746","22746","0","21","0","128964","Complete public discovery union: 8,949 distinct watch routes from 8,913 /filter records plus 36 sitemap-only routes across 293 child maps; current snapshot denominator, not a private database claim","2026-09-11T01:53:49.904Z"
"722","2","8949","8949","134825","134825","183769","22848","22848","0","21","0","128939","Complete public discovery union: 8,949 distinct watch routes from 8,913 /filter records plus 36 sitemap-only routes across 293 child maps; current snapshot denominator, not a private database claim","2026-09-11T01:54:20.034Z"
"723","2","8949","8949","134825","134825","183769","22998","22998","0","21","0","128914","Complete public discovery union: 8,949 distinct watch routes from 8,913 /filter records plus 36 sitemap-only routes across 293 child maps; current snapshot denominator, not a private database claim","2026-09-11T01:54:50.073Z"
"724","2","8949","8949","134825","134825","183769","23142","23142","0","21","0","128889","Complete public discovery union: 8,949 distinct watch routes from 8,913 /filter records plus 36 sitemap-only routes across 293 child maps; current snapshot denominator, not a private database claim","2026-09-11T01:55:20.388Z"
"725","2","8949","8949","134825","134825","183769","23257","23257","0","21","0","128864","Complete public discovery union: 8,949 distinct watch routes from 8,913 /filter records plus 36 sitemap-only routes across 293 child maps; current snapshot denominator, not a private database claim","2026-09-11T01:56:13.642Z"
"726","2","8949","8949","134825","134825","183769","23357","23357","0","21","0","128839","Complete public discovery union: 8,949 distinct watch routes from 8,913 /filter records plus 36 sitemap-only routes across 293 child maps; current snapshot denominator, not a private database claim","2026-09-11T01:56:43.903Z"
"727","2","8949","8949","134825","134825","183769","23407","23407","0","21","0","128814","Complete public discovery union: 8,949 distinct watch routes from 8,913 /filter records plus 36 sitemap-only routes across 293 child maps; current snapshot denominator, not a private database claim","2026-09-11T01:57:14.000Z"
"728","2","8949","8949","134825","134825","183769","23457","23457","0","21","0","128789","Complete public discovery union: 8,949 distinct watch routes from 8,913 /filter records plus 36 sitemap-only routes across 293 child maps; current snapshot denominator, not a private database claim","2026-09-11T01:57:44.220Z"
"729","2","8949","8949","134825","134825","183769","23530","23530","0","21","0","128764","Complete public discovery union: 8,949 distinct watch routes from 8,913 /filter records plus 36 sitemap-only routes across 293 child maps; current snapshot denominator, not a private database claim","2026-09-11T01:58:14.666Z"
"730","2","8949","8949","134825","134825","183769","23611","23611","0","0","0","128740","Complete public discovery union: 8,949 distinct watch routes from 8,913 /filter records plus 36 sitemap-only routes across 293 child maps; current snapshot denominator, not a private database claim","2026-09-11T02:00:52.421Z"
"731","2","8949","8949","134825","134825","183769","23674","23674","0","0","0","128715","Complete public discovery union: 8,949 distinct watch routes from 8,913 /filter records plus 36 sitemap-only routes across 293 child maps; current snapshot denominator, not a private database claim","2026-09-11T02:01:22.847Z"
"732","2","8949","8949","134825","134825","183769","23749","23749","0","0","0","128690","Complete public discovery union: 8,949 distinct watch routes from 8,913 /filter records plus 36 sitemap-only routes across 293 child maps; current snapshot denominator, not a private database claim","2026-09-11T02:01:52.623Z"
"733","2","8949","8949","134825","134825","183769","23824","23824","0","0","0","128665","Complete public discovery union: 8,949 distinct watch routes from 8,913 /filter records plus 36 sitemap-only routes across 293 child maps; current snapshot denominator, not a private database claim","2026-09-11T02:02:22.697Z"
"734","2","8949","8949","134825","134825","183769","23879","23879","0","0","0","128640","Complete public discovery union: 8,949 distinct watch routes from 8,913 /filter records plus 36 sitemap-only routes across 293 child maps; current snapshot denominator, not a private database claim","2026-09-11T02:02:52.843Z"
"735","2","8949","8949","134825","134825","183769","23929","23929","0","0","0","128615","Complete public discovery union: 8,949 distinct watch routes from 8,913 /filter records plus 36 sitemap-only routes across 293 child maps; current snapshot denominator, not a private database claim","2026-09-11T02:03:23.006Z"
"736","2","8949","8949","134825","134825","183769","23979","23979","0","0","0","128590","Complete public discovery union: 8,949 distinct watch routes from 8,913 /filter records plus 36 sitemap-only routes across 293 child maps; current snapshot denominator, not a private database claim","2026-09-11T02:03:53.152Z"
"737","2","8949","8949","134825","134825","183769","24030","24030","0","0","0","128565","Complete public discovery union: 8,949 distinct watch routes from 8,913 /filter records plus 36 sitemap-only routes across 293 child maps; current snapshot denominator, not a private database claim","2026-09-11T02:04:23.331Z"
"738","2","8949","8949","134825","134825","183769","24105","24105","0","0","0","128540","Complete public discovery union: 8,949 distinct watch routes from 8,913 /filter records plus 36 sitemap-only routes across 293 child maps; current snapshot denominator, not a private database claim","2026-09-11T02:04:53.489Z"
"739","2","8949","8949","134825","134825","183769","24180","24180","0","0","0","128515","Complete public discovery union: 8,949 distinct watch routes from 8,913 /filter records plus 36 sitemap-only routes across 293 child maps; current snapshot denominator, not a private database claim","2026-09-11T02:05:23.587Z"
"740","2","8949","8949","134825","134825","183769","24262","24262","0","0","0","128490","Complete public discovery union: 8,949 distinct watch routes from 8,913 /filter records plus 36 sitemap-only routes across 293 child maps; current snapshot denominator, not a private database claim","2026-09-11T02:05:53.595Z"
"741","2","8949","8949","134825","134825","183769","24362","24362","0","0","0","128465","Complete public discovery union: 8,949 distinct watch routes from 8,913 /filter records plus 36 sitemap-only routes across 293 child maps; current snapshot denominator, not a private database claim","2026-09-11T02:06:23.885Z"
"742","2","8949","8949","134825","134825","183769","24464","24464","0","0","0","128440","Complete public discovery union: 8,949 distinct watch routes from 8,913 /filter records plus 36 sitemap-only routes across 293 child maps; current snapshot denominator, not a private database claim","2026-09-11T02:06:54.046Z"
"743","2","8949","8949","134825","134825","183769","24566","24566","0","0","0","128415","Complete public discovery union: 8,949 distinct watch routes from 8,913 /filter records plus 36 sitemap-only routes across 293 child maps; current snapshot denominator, not a private database claim","2026-09-11T02:07:24.170Z"
"744","2","8949","8949","134825","134825","183769","24672","24672","0","0","0","128390","Complete public discovery union: 8,949 distinct watch routes from 8,913 /filter records plus 36 sitemap-only routes across 293 child maps; current snapshot denominator, not a private database claim","2026-09-11T02:07:54.170Z"
"745","2","8949","8949","134825","134825","183769","24777","24777","0","0","0","128365","Complete public discovery union: 8,949 distinct watch routes from 8,913 /filter records plus 36 sitemap-only routes across 293 child maps; current snapshot denominator, not a private database claim","2026-09-11T02:08:24.309Z"
"746","2","8949","8949","134825","134825","183769","24887","24887","0","0","0","128340","Complete public discovery union: 8,949 distinct watch routes from 8,913 /filter records plus 36 sitemap-only routes across 293 child maps; current snapshot denominator, not a private database claim","2026-09-11T02:08:54.610Z"
"747","2","8949","8949","134825","134825","183769","24949","24949","0","0","0","128315","Complete public discovery union: 8,949 distinct watch routes from 8,913 /filter records plus 36 sitemap-only routes across 293 child maps; current snapshot denominator, not a private database claim","2026-09-11T02:09:24.722Z"
"748","2","8949","8949","134825","134825","183769","24962","24962","0","0","0","128290","Complete public discovery union: 8,949 distinct watch routes from 8,913 /filter records plus 36 sitemap-only routes across 293 child maps; current snapshot denominator, not a private database claim","2026-09-11T02:09:54.888Z"
"749","2","8949","8949","134825","134825","183769","24981","24981","0","0","0","128265","Complete public discovery union: 8,949 distinct watch routes from 8,913 /filter records plus 36 sitemap-only routes across 293 child maps; current snapshot denominator, not a private database claim","2026-09-11T02:10:24.986Z"
"750","2","8949","8949","134825","134825","183769","25015","25015","0","0","0","128240","Complete public discovery union: 8,949 distinct watch routes from 8,913 /filter records plus 36 sitemap-only routes across 293 child maps; current snapshot denominator, not a private database claim","2026-09-11T02:10:55.138Z"
"751","2","8949","8949","134825","134825","183769","25045","25045","0","0","0","128215","Complete public discovery union: 8,949 distinct watch routes from 8,913 /filter records plus 36 sitemap-only routes across 293 child maps; current snapshot denominator, not a private database claim","2026-09-11T02:11:25.273Z"
"752","2","8949","8949","134825","134825","183769","25071","25071","0","0","0","128190","Complete public discovery union: 8,949 distinct watch routes from 8,913 /filter records plus 36 sitemap-only routes across 293 child maps; current snapshot denominator, not a private database claim","2026-09-11T02:11:55.382Z"
"753","2","8949","8949","134825","134825","183769","25126","25126","0","0","0","128165","Complete public discovery union: 8,949 distinct watch routes from 8,913 /filter records plus 36 sitemap-only routes across 293 child maps; current snapshot denominator, not a private database claim","2026-09-11T02:12:25.461Z"
"754","2","8949","8949","134825","134825","183769","25174","25174","0","0","0","128140","Complete public discovery union: 8,949 distinct watch routes from 8,913 /filter records plus 36 sitemap-only routes across 293 child maps; current snapshot denominator, not a private database claim","2026-09-11T02:12:55.578Z"
"755","2","8949","8949","134825","134825","183769","25239","25239","0","0","0","128115","Complete public discovery union: 8,949 distinct watch routes from 8,913 /filter records plus 36 sitemap-only routes across 293 child maps; current snapshot denominator, not a private database claim","2026-09-11T02:13:25.685Z"
"756","2","8949","8949","134825","134825","183769","25274","25274","0","0","0","128090","Complete public discovery union: 8,949 distinct watch routes from 8,913 /filter records plus 36 sitemap-only routes across 293 child maps; current snapshot denominator, not a private database claim","2026-09-11T02:13:56.203Z"
"757","2","8949","8949","134825","134825","183769","25299","25299","0","0","0","128065","Complete public discovery union: 8,949 distinct watch routes from 8,913 /filter records plus 36 sitemap-only routes across 293 child maps; current snapshot denominator, not a private database claim","2026-09-11T02:14:25.942Z"
"758","2","8949","8949","134825","134825","183769","25324","25324","0","0","0","128040","Complete public discovery union: 8,949 distinct watch routes from 8,913 /filter records plus 36 sitemap-only routes across 293 child maps; current snapshot denominator, not a private database claim","2026-09-11T02:14:56.388Z"
"759","2","8949","8949","134825","134825","183769","25349","25349","0","0","0","128015","Complete public discovery union: 8,949 distinct watch routes from 8,913 /filter records plus 36 sitemap-only routes across 293 child maps; current snapshot denominator, not a private database claim","2026-09-11T02:15:26.167Z"
"760","2","8949","8949","134825","134825","183769","25403","25403","0","0","0","127990","Complete public discovery union: 8,949 distinct watch routes from 8,913 /filter records plus 36 sitemap-only routes across 293 child maps; current snapshot denominator, not a private database claim","2026-09-11T02:15:56.239Z"
"761","2","8949","8949","134825","134825","183769","25524","25524","0","0","0","127965","Complete public discovery union: 8,949 distinct watch routes from 8,913 /filter records plus 36 sitemap-only routes across 293 child maps; current snapshot denominator, not a private database claim","2026-09-11T02:16:26.416Z"
"762","2","8949","8949","134825","134825","183769","25608","25608","0","0","0","127940","Complete public discovery union: 8,949 distinct watch routes from 8,913 /filter records plus 36 sitemap-only routes across 293 child maps; current snapshot denominator, not a private database claim","2026-09-11T02:16:56.569Z"
"763","2","8949","8949","134825","134825","183769","25656","25656","0","0","0","127915","Complete public discovery union: 8,949 distinct watch routes from 8,913 /filter records plus 36 sitemap-only routes across 293 child maps; current snapshot denominator, not a private database claim","2026-09-11T02:17:27.013Z"
"764","2","8949","8949","134825","134825","183769","25706","25706","0","0","0","127890","Complete public discovery union: 8,949 distinct watch routes from 8,913 /filter records plus 36 sitemap-only routes across 293 child maps; current snapshot denominator, not a private database claim","2026-09-11T02:17:57.177Z"
"765","2","8949","8949","134825","134825","183769","25756","25756","0","0","0","127865","Complete public discovery union: 8,949 distinct watch routes from 8,913 /filter records plus 36 sitemap-only routes across 293 child maps; current snapshot denominator, not a private database claim","2026-09-11T02:18:27.361Z"
"766","2","8949","8949","134825","134825","183769","25806","25806","0","0","0","127840","Complete public discovery union: 8,949 distinct watch routes from 8,913 /filter records plus 36 sitemap-only routes across 293 child maps; current snapshot denominator, not a private database claim","2026-09-11T02:18:57.305Z"
"767","2","8949","8949","134825","134825","183769","25856","25856","0","0","0","127815","Complete public discovery union: 8,949 distinct watch routes from 8,913 /filter records plus 36 sitemap-only routes across 293 child maps; current snapshot denominator, not a private database claim","2026-09-11T02:19:27.449Z"
"768","2","8949","8949","134825","134825","183769","25906","25906","0","0","0","127790","Complete public discovery union: 8,949 distinct watch routes from 8,913 /filter records plus 36 sitemap-only routes across 293 child maps; current snapshot denominator, not a private database claim","2026-09-11T02:19:57.462Z"
"769","2","8949","8949","134825","134825","183769","25980","25980","0","0","0","127765","Complete public discovery union: 8,949 distinct watch routes from 8,913 /filter records plus 36 sitemap-only routes across 293 child maps; current snapshot denominator, not a private database claim","2026-09-11T02:20:27.700Z"
"770","2","8949","8949","134825","134825","183769","26055","26055","0","0","0","127740","Complete public discovery union: 8,949 distinct watch routes from 8,913 /filter records plus 36 sitemap-only routes across 293 child maps; current snapshot denominator, not a private database claim","2026-09-11T02:20:57.878Z"
"771","2","8949","8949","134825","134825","183769","26124","26124","0","0","0","127715","Complete public discovery union: 8,949 distinct watch routes from 8,913 /filter records plus 36 sitemap-only routes across 293 child maps; current snapshot denominator, not a private database claim","2026-09-11T02:21:27.860Z"
"772","2","8949","8949","134825","134825","183769","26193","26193","0","0","0","127690","Complete public discovery union: 8,949 distinct watch routes from 8,913 /filter records plus 36 sitemap-only routes across 293 child maps; current snapshot denominator, not a private database claim","2026-09-11T02:21:57.618Z"
"773","2","8949","8949","134825","134825","183769","26268","26268","0","0","0","127665","Complete public discovery union: 8,949 distinct watch routes from 8,913 /filter records plus 36 sitemap-only routes across 293 child maps; current snapshot denominator, not a private database claim","2026-09-11T02:22:27.742Z"
"774","2","8949","8949","134825","134825","183769","26349","26349","0","0","0","127640","Complete public discovery union: 8,949 distinct watch routes from 8,913 /filter records plus 36 sitemap-only routes across 293 child maps; current snapshot denominator, not a private database claim","2026-09-11T02:22:57.701Z"
"775","2","8949","8949","134825","134825","183769","26442","26442","0","0","0","127615","Complete public discovery union: 8,949 distinct watch routes from 8,913 /filter records plus 36 sitemap-only routes across 293 child maps; current snapshot denominator, not a private database claim","2026-09-11T02:23:27.983Z"
"776","2","8949","8949","134825","134825","183769","26520","26520","0","0","0","127590","Complete public discovery union: 8,949 distinct watch routes from 8,913 /filter records plus 36 sitemap-only routes across 293 child maps; current snapshot denominator, not a private database claim","2026-09-11T02:23:58.497Z"
"777","2","8949","8949","134825","134825","183769","26595","26595","0","0","0","127565","Complete public discovery union: 8,949 distinct watch routes from 8,913 /filter records plus 36 sitemap-only routes across 293 child maps; current snapshot denominator, not a private database claim","2026-09-11T02:24:28.436Z"
"778","2","8949","8949","134825","134825","183769","26634","26634","0","0","0","127540","Complete public discovery union: 8,949 distinct watch routes from 8,913 /filter records plus 36 sitemap-only routes across 293 child maps; current snapshot denominator, not a private database claim","2026-09-11T02:24:58.330Z"
"779","2","8949","8949","134825","134825","183769","26690","26690","0","0","0","127515","Complete public discovery union: 8,949 distinct watch routes from 8,913 /filter records plus 36 sitemap-only routes across 293 child maps; current snapshot denominator, not a private database claim","2026-09-11T02:25:28.410Z"
"780","2","8949","8949","134825","134825","183769","26740","26740","0","0","0","127490","Complete public discovery union: 8,949 distinct watch routes from 8,913 /filter records plus 36 sitemap-only routes across 293 child maps; current snapshot denominator, not a private database claim","2026-09-11T02:25:58.540Z"
"781","2","8949","8949","134825","134825","183769","26790","26790","0","0","0","127465","Complete public discovery union: 8,949 distinct watch routes from 8,913 /filter records plus 36 sitemap-only routes across 293 child maps; current snapshot denominator, not a private database claim","2026-09-11T02:26:28.629Z"
"782","2","8949","8949","134825","134825","183769","26840","26840","0","0","0","127440","Complete public discovery union: 8,949 distinct watch routes from 8,913 /filter records plus 36 sitemap-only routes across 293 child maps; current snapshot denominator, not a private database claim","2026-09-11T02:26:58.801Z"
"783","2","8949","8949","134825","134825","183769","26890","26890","0","0","0","127415","Complete public discovery union: 8,949 distinct watch routes from 8,913 /filter records plus 36 sitemap-only routes across 293 child maps; current snapshot denominator, not a private database claim","2026-09-11T02:27:28.914Z"
"784","2","8949","8949","134825","134825","183769","26943","26943","0","0","0","127390","Complete public discovery union: 8,949 distinct watch routes from 8,913 /filter records plus 36 sitemap-only routes across 293 child maps; current snapshot denominator, not a private database claim","2026-09-11T02:27:59.010Z"
"785","2","8949","8949","134825","134825","183769","27018","27018","0","0","0","127365","Complete public discovery union: 8,949 distinct watch routes from 8,913 /filter records plus 36 sitemap-only routes across 293 child maps; current snapshot denominator, not a private database claim","2026-09-11T02:28:29.119Z"
"786","2","8949","8949","134825","134825","183769","27093","27093","0","0","0","127340","Complete public discovery union: 8,949 distinct watch routes from 8,913 /filter records plus 36 sitemap-only routes across 293 child maps; current snapshot denominator, not a private database claim","2026-09-11T02:28:59.219Z"
"787","2","8949","8949","134825","134825","183769","27168","27168","0","0","0","127315","Complete public discovery union: 8,949 distinct watch routes from 8,913 /filter records plus 36 sitemap-only routes across 293 child maps; current snapshot denominator, not a private database claim","2026-09-11T02:29:29.932Z"
"788","2","8949","8949","134825","134825","183769","27243","27243","0","0","0","127290","Complete public discovery union: 8,949 distinct watch routes from 8,913 /filter records plus 36 sitemap-only routes across 293 child maps; current snapshot denominator, not a private database claim","2026-09-11T02:29:59.740Z"
"789","2","8949","8949","134825","134825","183769","27318","27318","0","0","0","127265","Complete public discovery union: 8,949 distinct watch routes from 8,913 /filter records plus 36 sitemap-only routes across 293 child maps; current snapshot denominator, not a private database claim","2026-09-11T02:30:29.957Z"
"790","2","8949","8949","134825","134825","183769","27438","27438","0","0","0","127240","Complete public discovery union: 8,949 distinct watch routes from 8,913 /filter records plus 36 sitemap-only routes across 293 child maps; current snapshot denominator, not a private database claim","2026-09-11T02:30:59.641Z"
"791","2","8949","8949","134825","134825","183769","27552","27552","0","0","0","127215","Complete public discovery union: 8,949 distinct watch routes from 8,913 /filter records plus 36 sitemap-only routes across 293 child maps; current snapshot denominator, not a private database claim","2026-09-11T02:31:29.768Z"
"792","2","8949","8949","134825","134825","183769","27630","27630","0","0","0","127190","Complete public discovery union: 8,949 distinct watch routes from 8,913 /filter records plus 36 sitemap-only routes across 293 child maps; current snapshot denominator, not a private database claim","2026-09-11T02:31:59.897Z"
"793","2","8949","8949","134825","134825","183769","27705","27705","0","0","0","127165","Complete public discovery union: 8,949 distinct watch routes from 8,913 /filter records plus 36 sitemap-only routes across 293 child maps; current snapshot denominator, not a private database claim","2026-09-11T02:32:29.986Z"
"794","2","8949","8949","134825","134825","183769","27780","27780","0","0","0","127140","Complete public discovery union: 8,949 distinct watch routes from 8,913 /filter records plus 36 sitemap-only routes across 293 child maps; current snapshot denominator, not a private database claim","2026-09-11T02:33:00.090Z"
"795","2","8949","8949","134825","134825","183769","27855","27855","0","0","0","127115","Complete public discovery union: 8,949 distinct watch routes from 8,913 /filter records plus 36 sitemap-only routes across 293 child maps; current snapshot denominator, not a private database claim","2026-09-11T02:33:30.207Z"
"796","2","8949","8949","134825","134825","183769","27930","27930","0","0","0","127090","Complete public discovery union: 8,949 distinct watch routes from 8,913 /filter records plus 36 sitemap-only routes across 293 child maps; current snapshot denominator, not a private database claim","2026-09-11T02:34:00.351Z"
"797","2","8949","8949","134825","134825","183769","28005","28005","0","0","0","127065","Complete public discovery union: 8,949 distinct watch routes from 8,913 /filter records plus 36 sitemap-only routes across 293 child maps; current snapshot denominator, not a private database claim","2026-09-11T02:34:30.457Z"
"798","2","8949","8949","134825","134825","183769","28080","28080","0","0","0","127040","Complete public discovery union: 8,949 distinct watch routes from 8,913 /filter records plus 36 sitemap-only routes across 293 child maps; current snapshot denominator, not a private database claim","2026-09-11T02:35:00.606Z"
"799","2","8949","8949","134825","134825","183769","28155","28155","0","0","0","127015","Complete public discovery union: 8,949 distinct watch routes from 8,913 /filter records plus 36 sitemap-only routes across 293 child maps; current snapshot denominator, not a private database claim","2026-09-11T02:35:30.649Z"
"800","2","8949","8949","134825","134825","183769","28260","28260","0","0","0","126990","Complete public discovery union: 8,949 distinct watch routes from 8,913 /filter records plus 36 sitemap-only routes across 293 child maps; current snapshot denominator, not a private database claim","2026-09-11T02:36:00.795Z"
"801","2","8949","8949","134825","134825","183769","28375","28375","0","0","0","126965","Complete public discovery union: 8,949 distinct watch routes from 8,913 /filter records plus 36 sitemap-only routes across 293 child maps; current snapshot denominator, not a private database claim","2026-09-11T02:36:30.916Z"
"802","2","8949","8949","134825","134825","183769","28469","28469","0","0","0","126940","Complete public discovery union: 8,949 distinct watch routes from 8,913 /filter records plus 36 sitemap-only routes across 293 child maps; current snapshot denominator, not a private database claim","2026-09-11T02:37:00.900Z"
"803","2","8949","8949","134825","134825","183769","28619","28619","0","0","0","126915","Complete public discovery union: 8,949 distinct watch routes from 8,913 /filter records plus 36 sitemap-only routes across 293 child maps; current snapshot denominator, not a private database claim","2026-09-11T02:37:30.984Z"
"804","2","8949","8949","134825","134825","183769","28766","28766","0","0","0","126890","Complete public discovery union: 8,949 distinct watch routes from 8,913 /filter records plus 36 sitemap-only routes across 293 child maps; current snapshot denominator, not a private database claim","2026-09-11T02:38:01.250Z"
"805","2","8949","8949","134825","134825","183769","28847","28847","0","0","0","126865","Complete public discovery union: 8,949 distinct watch routes from 8,913 /filter records plus 36 sitemap-only routes across 293 child maps; current snapshot denominator, not a private database claim","2026-09-11T02:38:31.372Z"
"806","2","8949","8949","134825","134825","183769","28991","28991","0","0","0","126840","Complete public discovery union: 8,949 distinct watch routes from 8,913 /filter records plus 36 sitemap-only routes across 293 child maps; current snapshot denominator, not a private database claim","2026-09-11T02:39:01.465Z"
"807","2","8949","8949","134825","134825","183769","29103","29103","0","0","0","126815","Complete public discovery union: 8,949 distinct watch routes from 8,913 /filter records plus 36 sitemap-only routes across 293 child maps; current snapshot denominator, not a private database claim","2026-09-11T02:39:32.049Z"
"808","2","8949","8949","134825","134825","183769","29178","29178","0","0","0","126790","Complete public discovery union: 8,949 distinct watch routes from 8,913 /filter records plus 36 sitemap-only routes across 293 child maps; current snapshot denominator, not a private database claim","2026-09-11T02:40:02.172Z"
"809","2","8949","8949","134825","134825","183769","29253","29253","0","0","0","126765","Complete public discovery union: 8,949 distinct watch routes from 8,913 /filter records plus 36 sitemap-only routes across 293 child maps; current snapshot denominator, not a private database claim","2026-09-11T02:40:31.800Z"
"810","2","8949","8949","134825","134825","183769","29328","29328","0","0","0","126740","Complete public discovery union: 8,949 distinct watch routes from 8,913 /filter records plus 36 sitemap-only routes across 293 child maps; current snapshot denominator, not a private database claim","2026-09-11T02:41:02.177Z"
"811","2","8949","8949","134825","134825","183769","29424","29424","0","0","0","126715","Complete public discovery union: 8,949 distinct watch routes from 8,913 /filter records plus 36 sitemap-only routes across 293 child maps; current snapshot denominator, not a private database claim","2026-09-11T02:41:31.851Z"
"812","2","8949","8949","134825","134825","183769","29514","29514","0","0","0","126690","Complete public discovery union: 8,949 distinct watch routes from 8,913 /filter records plus 36 sitemap-only routes across 293 child maps; current snapshot denominator, not a private database claim","2026-09-11T02:42:02.411Z"
"813","2","8949","8949","134825","134825","183769","29589","29589","0","0","0","126665","Complete public discovery union: 8,949 distinct watch routes from 8,913 /filter records plus 36 sitemap-only routes across 293 child maps; current snapshot denominator, not a private database claim","2026-09-11T02:42:32.512Z"
"814","2","8949","8949","134825","134825","183769","29664","29664","0","0","0","126640","Complete public discovery union: 8,949 distinct watch routes from 8,913 /filter records plus 36 sitemap-only routes across 293 child maps; current snapshot denominator, not a private database claim","2026-09-11T02:43:02.706Z"
"815","2","8949","8949","134825","134825","183769","29737","29737","0","0","0","126615","Complete public discovery union: 8,949 distinct watch routes from 8,913 /filter records plus 36 sitemap-only routes across 293 child maps; current snapshot denominator, not a private database claim","2026-09-11T02:43:32.472Z"
"816","2","8949","8949","134825","134825","183769","29787","29787","0","0","0","126590","Complete public discovery union: 8,949 distinct watch routes from 8,913 /filter records plus 36 sitemap-only routes across 293 child maps; current snapshot denominator, not a private database claim","2026-09-11T02:44:02.585Z"
"817","2","8949","8949","134825","134825","183769","29837","29837","0","0","0","126565","Complete public discovery union: 8,949 distinct watch routes from 8,913 /filter records plus 36 sitemap-only routes across 293 child maps; current snapshot denominator, not a private database claim","2026-09-11T02:44:32.661Z"
"818","2","8949","8949","134825","134825","183769","29899","29899","0","0","0","126540","Complete public discovery union: 8,949 distinct watch routes from 8,913 /filter records plus 36 sitemap-only routes across 293 child maps; current snapshot denominator, not a private database claim","2026-09-11T02:45:03.119Z"
"819","2","8949","8949","134825","134825","183769","29974","29974","0","0","0","126515","Complete public discovery union: 8,949 distinct watch routes from 8,913 /filter records plus 36 sitemap-only routes across 293 child maps; current snapshot denominator, not a private database claim","2026-09-11T02:45:33.266Z"
"820","2","8949","8949","134825","134825","183769","30049","30049","0","0","0","126490","Complete public discovery union: 8,949 distinct watch routes from 8,913 /filter records plus 36 sitemap-only routes across 293 child maps; current snapshot denominator, not a private database claim","2026-09-11T02:46:03.403Z"
"821","2","8949","8949","134825","134825","183769","30124","30124","0","0","0","126465","Complete public discovery union: 8,949 distinct watch routes from 8,913 /filter records plus 36 sitemap-only routes across 293 child maps; current snapshot denominator, not a private database claim","2026-09-11T02:46:33.194Z"
"822","2","8949","8949","134825","134825","183769","30235","30235","0","0","0","126440","Complete public discovery union: 8,949 distinct watch routes from 8,913 /filter records plus 36 sitemap-only routes across 293 child maps; current snapshot denominator, not a private database claim","2026-09-11T02:47:03.251Z"
"823","2","8949","8949","134825","134825","183769","30310","30310","0","0","0","126415","Complete public discovery union: 8,949 distinct watch routes from 8,913 /filter records plus 36 sitemap-only routes across 293 child maps; current snapshot denominator, not a private database claim","2026-09-11T02:47:33.386Z"
"824","2","8949","8949","134825","134825","183769","30454","30454","0","0","0","126390","Complete public discovery union: 8,949 distinct watch routes from 8,913 /filter records plus 36 sitemap-only routes across 293 child maps; current snapshot denominator, not a private database claim","2026-09-11T02:48:03.448Z"
"825","2","8949","8949","134825","134825","183769","30601","30601","0","0","0","126365","Complete public discovery union: 8,949 distinct watch routes from 8,913 /filter records plus 36 sitemap-only routes across 293 child maps; current snapshot denominator, not a private database claim","2026-09-11T02:48:33.562Z"
"826","2","8949","8949","134825","134825","183769","30709","30709","0","0","0","126340","Complete public discovery union: 8,949 distinct watch routes from 8,913 /filter records plus 36 sitemap-only routes across 293 child maps; current snapshot denominator, not a private database claim","2026-09-11T02:49:03.930Z"
"827","2","8949","8949","134825","134825","183769","30784","30784","0","0","0","126315","Complete public discovery union: 8,949 distinct watch routes from 8,913 /filter records plus 36 sitemap-only routes across 293 child maps; current snapshot denominator, not a private database claim","2026-09-11T02:49:33.802Z"
"828","2","8949","8949","134825","134825","183769","30859","30859","0","0","0","126290","Complete public discovery union: 8,949 distinct watch routes from 8,913 /filter records plus 36 sitemap-only routes across 293 child maps; current snapshot denominator, not a private database claim","2026-09-11T02:50:04.313Z"
"829","2","8949","8949","134825","134825","183769","31000","31000","0","0","0","126265","Complete public discovery union: 8,949 distinct watch routes from 8,913 /filter records plus 36 sitemap-only routes across 293 child maps; current snapshot denominator, not a private database claim","2026-09-11T02:50:33.936Z"
"830","2","8949","8949","134825","134825","183769","31084","31084","0","0","0","126240","Complete public discovery union: 8,949 distinct watch routes from 8,913 /filter records plus 36 sitemap-only routes across 293 child maps; current snapshot denominator, not a private database claim","2026-09-11T02:51:04.216Z"
"831","2","8949","8949","134825","134825","183769","31159","31159","0","0","0","126215","Complete public discovery union: 8,949 distinct watch routes from 8,913 /filter records plus 36 sitemap-only routes across 293 child maps; current snapshot denominator, not a private database claim","2026-09-11T02:51:34.263Z"
"832","2","8949","8949","134825","134825","183769","31233","31233","0","0","0","126190","Complete public discovery union: 8,949 distinct watch routes from 8,913 /filter records plus 36 sitemap-only routes across 293 child maps; current snapshot denominator, not a private database claim","2026-09-11T02:52:04.960Z"
"833","2","8949","8949","134825","134825","183769","31308","31308","0","0","0","126165","Complete public discovery union: 8,949 distinct watch routes from 8,913 /filter records plus 36 sitemap-only routes across 293 child maps; current snapshot denominator, not a private database claim","2026-09-11T02:52:34.964Z"
"834","2","8949","8949","134825","134825","183769","31360","31360","0","0","0","126140","Complete public discovery union: 8,949 distinct watch routes from 8,913 /filter records plus 36 sitemap-only routes across 293 child maps; current snapshot denominator, not a private database claim","2026-09-11T02:53:05.007Z"
"835","2","8949","8949","134825","134825","183769","31446","31446","0","0","0","126115","Complete public discovery union: 8,949 distinct watch routes from 8,913 /filter records plus 36 sitemap-only routes across 293 child maps; current snapshot denominator, not a private database claim","2026-09-11T02:53:34.720Z"
"836","2","8949","8949","134825","134825","183769","31594","31594","0","0","0","126090","Complete public discovery union: 8,949 distinct watch routes from 8,913 /filter records plus 36 sitemap-only routes across 293 child maps; current snapshot denominator, not a private database claim","2026-09-11T02:54:04.700Z"
"837","2","8949","8949","134825","134825","183769","31723","31723","0","0","0","126065","Complete public discovery union: 8,949 distinct watch routes from 8,913 /filter records plus 36 sitemap-only routes across 293 child maps; current snapshot denominator, not a private database claim","2026-09-11T02:54:34.994Z"
"838","2","8949","8949","134825","134825","183769","31798","31798","0","0","0","126040","Complete public discovery union: 8,949 distinct watch routes from 8,913 /filter records plus 36 sitemap-only routes across 293 child maps; current snapshot denominator, not a private database claim","2026-09-11T02:55:05.067Z"
"839","2","8949","8949","134825","134825","183769","31873","31873","0","0","0","126015","Complete public discovery union: 8,949 distinct watch routes from 8,913 /filter records plus 36 sitemap-only routes across 293 child maps; current snapshot denominator, not a private database claim","2026-09-11T02:55:35.174Z"
"840","2","8949","8949","134825","134825","183769","31948","31948","0","0","0","125990","Complete public discovery union: 8,949 distinct watch routes from 8,913 /filter records plus 36 sitemap-only routes across 293 child maps; current snapshot denominator, not a private database claim","2026-09-11T02:56:05.286Z"
"841","2","8949","8949","134825","134825","183769","32026","32026","0","0","0","125965","Complete public discovery union: 8,949 distinct watch routes from 8,913 /filter records plus 36 sitemap-only routes across 293 child maps; current snapshot denominator, not a private database claim","2026-09-11T02:56:35.429Z"
"842","2","8949","8949","134825","134825","183769","32101","32101","0","0","0","125940","Complete public discovery union: 8,949 distinct watch routes from 8,913 /filter records plus 36 sitemap-only routes across 293 child maps; current snapshot denominator, not a private database claim","2026-09-11T02:57:05.354Z"
"843","2","8949","8949","134825","134825","183769","32173","32173","0","0","0","125915","Complete public discovery union: 8,949 distinct watch routes from 8,913 /filter records plus 36 sitemap-only routes across 293 child maps; current snapshot denominator, not a private database claim","2026-09-11T02:57:35.642Z"
"844","2","8949","8949","134825","134825","183769","32248","32248","0","0","0","125890","Complete public discovery union: 8,949 distinct watch routes from 8,913 /filter records plus 36 sitemap-only routes across 293 child maps; current snapshot denominator, not a private database claim","2026-09-11T02:58:05.723Z"
"845","2","8949","8949","134825","134825","183769","32323","32323","0","0","0","125865","Complete public discovery union: 8,949 distinct watch routes from 8,913 /filter records plus 36 sitemap-only routes across 293 child maps; current snapshot denominator, not a private database claim","2026-09-11T02:58:35.688Z"
"846","2","8949","8949","134825","134825","183769","32398","32398","0","0","0","125840","Complete public discovery union: 8,949 distinct watch routes from 8,913 /filter records plus 36 sitemap-only routes across 293 child maps; current snapshot denominator, not a private database claim","2026-09-11T02:59:05.933Z"
"847","2","8949","8949","134825","134825","183769","32512","32512","0","0","0","125815","Complete public discovery union: 8,949 distinct watch routes from 8,913 /filter records plus 36 sitemap-only routes across 293 child maps; current snapshot denominator, not a private database claim","2026-09-11T02:59:36.043Z"
"848","2","8949","8949","134825","134825","183769","32575","32575","0","0","0","125790","Complete public discovery union: 8,949 distinct watch routes from 8,913 /filter records plus 36 sitemap-only routes across 293 child maps; current snapshot denominator, not a private database claim","2026-09-11T03:00:06.144Z"
"849","2","8949","8949","134825","134825","183769","32689","32689","0","0","0","125765","Complete public discovery union: 8,949 distinct watch routes from 8,913 /filter records plus 36 sitemap-only routes across 293 child maps; current snapshot denominator, not a private database claim","2026-09-11T03:00:36.284Z"
"850","2","8949","8949","134825","134825","183769","32764","32764","0","0","0","125740","Complete public discovery union: 8,949 distinct watch routes from 8,913 /filter records plus 36 sitemap-only routes across 293 child maps; current snapshot denominator, not a private database claim","2026-09-11T03:01:06.391Z"
"851","2","8949","8949","134825","134825","183769","32836","32836","0","0","0","125715","Complete public discovery union: 8,949 distinct watch routes from 8,913 /filter records plus 36 sitemap-only routes across 293 child maps; current snapshot denominator, not a private database claim","2026-09-11T03:01:36.887Z"
"852","2","8949","8949","134825","134825","183769","32911","32911","0","0","0","125690","Complete public discovery union: 8,949 distinct watch routes from 8,913 /filter records plus 36 sitemap-only routes across 293 child maps; current snapshot denominator, not a private database claim","2026-09-11T03:02:06.649Z"
"853","2","8949","8949","134825","134825","183769","32983","32983","0","0","0","125665","Complete public discovery union: 8,949 distinct watch routes from 8,913 /filter records plus 36 sitemap-only routes across 293 child maps; current snapshot denominator, not a private database claim","2026-09-11T03:02:36.745Z"
"854","2","8949","8949","134825","134825","183769","33073","33073","0","0","0","125640","Complete public discovery union: 8,949 distinct watch routes from 8,913 /filter records plus 36 sitemap-only routes across 293 child maps; current snapshot denominator, not a private database claim","2026-09-11T03:03:06.715Z"
"855","2","8949","8949","134825","134825","183769","33123","33123","0","0","0","125615","Complete public discovery union: 8,949 distinct watch routes from 8,913 /filter records plus 36 sitemap-only routes across 293 child maps; current snapshot denominator, not a private database claim","2026-09-11T03:03:36.977Z"
"856","2","8949","8949","134825","134825","183769","33173","33173","0","0","0","125590","Complete public discovery union: 8,949 distinct watch routes from 8,913 /filter records plus 36 sitemap-only routes across 293 child maps; current snapshot denominator, not a private database claim","2026-09-11T03:04:07.056Z"
"857","2","8949","8949","134825","134825","183769","33223","33223","0","0","0","125565","Complete public discovery union: 8,949 distinct watch routes from 8,913 /filter records plus 36 sitemap-only routes across 293 child maps; current snapshot denominator, not a private database claim","2026-09-11T03:04:37.152Z"
"858","2","8949","8949","134825","134825","183769","33273","33273","0","0","0","125540","Complete public discovery union: 8,949 distinct watch routes from 8,913 /filter records plus 36 sitemap-only routes across 293 child maps; current snapshot denominator, not a private database claim","2026-09-11T03:05:07.295Z"
"859","2","8949","8949","134825","134825","183769","33343","33343","0","0","0","125515","Complete public discovery union: 8,949 distinct watch routes from 8,913 /filter records plus 36 sitemap-only routes across 293 child maps; current snapshot denominator, not a private database claim","2026-09-11T03:05:37.407Z"
"860","2","8949","8949","134825","134825","183769","33418","33418","0","0","0","125490","Complete public discovery union: 8,949 distinct watch routes from 8,913 /filter records plus 36 sitemap-only routes across 293 child maps; current snapshot denominator, not a private database claim","2026-09-11T03:06:07.530Z"
"861","2","8949","8949","134825","134825","183769","33508","33508","0","0","0","125465","Complete public discovery union: 8,949 distinct watch routes from 8,913 /filter records plus 36 sitemap-only routes across 293 child maps; current snapshot denominator, not a private database claim","2026-09-11T03:06:37.626Z"
"862","2","8949","8949","134825","134825","183769","33610","33610","0","0","0","125440","Complete public discovery union: 8,949 distinct watch routes from 8,913 /filter records plus 36 sitemap-only routes across 293 child maps; current snapshot denominator, not a private database claim","2026-09-11T03:07:07.734Z"
"863","2","8949","8949","134825","134825","183769","33660","33660","0","0","0","125415","Complete public discovery union: 8,949 distinct watch routes from 8,913 /filter records plus 36 sitemap-only routes across 293 child maps; current snapshot denominator, not a private database claim","2026-09-11T03:07:37.825Z"
"864","2","8949","8949","134825","134825","183769","33710","33710","0","0","0","125390","Complete public discovery union: 8,949 distinct watch routes from 8,913 /filter records plus 36 sitemap-only routes across 293 child maps; current snapshot denominator, not a private database claim","2026-09-11T03:08:07.983Z"
"865","2","8949","8949","134825","134825","183769","33760","33760","0","0","0","125365","Complete public discovery union: 8,949 distinct watch routes from 8,913 /filter records plus 36 sitemap-only routes across 293 child maps; current snapshot denominator, not a private database claim","2026-09-11T03:08:38.115Z"
"866","2","8949","8949","134825","134825","183769","33810","33810","0","0","0","125340","Complete public discovery union: 8,949 distinct watch routes from 8,913 /filter records plus 36 sitemap-only routes across 293 child maps; current snapshot denominator, not a private database claim","2026-09-11T03:09:08.199Z"
"867","2","8949","8949","134825","134825","183769","33860","33860","0","0","0","125315","Complete public discovery union: 8,949 distinct watch routes from 8,913 /filter records plus 36 sitemap-only routes across 293 child maps; current snapshot denominator, not a private database claim","2026-09-11T03:09:38.302Z"
"868","2","8949","8949","134825","134825","183769","33910","33910","0","0","0","125290","Complete public discovery union: 8,949 distinct watch routes from 8,913 /filter records plus 36 sitemap-only routes across 293 child maps; current snapshot denominator, not a private database claim","2026-09-11T03:10:08.409Z"
"869","2","8949","8949","134825","134825","183769","33960","33960","0","0","0","125265","Complete public discovery union: 8,949 distinct watch routes from 8,913 /filter records plus 36 sitemap-only routes across 293 child maps; current snapshot denominator, not a private database claim","2026-09-11T03:10:38.525Z"
"870","2","8949","8949","134825","134825","183769","34031","34031","0","0","0","125240","Complete public discovery union: 8,949 distinct watch routes from 8,913 /filter records plus 36 sitemap-only routes across 293 child maps; current snapshot denominator, not a private database claim","2026-09-11T03:11:08.644Z"
"871","2","8949","8949","134825","134825","183769","34106","34106","0","0","0","125215","Complete public discovery union: 8,949 distinct watch routes from 8,913 /filter records plus 36 sitemap-only routes across 293 child maps; current snapshot denominator, not a private database claim","2026-09-11T03:11:38.742Z"
"872","2","8949","8949","134825","134825","183769","34181","34181","0","0","0","125190","Complete public discovery union: 8,949 distinct watch routes from 8,913 /filter records plus 36 sitemap-only routes across 293 child maps; current snapshot denominator, not a private database claim","2026-09-11T03:12:08.836Z"
"873","2","8949","8949","134825","134825","183769","34236","34236","0","0","0","125165","Complete public discovery union: 8,949 distinct watch routes from 8,913 /filter records plus 36 sitemap-only routes across 293 child maps; current snapshot denominator, not a private database claim","2026-09-11T03:12:38.947Z"
"874","2","8949","8949","134825","134825","183769","34286","34286","0","0","0","125140","Complete public discovery union: 8,949 distinct watch routes from 8,913 /filter records plus 36 sitemap-only routes across 293 child maps; current snapshot denominator, not a private database claim","2026-09-11T03:13:09.361Z"
"875","2","8949","8949","134825","134825","183769","34336","34336","0","0","0","125115","Complete public discovery union: 8,949 distinct watch routes from 8,913 /filter records plus 36 sitemap-only routes across 293 child maps; current snapshot denominator, not a private database claim","2026-09-11T03:13:39.203Z"
"876","2","8949","8949","134825","134825","183769","34386","34386","0","0","0","125090","Complete public discovery union: 8,949 distinct watch routes from 8,913 /filter records plus 36 sitemap-only routes across 293 child maps; current snapshot denominator, not a private database claim","2026-09-11T03:14:09.341Z"
"877","2","8949","8949","134825","134825","183769","34436","34436","0","0","0","125065","Complete public discovery union: 8,949 distinct watch routes from 8,913 /filter records plus 36 sitemap-only routes across 293 child maps; current snapshot denominator, not a private database claim","2026-09-11T03:14:39.441Z"
"878","2","8949","8949","134825","134825","183769","34486","34486","0","0","0","125040","Complete public discovery union: 8,949 distinct watch routes from 8,913 /filter records plus 36 sitemap-only routes across 293 child maps; current snapshot denominator, not a private database claim","2026-09-11T03:15:09.936Z"
"879","2","8949","8949","134825","134825","183769","34536","34536","0","0","0","125015","Complete public discovery union: 8,949 distinct watch routes from 8,913 /filter records plus 36 sitemap-only routes across 293 child maps; current snapshot denominator, not a private database claim","2026-09-11T03:15:39.933Z"
"880","2","8949","8949","134825","134825","183769","34586","34586","0","0","0","124990","Complete public discovery union: 8,949 distinct watch routes from 8,913 /filter records plus 36 sitemap-only routes across 293 child maps; current snapshot denominator, not a private database claim","2026-09-11T03:16:10.037Z"
"881","2","8949","8949","134825","134825","183769","34653","34653","0","0","0","124965","Complete public discovery union: 8,949 distinct watch routes from 8,913 /filter records plus 36 sitemap-only routes across 293 child maps; current snapshot denominator, not a private database claim","2026-09-11T03:16:40.096Z"
"882","2","8949","8949","134825","134825","183769","34728","34728","0","0","0","124940","Complete public discovery union: 8,949 distinct watch routes from 8,913 /filter records plus 36 sitemap-only routes across 293 child maps; current snapshot denominator, not a private database claim","2026-09-11T03:17:09.978Z"
"883","2","8949","8949","134825","134825","183769","34803","34803","0","0","0","124915","Complete public discovery union: 8,949 distinct watch routes from 8,913 /filter records plus 36 sitemap-only routes across 293 child maps; current snapshot denominator, not a private database claim","2026-09-11T03:17:40.343Z"
"884","2","8949","8949","134825","134825","183769","34878","34878","0","0","0","124890","Complete public discovery union: 8,949 distinct watch routes from 8,913 /filter records plus 36 sitemap-only routes across 293 child maps; current snapshot denominator, not a private database claim","2026-09-11T03:18:10.509Z"
"885","2","8949","8949","134825","134825","183769","34953","34953","0","0","0","124865","Complete public discovery union: 8,949 distinct watch routes from 8,913 /filter records plus 36 sitemap-only routes across 293 child maps; current snapshot denominator, not a private database claim","2026-09-11T03:18:40.298Z"
"886","2","8949","8949","134825","134825","183769","35028","35028","0","0","0","124840","Complete public discovery union: 8,949 distinct watch routes from 8,913 /filter records plus 36 sitemap-only routes across 293 child maps; current snapshot denominator, not a private database claim","2026-09-11T03:19:10.407Z"
"887","2","8949","8949","134825","134825","183769","35103","35103","0","0","0","124815","Complete public discovery union: 8,949 distinct watch routes from 8,913 /filter records plus 36 sitemap-only routes across 293 child maps; current snapshot denominator, not a private database claim","2026-09-11T03:19:41.154Z"
"888","2","8949","8949","134825","134825","183769","35178","35178","0","0","0","124790","Complete public discovery union: 8,949 distinct watch routes from 8,913 /filter records plus 36 sitemap-only routes across 293 child maps; current snapshot denominator, not a private database claim","2026-09-11T03:20:10.721Z"
"889","2","8949","8949","134825","134825","183769","35253","35253","0","0","0","124765","Complete public discovery union: 8,949 distinct watch routes from 8,913 /filter records plus 36 sitemap-only routes across 293 child maps; current snapshot denominator, not a private database claim","2026-09-11T03:20:40.767Z"
"890","2","8949","8949","134825","134825","183769","35328","35328","0","0","0","124740","Complete public discovery union: 8,949 distinct watch routes from 8,913 /filter records plus 36 sitemap-only routes across 293 child maps; current snapshot denominator, not a private database claim","2026-09-11T03:21:10.897Z"
"891","2","8949","8949","134825","134825","183769","35386","35386","0","0","0","124715","Complete public discovery union: 8,949 distinct watch routes from 8,913 /filter records plus 36 sitemap-only routes across 293 child maps; current snapshot denominator, not a private database claim","2026-09-11T03:21:41.015Z"
"892","2","8949","8949","134825","134825","183769","35436","35436","0","0","0","124690","Complete public discovery union: 8,949 distinct watch routes from 8,913 /filter records plus 36 sitemap-only routes across 293 child maps; current snapshot denominator, not a private database claim","2026-09-11T03:22:11.128Z"
"893","2","8949","8949","134825","134825","183769","35486","35486","0","0","0","124665","Complete public discovery union: 8,949 distinct watch routes from 8,913 /filter records plus 36 sitemap-only routes across 293 child maps; current snapshot denominator, not a private database claim","2026-09-11T03:22:41.249Z"
"894","2","8949","8949","134825","134825","183769","35536","35536","0","0","0","124640","Complete public discovery union: 8,949 distinct watch routes from 8,913 /filter records plus 36 sitemap-only routes across 293 child maps; current snapshot denominator, not a private database claim","2026-09-11T03:23:11.336Z"
"895","2","8949","8949","134825","134825","183769","35586","35586","0","0","0","124615","Complete public discovery union: 8,949 distinct watch routes from 8,913 /filter records plus 36 sitemap-only routes across 293 child maps; current snapshot denominator, not a private database claim","2026-09-11T03:23:41.463Z"
"896","2","8949","8949","134825","134825","183769","35636","35636","0","0","0","124590","Complete public discovery union: 8,949 distinct watch routes from 8,913 /filter records plus 36 sitemap-only routes across 293 child maps; current snapshot denominator, not a private database claim","2026-09-11T03:24:11.541Z"
"897","2","8949","8949","134825","134825","183769","35686","35686","0","0","0","124565","Complete public discovery union: 8,949 distinct watch routes from 8,913 /filter records plus 36 sitemap-only routes across 293 child maps; current snapshot denominator, not a private database claim","2026-09-11T03:24:41.655Z"
"898","2","8949","8949","134825","134825","183769","35736","35736","0","0","0","124540","Complete public discovery union: 8,949 distinct watch routes from 8,913 /filter records plus 36 sitemap-only routes across 293 child maps; current snapshot denominator, not a private database claim","2026-09-11T03:25:11.752Z"
"899","2","8949","8949","134825","134825","183769","35786","35786","0","0","0","124515","Complete public discovery union: 8,949 distinct watch routes from 8,913 /filter records plus 36 sitemap-only routes across 293 child maps; current snapshot denominator, not a private database claim","2026-09-11T03:25:41.879Z"
"900","2","8949","8949","134825","134825","183769","35836","35836","0","0","0","124490","Complete public discovery union: 8,949 distinct watch routes from 8,913 /filter records plus 36 sitemap-only routes across 293 child maps; current snapshot denominator, not a private database claim","2026-09-11T03:26:12.017Z"
"901","2","8949","8949","134825","134825","183769","35886","35886","0","0","0","124465","Complete public discovery union: 8,949 distinct watch routes from 8,913 /filter records plus 36 sitemap-only routes across 293 child maps; current snapshot denominator, not a private database claim","2026-09-11T03:26:42.116Z"
"902","2","8949","8949","134825","134825","183769","35936","35936","0","0","0","124440","Complete public discovery union: 8,949 distinct watch routes from 8,913 /filter records plus 36 sitemap-only routes across 293 child maps; current snapshot denominator, not a private database claim","2026-09-11T03:27:12.213Z"
"903","2","8949","8949","134825","134825","183769","35986","35986","0","0","0","124415","Complete public discovery union: 8,949 distinct watch routes from 8,913 /filter records plus 36 sitemap-only routes across 293 child maps; current snapshot denominator, not a private database claim","2026-09-11T03:27:42.323Z"
"904","2","8949","8949","134825","134825","183769","36036","36036","0","0","0","124390","Complete public discovery union: 8,949 distinct watch routes from 8,913 /filter records plus 36 sitemap-only routes across 293 child maps; current snapshot denominator, not a private database claim","2026-09-11T03:28:12.422Z"
"905","2","8949","8949","134825","134825","183769","36086","36086","0","0","0","124365","Complete public discovery union: 8,949 distinct watch routes from 8,913 /filter records plus 36 sitemap-only routes across 293 child maps; current snapshot denominator, not a private database claim","2026-09-11T03:28:42.539Z"
"906","2","8949","8949","134825","134825","183769","36136","36136","0","0","0","124340","Complete public discovery union: 8,949 distinct watch routes from 8,913 /filter records plus 36 sitemap-only routes across 293 child maps; current snapshot denominator, not a private database claim","2026-09-11T03:29:12.660Z"
"907","2","8949","8949","134825","134825","183769","36196","36196","0","0","0","124315","Complete public discovery union: 8,949 distinct watch routes from 8,913 /filter records plus 36 sitemap-only routes across 293 child maps; current snapshot denominator, not a private database claim","2026-09-11T03:29:42.772Z"
"908","2","8949","8949","134825","134825","183769","36271","36271","0","0","0","124290","Complete public discovery union: 8,949 distinct watch routes from 8,913 /filter records plus 36 sitemap-only routes across 293 child maps; current snapshot denominator, not a private database claim","2026-09-11T03:30:12.873Z"
"909","2","8949","8949","134825","134825","183769","36346","36346","0","0","0","124265","Complete public discovery union: 8,949 distinct watch routes from 8,913 /filter records plus 36 sitemap-only routes across 293 child maps; current snapshot denominator, not a private database claim","2026-09-11T03:30:42.966Z"
"910","2","8949","8949","134825","134825","183769","36421","36421","0","0","0","124240","Complete public discovery union: 8,949 distinct watch routes from 8,913 /filter records plus 36 sitemap-only routes across 293 child maps; current snapshot denominator, not a private database claim","2026-09-11T03:31:13.094Z"
"911","2","8949","8949","134825","134825","183769","36496","36496","0","0","0","124215","Complete public discovery union: 8,949 distinct watch routes from 8,913 /filter records plus 36 sitemap-only routes across 293 child maps; current snapshot denominator, not a private database claim","2026-09-11T03:31:43.635Z"
"912","2","8949","8949","134825","134825","183769","36571","36571","0","0","0","124190","Complete public discovery union: 8,949 distinct watch routes from 8,913 /filter records plus 36 sitemap-only routes across 293 child maps; current snapshot denominator, not a private database claim","2026-09-11T03:32:13.315Z"
"913","2","8949","8949","134825","134825","183769","36646","36646","0","0","0","124165","Complete public discovery union: 8,949 distinct watch routes from 8,913 /filter records plus 36 sitemap-only routes across 293 child maps; current snapshot denominator, not a private database claim","2026-09-11T03:32:43.431Z"
"914","2","8949","8949","134825","134825","183769","36696","36696","0","0","0","124140","Complete public discovery union: 8,949 distinct watch routes from 8,913 /filter records plus 36 sitemap-only routes across 293 child maps; current snapshot denominator, not a private database claim","2026-09-11T03:33:13.570Z"
"915","2","8949","8949","134825","134825","183769","36746","36746","0","0","0","124115","Complete public discovery union: 8,949 distinct watch routes from 8,913 /filter records plus 36 sitemap-only routes across 293 child maps; current snapshot denominator, not a private database claim","2026-09-11T03:33:43.818Z"
"916","2","8949","8949","134825","134825","183769","36796","36796","0","0","0","124090","Complete public discovery union: 8,949 distinct watch routes from 8,913 /filter records plus 36 sitemap-only routes across 293 child maps; current snapshot denominator, not a private database claim","2026-09-11T03:34:13.921Z"
"917","2","8949","8949","134825","134825","183769","36846","36846","0","0","0","124065","Complete public discovery union: 8,949 distinct watch routes from 8,913 /filter records plus 36 sitemap-only routes across 293 child maps; current snapshot denominator, not a private database claim","2026-09-11T03:34:44.043Z"
"918","2","8949","8949","134825","134825","183769","36896","36896","0","0","0","124040","Complete public discovery union: 8,949 distinct watch routes from 8,913 /filter records plus 36 sitemap-only routes across 293 child maps; current snapshot denominator, not a private database claim","2026-09-11T03:35:14.158Z"
"919","2","8949","8949","134825","134825","183769","36946","36946","0","0","0","124015","Complete public discovery union: 8,949 distinct watch routes from 8,913 /filter records plus 36 sitemap-only routes across 293 child maps; current snapshot denominator, not a private database claim","2026-09-11T03:35:44.547Z"
"920","2","8949","8949","134825","134825","183769","36996","36996","0","0","0","123990","Complete public discovery union: 8,949 distinct watch routes from 8,913 /filter records plus 36 sitemap-only routes across 293 child maps; current snapshot denominator, not a private database claim","2026-09-11T03:36:14.968Z"
"921","2","8949","8949","134825","134825","183769","37046","37046","0","0","0","123965","Complete public discovery union: 8,949 distinct watch routes from 8,913 /filter records plus 36 sitemap-only routes across 293 child maps; current snapshot denominator, not a private database claim","2026-09-11T03:36:45.386Z"
"922","2","8949","8949","134825","134825","183769","37096","37096","0","0","0","123940","Complete public discovery union: 8,949 distinct watch routes from 8,913 /filter records plus 36 sitemap-only routes across 293 child maps; current snapshot denominator, not a private database claim","2026-09-11T03:37:15.046Z"
"923","2","8949","8949","134825","134825","183769","37146","37146","0","0","0","123915","Complete public discovery union: 8,949 distinct watch routes from 8,913 /filter records plus 36 sitemap-only routes across 293 child maps; current snapshot denominator, not a private database claim","2026-09-11T03:37:45.947Z"
"924","2","8949","8949","134825","134825","183769","37196","37196","0","0","0","123890","Complete public discovery union: 8,949 distinct watch routes from 8,913 /filter records plus 36 sitemap-only routes across 293 child maps; current snapshot denominator, not a private database claim","2026-09-11T03:38:15.981Z"
"925","2","8949","8949","134825","134825","183769","37246","37246","0","0","0","123865","Complete public discovery union: 8,949 distinct watch routes from 8,913 /filter records plus 36 sitemap-only routes across 293 child maps; current snapshot denominator, not a private database claim","2026-09-11T03:38:46.477Z"
"926","2","8949","8949","134825","134825","183769","37296","37296","0","0","0","123840","Complete public discovery union: 8,949 distinct watch routes from 8,913 /filter records plus 36 sitemap-only routes across 293 child maps; current snapshot denominator, not a private database claim","2026-09-11T03:39:16.731Z"
"927","2","8949","8949","134825","134825","183769","37346","37346","0","0","0","123815","Complete public discovery union: 8,949 distinct watch routes from 8,913 /filter records plus 36 sitemap-only routes across 293 child maps; current snapshot denominator, not a private database claim","2026-09-11T03:39:46.713Z"
"928","2","8949","8949","134825","134825","183769","37396","37396","0","0","0","123790","Complete public discovery union: 8,949 distinct watch routes from 8,913 /filter records plus 36 sitemap-only routes across 293 child maps; current snapshot denominator, not a private database claim","2026-09-11T03:40:17.026Z"
"929","2","8949","8949","134825","134825","183769","37447","37447","0","0","0","123765","Complete public discovery union: 8,949 distinct watch routes from 8,913 /filter records plus 36 sitemap-only routes across 293 child maps; current snapshot denominator, not a private database claim","2026-09-11T03:40:47.285Z"
"930","2","8949","8949","134825","134825","183769","37497","37497","0","0","0","123740","Complete public discovery union: 8,949 distinct watch routes from 8,913 /filter records plus 36 sitemap-only routes across 293 child maps; current snapshot denominator, not a private database claim","2026-09-11T03:41:17.566Z"
"931","2","8949","8949","134825","134825","183769","37547","37547","0","0","0","123715","Complete public discovery union: 8,949 distinct watch routes from 8,913 /filter records plus 36 sitemap-only routes across 293 child maps; current snapshot denominator, not a private database claim","2026-09-11T03:41:47.858Z"
"932","2","8949","8949","134825","134825","183769","37597","37597","0","0","0","123690","Complete public discovery union: 8,949 distinct watch routes from 8,913 /filter records plus 36 sitemap-only routes across 293 child maps; current snapshot denominator, not a private database claim","2026-09-11T03:42:18.170Z"
"933","2","8949","8949","134825","134825","183769","37662","37662","0","0","0","123665","Complete public discovery union: 8,949 distinct watch routes from 8,913 /filter records plus 36 sitemap-only routes across 293 child maps; current snapshot denominator, not a private database claim","2026-09-11T03:42:48.440Z"
"934","2","8949","8949","134825","134825","183769","37737","37737","0","0","0","123640","Complete public discovery union: 8,949 distinct watch routes from 8,913 /filter records plus 36 sitemap-only routes across 293 child maps; current snapshot denominator, not a private database claim","2026-09-11T03:43:18.707Z"
"935","2","8949","8949","134825","134825","183769","37812","37812","0","0","0","123615","Complete public discovery union: 8,949 distinct watch routes from 8,913 /filter records plus 36 sitemap-only routes across 293 child maps; current snapshot denominator, not a private database claim","2026-09-11T03:43:48.996Z"
"936","2","8949","8949","134825","134825","183769","37887","37887","0","0","0","123590","Complete public discovery union: 8,949 distinct watch routes from 8,913 /filter records plus 36 sitemap-only routes across 293 child maps; current snapshot denominator, not a private database claim","2026-09-11T03:44:19.287Z"
"937","2","8949","8949","134825","134825","183769","37962","37962","0","0","0","123565","Complete public discovery union: 8,949 distinct watch routes from 8,913 /filter records plus 36 sitemap-only routes across 293 child maps; current snapshot denominator, not a private database claim","2026-09-11T03:44:49.528Z"
"938","2","8949","8949","134825","134825","183769","38037","38037","0","0","0","123540","Complete public discovery union: 8,949 distinct watch routes from 8,913 /filter records plus 36 sitemap-only routes across 293 child maps; current snapshot denominator, not a private database claim","2026-09-11T03:45:19.799Z"
"939","2","8949","8949","134825","134825","183769","38135","38135","0","0","0","123515","Complete public discovery union: 8,949 distinct watch routes from 8,913 /filter records plus 36 sitemap-only routes across 293 child maps; current snapshot denominator, not a private database claim","2026-09-11T03:45:50.080Z"
"940","2","8949","8949","134825","134825","183769","38185","38185","0","0","0","123490","Complete public discovery union: 8,949 distinct watch routes from 8,913 /filter records plus 36 sitemap-only routes across 293 child maps; current snapshot denominator, not a private database claim","2026-09-11T03:46:20.219Z"
"941","2","8949","8949","134825","134825","183769","38235","38235","0","0","0","123465","Complete public discovery union: 8,949 distinct watch routes from 8,913 /filter records plus 36 sitemap-only routes across 293 child maps; current snapshot denominator, not a private database claim","2026-09-11T03:46:50.641Z"
"942","2","8949","8949","134825","134825","183769","38285","38285","0","0","0","123440","Complete public discovery union: 8,949 distinct watch routes from 8,913 /filter records plus 36 sitemap-only routes across 293 child maps; current snapshot denominator, not a private database claim","2026-09-11T03:47:20.861Z"
"943","2","8949","8949","134825","134825","183769","38335","38335","0","0","0","123415","Complete public discovery union: 8,949 distinct watch routes from 8,913 /filter records plus 36 sitemap-only routes across 293 child maps; current snapshot denominator, not a private database claim","2026-09-11T03:47:51.076Z"
"944","2","8949","8949","134825","134825","183769","38396","38396","0","0","0","123390","Complete public discovery union: 8,949 distinct watch routes from 8,913 /filter records plus 36 sitemap-only routes across 293 child maps; current snapshot denominator, not a private database claim","2026-09-11T03:48:21.315Z"
"945","2","8949","8949","134825","134825","183769","38471","38471","0","0","0","123365","Complete public discovery union: 8,949 distinct watch routes from 8,913 /filter records plus 36 sitemap-only routes across 293 child maps; current snapshot denominator, not a private database claim","2026-09-11T03:48:51.558Z"
"946","2","8949","8949","134825","134825","183769","38546","38546","0","0","0","123340","Complete public discovery union: 8,949 distinct watch routes from 8,913 /filter records plus 36 sitemap-only routes across 293 child maps; current snapshot denominator, not a private database claim","2026-09-11T03:49:21.800Z"
"947","2","8949","8949","134825","134825","183769","38597","38597","0","0","0","123315","Complete public discovery union: 8,949 distinct watch routes from 8,913 /filter records plus 36 sitemap-only routes across 293 child maps; current snapshot denominator, not a private database claim","2026-09-11T03:49:52.038Z"
"948","2","8949","8949","134825","134825","183769","38647","38647","0","0","0","123290","Complete public discovery union: 8,949 distinct watch routes from 8,913 /filter records plus 36 sitemap-only routes across 293 child maps; current snapshot denominator, not a private database claim","2026-09-11T03:50:22.245Z"
"949","2","8949","8949","134825","134825","183769","38697","38697","0","0","0","123265","Complete public discovery union: 8,949 distinct watch routes from 8,913 /filter records plus 36 sitemap-only routes across 293 child maps; current snapshot denominator, not a private database claim","2026-09-11T03:50:52.488Z"
"950","2","8949","8949","134825","134825","183769","38747","38747","0","0","0","123240","Complete public discovery union: 8,949 distinct watch routes from 8,913 /filter records plus 36 sitemap-only routes across 293 child maps; current snapshot denominator, not a private database claim","2026-09-11T03:51:22.714Z"
"951","2","8949","8949","134825","134825","183769","38801","38801","0","0","0","123215","Complete public discovery union: 8,949 distinct watch routes from 8,913 /filter records plus 36 sitemap-only routes across 293 child maps; current snapshot denominator, not a private database claim","2026-09-11T03:51:52.954Z"
"952","2","8949","8949","134825","134825","183769","38876","38876","0","0","0","123190","Complete public discovery union: 8,949 distinct watch routes from 8,913 /filter records plus 36 sitemap-only routes across 293 child maps; current snapshot denominator, not a private database claim","2026-09-11T03:52:23.158Z"
"953","2","8949","8949","134825","134825","183769","38951","38951","0","0","0","123165","Complete public discovery union: 8,949 distinct watch routes from 8,913 /filter records plus 36 sitemap-only routes across 293 child maps; current snapshot denominator, not a private database claim","2026-09-11T03:52:53.388Z"
"954","2","8949","8949","134825","134825","183769","39026","39026","0","0","0","123140","Complete public discovery union: 8,949 distinct watch routes from 8,913 /filter records plus 36 sitemap-only routes across 293 child maps; current snapshot denominator, not a private database claim","2026-09-11T03:53:23.636Z"
"955","2","8949","8949","134825","134825","183769","39101","39101","0","0","0","123115","Complete public discovery union: 8,949 distinct watch routes from 8,913 /filter records plus 36 sitemap-only routes across 293 child maps; current snapshot denominator, not a private database claim","2026-09-11T03:53:54.232Z"
"956","2","8949","8949","134825","134825","183769","39176","39176","0","0","0","123090","Complete public discovery union: 8,949 distinct watch routes from 8,913 /filter records plus 36 sitemap-only routes across 293 child maps; current snapshot denominator, not a private database claim","2026-09-11T03:54:24.457Z"
"957","2","8949","8949","134825","134825","183769","39251","39251","0","0","0","123065","Complete public discovery union: 8,949 distinct watch routes from 8,913 /filter records plus 36 sitemap-only routes across 293 child maps; current snapshot denominator, not a private database claim","2026-09-11T03:54:54.697Z"
"958","2","8949","8949","134825","134825","183769","39326","39326","0","0","0","123040","Complete public discovery union: 8,949 distinct watch routes from 8,913 /filter records plus 36 sitemap-only routes across 293 child maps; current snapshot denominator, not a private database claim","2026-09-11T03:55:24.951Z"
"959","2","8949","8949","134825","134825","183769","39437","39437","0","0","0","123015","Complete public discovery union: 8,949 distinct watch routes from 8,913 /filter records plus 36 sitemap-only routes across 293 child maps; current snapshot denominator, not a private database claim","2026-09-11T03:55:54.780Z"
"960","2","8949","8949","134825","134825","183769","39515","39515","0","0","0","122990","Complete public discovery union: 8,949 distinct watch routes from 8,913 /filter records plus 36 sitemap-only routes across 293 child maps; current snapshot denominator, not a private database claim","2026-09-11T03:56:25.012Z"
"961","2","8949","8949","134825","134825","183769","39661","39661","0","0","0","122965","Complete public discovery union: 8,949 distinct watch routes from 8,913 /filter records plus 36 sitemap-only routes across 293 child maps; current snapshot denominator, not a private database claim","2026-09-11T03:56:55.252Z"
"962","2","8949","8949","134825","134825","183769","39739","39739","0","0","0","122940","Complete public discovery union: 8,949 distinct watch routes from 8,913 /filter records plus 36 sitemap-only routes across 293 child maps; current snapshot denominator, not a private database claim","2026-09-11T03:57:25.502Z"
"963","2","8949","8949","134825","134825","183769","39854","39854","0","0","0","122915","Complete public discovery union: 8,949 distinct watch routes from 8,913 /filter records plus 36 sitemap-only routes across 293 child maps; current snapshot denominator, not a private database claim","2026-09-11T03:57:55.602Z"
"964","2","8949","8949","134825","134825","183769","39973","39973","0","0","0","122890","Complete public discovery union: 8,949 distinct watch routes from 8,913 /filter records plus 36 sitemap-only routes across 293 child maps; current snapshot denominator, not a private database claim","2026-09-11T03:58:25.750Z"
"965","2","8949","8949","134825","134825","183769","40023","40023","0","0","0","122865","Complete public discovery union: 8,949 distinct watch routes from 8,913 /filter records plus 36 sitemap-only routes across 293 child maps; current snapshot denominator, not a private database claim","2026-09-11T03:58:56.517Z"
"966","2","8949","8949","134825","134825","183769","40073","40073","0","0","0","122840","Complete public discovery union: 8,949 distinct watch routes from 8,913 /filter records plus 36 sitemap-only routes across 293 child maps; current snapshot denominator, not a private database claim","2026-09-11T03:59:26.919Z"
"967","2","8949","8949","134825","134825","183769","40123","40123","0","0","0","122815","Complete public discovery union: 8,949 distinct watch routes from 8,913 /filter records plus 36 sitemap-only routes across 293 child maps; current snapshot denominator, not a private database claim","2026-09-11T03:59:57.033Z"
"968","2","8949","8949","134825","134825","183769","40183","40183","0","0","0","122790","Complete public discovery union: 8,949 distinct watch routes from 8,913 /filter records plus 36 sitemap-only routes across 293 child maps; current snapshot denominator, not a private database claim","2026-09-11T04:00:26.811Z"
"969","2","8949","8949","134825","134825","183769","40291","40291","0","0","0","122765","Complete public discovery union: 8,949 distinct watch routes from 8,913 /filter records plus 36 sitemap-only routes across 293 child maps; current snapshot denominator, not a private database claim","2026-09-11T04:00:57.030Z"
"970","2","8949","8949","134825","134825","183769","40426","40426","0","0","0","122740","Complete public discovery union: 8,949 distinct watch routes from 8,913 /filter records plus 36 sitemap-only routes across 293 child maps; current snapshot denominator, not a private database claim","2026-09-11T04:01:27.325Z"
"971","2","8949","8949","134825","134825","183769","40501","40501","0","0","0","122715","Complete public discovery union: 8,949 distinct watch routes from 8,913 /filter records plus 36 sitemap-only routes across 293 child maps; current snapshot denominator, not a private database claim","2026-09-11T04:01:57.796Z"
"972","2","8949","8949","134825","134825","183769","40576","40576","0","0","0","122690","Complete public discovery union: 8,949 distinct watch routes from 8,913 /filter records plus 36 sitemap-only routes across 293 child maps; current snapshot denominator, not a private database claim","2026-09-11T04:02:28.116Z"
"973","2","8949","8949","134825","134825","183769","40651","40651","0","0","0","122665","Complete public discovery union: 8,949 distinct watch routes from 8,913 /filter records plus 36 sitemap-only routes across 293 child maps; current snapshot denominator, not a private database claim","2026-09-11T04:02:58.133Z"
"974","2","8949","8949","134825","134825","183769","40720","40720","0","0","0","122640","Complete public discovery union: 8,949 distinct watch routes from 8,913 /filter records plus 36 sitemap-only routes across 293 child maps; current snapshot denominator, not a private database claim","2026-09-11T04:03:28.422Z"
"975","2","8949","8949","134825","134825","183769","40798","40798","0","0","0","122615","Complete public discovery union: 8,949 distinct watch routes from 8,913 /filter records plus 36 sitemap-only routes across 293 child maps; current snapshot denominator, not a private database claim","2026-09-11T04:03:59.046Z"
"976","2","8949","8949","134825","134825","183769","40870","40870","0","0","0","122590","Complete public discovery union: 8,949 distinct watch routes from 8,913 /filter records plus 36 sitemap-only routes across 293 child maps; current snapshot denominator, not a private database claim","2026-09-11T04:04:28.955Z"
"977","2","8949","8949","134825","134825","183769","40945","40945","0","0","0","122565","Complete public discovery union: 8,949 distinct watch routes from 8,913 /filter records plus 36 sitemap-only routes across 293 child maps; current snapshot denominator, not a private database claim","2026-09-11T04:04:59.182Z"
"978","2","8949","8949","134825","134825","183769","41059","41059","0","0","0","122540","Complete public discovery union: 8,949 distinct watch routes from 8,913 /filter records plus 36 sitemap-only routes across 293 child maps; current snapshot denominator, not a private database claim","2026-09-11T04:05:29.337Z"
"979","2","8949","8949","134825","134825","183769","41109","41109","0","0","0","122515","Complete public discovery union: 8,949 distinct watch routes from 8,913 /filter records plus 36 sitemap-only routes across 293 child maps; current snapshot denominator, not a private database claim","2026-09-11T04:06:00.255Z"
"980","2","8949","8949","134825","134825","183769","41181","41181","0","0","0","122490","Complete public discovery union: 8,949 distinct watch routes from 8,913 /filter records plus 36 sitemap-only routes across 293 child maps; current snapshot denominator, not a private database claim","2026-09-11T04:06:29.987Z"
"981","2","8949","8949","134825","134825","183769","41260","41260","0","0","0","122465","Complete public discovery union: 8,949 distinct watch routes from 8,913 /filter records plus 36 sitemap-only routes across 293 child maps; current snapshot denominator, not a private database claim","2026-09-11T04:07:00.683Z"
"982","2","8949","8949","134825","134825","183769","41329","41329","0","0","0","122440","Complete public discovery union: 8,949 distinct watch routes from 8,913 /filter records plus 36 sitemap-only routes across 293 child maps; current snapshot denominator, not a private database claim","2026-09-11T04:07:30.552Z"
"983","2","8949","8949","134825","134825","183769","41403","41403","0","0","0","122415","Complete public discovery union: 8,949 distinct watch routes from 8,913 /filter records plus 36 sitemap-only routes across 293 child maps; current snapshot denominator, not a private database claim","2026-09-11T04:08:00.657Z"
"984","2","8949","8949","134825","134825","183769","41502","41502","0","0","0","122390","Complete public discovery union: 8,949 distinct watch routes from 8,913 /filter records plus 36 sitemap-only routes across 293 child maps; current snapshot denominator, not a private database claim","2026-09-11T04:08:31.048Z"
"985","2","8949","8949","134825","134825","183769","41577","41577","0","0","0","122365","Complete public discovery union: 8,949 distinct watch routes from 8,913 /filter records plus 36 sitemap-only routes across 293 child maps; current snapshot denominator, not a private database claim","2026-09-11T04:09:01.874Z"
"986","2","8949","8949","134825","134825","183769","41652","41652","0","0","0","122340","Complete public discovery union: 8,949 distinct watch routes from 8,913 /filter records plus 36 sitemap-only routes across 293 child maps; current snapshot denominator, not a private database claim","2026-09-11T04:09:31.563Z"
"987","2","8949","8949","134825","134825","183769","41775","41775","0","0","0","122315","Complete public discovery union: 8,949 distinct watch routes from 8,913 /filter records plus 36 sitemap-only routes across 293 child maps; current snapshot denominator, not a private database claim","2026-09-11T04:10:01.826Z"
"988","2","8949","8949","134825","134825","183769","41925","41925","0","0","0","122290","Complete public discovery union: 8,949 distinct watch routes from 8,913 /filter records plus 36 sitemap-only routes across 293 child maps; current snapshot denominator, not a private database claim","2026-09-11T04:10:32.031Z"
"989","2","8949","8949","134825","134825","183769","42022","42022","0","0","0","122265","Complete public discovery union: 8,949 distinct watch routes from 8,913 /filter records plus 36 sitemap-only routes across 293 child maps; current snapshot denominator, not a private database claim","2026-09-11T04:11:02.188Z"
"990","2","8949","8949","134825","134825","183769","42097","42097","0","0","0","122240","Complete public discovery union: 8,949 distinct watch routes from 8,913 /filter records plus 36 sitemap-only routes across 293 child maps; current snapshot denominator, not a private database claim","2026-09-11T04:11:32.284Z"
"991","2","8949","8949","134825","134825","183769","42217","42217","0","0","0","122215","Complete public discovery union: 8,949 distinct watch routes from 8,913 /filter records plus 36 sitemap-only routes across 293 child maps; current snapshot denominator, not a private database claim","2026-09-11T04:12:02.465Z"
"992","2","8949","8949","134825","134825","183769","42337","42337","0","0","0","122190","Complete public discovery union: 8,949 distinct watch routes from 8,913 /filter records plus 36 sitemap-only routes across 293 child maps; current snapshot denominator, not a private database claim","2026-09-11T04:12:33.108Z"
"993","2","8949","8949","134825","134825","183769","42387","42387","0","0","0","122165","Complete public discovery union: 8,949 distinct watch routes from 8,913 /filter records plus 36 sitemap-only routes across 293 child maps; current snapshot denominator, not a private database claim","2026-09-11T04:13:03.033Z"
"994","2","8949","8949","134825","134825","183769","42437","42437","0","0","0","122140","Complete public discovery union: 8,949 distinct watch routes from 8,913 /filter records plus 36 sitemap-only routes across 293 child maps; current snapshot denominator, not a private database claim","2026-09-11T04:13:33.148Z"
"995","2","8949","8949","134825","134825","183769","42487","42487","0","0","0","122115","Complete public discovery union: 8,949 distinct watch routes from 8,913 /filter records plus 36 sitemap-only routes across 293 child maps; current snapshot denominator, not a private database claim","2026-09-11T04:14:03.595Z"
"996","2","8949","8949","134825","134825","183769","42537","42537","0","0","0","122090","Complete public discovery union: 8,949 distinct watch routes from 8,913 /filter records plus 36 sitemap-only routes across 293 child maps; current snapshot denominator, not a private database claim","2026-09-11T04:14:33.752Z"
"997","2","8949","8949","134825","134825","183769","42587","42587","0","0","0","122065","Complete public discovery union: 8,949 distinct watch routes from 8,913 /filter records plus 36 sitemap-only routes across 293 child maps; current snapshot denominator, not a private database claim","2026-09-11T04:15:03.831Z"
"998","2","8949","8949","134825","134825","183769","42637","42637","0","0","0","122040","Complete public discovery union: 8,949 distinct watch routes from 8,913 /filter records plus 36 sitemap-only routes across 293 child maps; current snapshot denominator, not a private database claim","2026-09-11T04:15:34.012Z"
"999","2","8949","8949","134825","134825","183769","42687","42687","0","0","0","122015","Complete public discovery union: 8,949 distinct watch routes from 8,913 /filter records plus 36 sitemap-only routes across 293 child maps; current snapshot denominator, not a private database claim","2026-09-11T04:16:04.248Z"
"1000","2","8949","8949","134825","134825","183769","42737","42737","0","0","0","121990","Complete public discovery union: 8,949 distinct watch routes from 8,913 /filter records plus 36 sitemap-only routes across 293 child maps; current snapshot denominator, not a private database claim","2026-09-11T04:16:34.307Z"
"1001","2","8949","8949","134825","134825","183769","42787","42787","0","0","0","121965","Complete public discovery union: 8,949 distinct watch routes from 8,913 /filter records plus 36 sitemap-only routes across 293 child maps; current snapshot denominator, not a private database claim","2026-09-11T04:17:04.440Z"
"1002","2","8949","8949","134825","134825","183769","42837","42837","0","0","0","121940","Complete public discovery union: 8,949 distinct watch routes from 8,913 /filter records plus 36 sitemap-only routes across 293 child maps; current snapshot denominator, not a private database claim","2026-09-11T04:17:34.529Z"
"1003","2","8949","8949","134825","134825","183769","42887","42887","0","0","0","121915","Complete public discovery union: 8,949 distinct watch routes from 8,913 /filter records plus 36 sitemap-only routes across 293 child maps; current snapshot denominator, not a private database claim","2026-09-11T04:18:04.747Z"
"1004","2","8949","8949","134825","134825","183769","42937","42937","0","0","0","121890","Complete public discovery union: 8,949 distinct watch routes from 8,913 /filter records plus 36 sitemap-only routes across 293 child maps; current snapshot denominator, not a private database claim","2026-09-11T04:18:34.832Z"
"1005","2","8949","8949","134825","134825","183769","42987","42987","0","0","0","121865","Complete public discovery union: 8,949 distinct watch routes from 8,913 /filter records plus 36 sitemap-only routes across 293 child maps; current snapshot denominator, not a private database claim","2026-09-11T04:19:04.998Z"
"1006","2","8949","8949","134825","134825","183769","43037","43037","0","0","0","121840","Complete public discovery union: 8,949 distinct watch routes from 8,913 /filter records plus 36 sitemap-only routes across 293 child maps; current snapshot denominator, not a private database claim","2026-09-11T04:19:35.366Z"
"1007","2","8949","8949","134825","134825","183769","43087","43087","0","0","0","121815","Complete public discovery union: 8,949 distinct watch routes from 8,913 /filter records plus 36 sitemap-only routes across 293 child maps; current snapshot denominator, not a private database claim","2026-09-11T04:20:05.667Z"
"1008","2","8949","8949","134825","134825","183769","43137","43137","0","0","0","121790","Complete public discovery union: 8,949 distinct watch routes from 8,913 /filter records plus 36 sitemap-only routes across 293 child maps; current snapshot denominator, not a private database claim","2026-09-11T04:20:35.590Z"
"1009","2","8949","8949","134825","134825","183769","43187","43187","0","0","0","121765","Complete public discovery union: 8,949 distinct watch routes from 8,913 /filter records plus 36 sitemap-only routes across 293 child maps; current snapshot denominator, not a private database claim","2026-09-11T04:21:05.711Z"
"1010","2","8949","8949","134825","134825","183769","43252","43252","0","0","0","121740","Complete public discovery union: 8,949 distinct watch routes from 8,913 /filter records plus 36 sitemap-only routes across 293 child maps; current snapshot denominator, not a private database claim","2026-09-11T04:21:36.005Z"
"1011","2","8949","8949","134825","134825","183769","43330","43330","0","0","0","121715","Complete public discovery union: 8,949 distinct watch routes from 8,913 /filter records plus 36 sitemap-only routes across 293 child maps; current snapshot denominator, not a private database claim","2026-09-11T04:22:05.477Z"
"1012","2","8949","8949","134825","134825","183769","43474","43474","0","0","0","121690","Complete public discovery union: 8,949 distinct watch routes from 8,913 /filter records plus 36 sitemap-only routes across 293 child maps; current snapshot denominator, not a private database claim","2026-09-11T04:22:35.771Z"
"1013","2","8949","8949","134825","134825","183769","43549","43549","0","0","0","121665","Complete public discovery union: 8,949 distinct watch routes from 8,913 /filter records plus 36 sitemap-only routes across 293 child maps; current snapshot denominator, not a private database claim","2026-09-11T04:23:06.109Z"
"1014","2","8949","8949","134825","134825","183769","43624","43624","0","0","0","121640","Complete public discovery union: 8,949 distinct watch routes from 8,913 /filter records plus 36 sitemap-only routes across 293 child maps; current snapshot denominator, not a private database claim","2026-09-11T04:23:36.452Z"
"1015","2","8949","8949","134825","134825","183769","43759","43759","0","0","0","121615","Complete public discovery union: 8,949 distinct watch routes from 8,913 /filter records plus 36 sitemap-only routes across 293 child maps; current snapshot denominator, not a private database claim","2026-09-11T04:24:06.052Z"
"1016","2","8949","8949","134825","134825","183769","43905","43905","0","0","0","121590","Complete public discovery union: 8,949 distinct watch routes from 8,913 /filter records plus 36 sitemap-only routes across 293 child maps; current snapshot denominator, not a private database claim","2026-09-11T04:24:36.157Z"
"1017","2","8949","8949","134825","134825","183769","44055","44055","0","0","0","121565","Complete public discovery union: 8,949 distinct watch routes from 8,913 /filter records plus 36 sitemap-only routes across 293 child maps; current snapshot denominator, not a private database claim","2026-09-11T04:25:06.429Z"
"1018","2","8949","8949","134825","134825","183769","44154","44154","0","0","0","121540","Complete public discovery union: 8,949 distinct watch routes from 8,913 /filter records plus 36 sitemap-only routes across 293 child maps; current snapshot denominator, not a private database claim","2026-09-11T04:25:37.049Z"
"1019","2","8949","8949","134825","134825","183769","44229","44229","0","0","0","121515","Complete public discovery union: 8,949 distinct watch routes from 8,913 /filter records plus 36 sitemap-only routes across 293 child maps; current snapshot denominator, not a private database claim","2026-09-11T04:26:07.086Z"
"1020","2","8949","8949","134825","134825","183769","44307","44307","0","0","0","121490","Complete public discovery union: 8,949 distinct watch routes from 8,913 /filter records plus 36 sitemap-only routes across 293 child maps; current snapshot denominator, not a private database claim","2026-09-11T04:26:37.127Z"
"1021","2","8949","8949","134825","134825","183769","44406","44406","0","0","0","121465","Complete public discovery union: 8,949 distinct watch routes from 8,913 /filter records plus 36 sitemap-only routes across 293 child maps; current snapshot denominator, not a private database claim","2026-09-11T04:27:07.204Z"
"1022","2","8949","8949","134825","134825","183769","44481","44481","0","0","0","121440","Complete public discovery union: 8,949 distinct watch routes from 8,913 /filter records plus 36 sitemap-only routes across 293 child maps; current snapshot denominator, not a private database claim","2026-09-11T04:27:37.058Z"
"1023","2","8949","8949","134825","134825","183769","44574","44574","0","0","0","121415","Complete public discovery union: 8,949 distinct watch routes from 8,913 /filter records plus 36 sitemap-only routes across 293 child maps; current snapshot denominator, not a private database claim","2026-09-11T04:28:07.062Z"
"1024","2","8949","8949","134825","134825","183769","44724","44724","0","0","0","121390","Complete public discovery union: 8,949 distinct watch routes from 8,913 /filter records plus 36 sitemap-only routes across 293 child maps; current snapshot denominator, not a private database claim","2026-09-11T04:28:37.336Z"
"1025","2","8949","8949","134825","134825","183769","44874","44874","0","0","0","121365","Complete public discovery union: 8,949 distinct watch routes from 8,913 /filter records plus 36 sitemap-only routes across 293 child maps; current snapshot denominator, not a private database claim","2026-09-11T04:29:07.412Z"
"1026","2","8949","8949","134825","134825","183769","44985","44985","0","0","0","121340","Complete public discovery union: 8,949 distinct watch routes from 8,913 /filter records plus 36 sitemap-only routes across 293 child maps; current snapshot denominator, not a private database claim","2026-09-11T04:29:37.756Z"
"1027","2","8949","8949","134825","134825","183769","45060","45060","0","0","0","121315","Complete public discovery union: 8,949 distinct watch routes from 8,913 /filter records plus 36 sitemap-only routes across 293 child maps; current snapshot denominator, not a private database claim","2026-09-11T04:30:08.243Z"
"1028","2","8949","8949","134825","134825","183769","45159","45159","0","0","0","121290","Complete public discovery union: 8,949 distinct watch routes from 8,913 /filter records plus 36 sitemap-only routes across 293 child maps; current snapshot denominator, not a private database claim","2026-09-11T04:30:37.953Z"
"1029","2","8949","8949","134825","134825","183769","45234","45234","0","0","0","121265","Complete public discovery union: 8,949 distinct watch routes from 8,913 /filter records plus 36 sitemap-only routes across 293 child maps; current snapshot denominator, not a private database claim","2026-09-11T04:31:08.579Z"
"1030","2","8949","8949","134825","134825","183769","45285","45285","0","0","0","121240","Complete public discovery union: 8,949 distinct watch routes from 8,913 /filter records plus 36 sitemap-only routes across 293 child maps; current snapshot denominator, not a private database claim","2026-09-11T04:31:38.289Z"
"1031","2","8949","8949","134825","134825","183769","45335","45335","0","0","0","121215","Complete public discovery union: 8,949 distinct watch routes from 8,913 /filter records plus 36 sitemap-only routes across 293 child maps; current snapshot denominator, not a private database claim","2026-09-11T04:32:08.413Z"
"1032","2","8949","8949","134825","134825","183769","45394","45394","0","0","0","121190","Complete public discovery union: 8,949 distinct watch routes from 8,913 /filter records plus 36 sitemap-only routes across 293 child maps; current snapshot denominator, not a private database claim","2026-09-11T04:32:38.519Z"
"1033","2","8949","8949","134825","134825","183769","45469","45469","0","0","0","121165","Complete public discovery union: 8,949 distinct watch routes from 8,913 /filter records plus 36 sitemap-only routes across 293 child maps; current snapshot denominator, not a private database claim","2026-09-11T04:33:08.623Z"
"1034","2","8949","8949","134825","134825","183769","45538","45538","0","0","0","121140","Complete public discovery union: 8,949 distinct watch routes from 8,913 /filter records plus 36 sitemap-only routes across 293 child maps; current snapshot denominator, not a private database claim","2026-09-11T04:33:38.986Z"
"1035","2","8949","8949","134825","134825","183769","45613","45613","0","0","0","121115","Complete public discovery union: 8,949 distinct watch routes from 8,913 /filter records plus 36 sitemap-only routes across 293 child maps; current snapshot denominator, not a private database claim","2026-09-11T04:34:08.876Z"
"1036","2","8949","8949","134825","134825","183769","45688","45688","0","0","0","121090","Complete public discovery union: 8,949 distinct watch routes from 8,913 /filter records plus 36 sitemap-only routes across 293 child maps; current snapshot denominator, not a private database claim","2026-09-11T04:34:39.053Z"
"1037","2","8949","8949","134825","134825","183769","45763","45763","0","0","0","121065","Complete public discovery union: 8,949 distinct watch routes from 8,913 /filter records plus 36 sitemap-only routes across 293 child maps; current snapshot denominator, not a private database claim","2026-09-11T04:35:09.136Z"
"1038","2","8949","8949","134825","134825","183769","45838","45838","0","0","0","121040","Complete public discovery union: 8,949 distinct watch routes from 8,913 /filter records plus 36 sitemap-only routes across 293 child maps; current snapshot denominator, not a private database claim","2026-09-11T04:35:39.810Z"
"1039","2","8949","8949","134825","134825","183769","45913","45913","0","0","0","121015","Complete public discovery union: 8,949 distinct watch routes from 8,913 /filter records plus 36 sitemap-only routes across 293 child maps; current snapshot denominator, not a private database claim","2026-09-11T04:36:09.944Z"
"1040","2","8949","8949","134825","134825","183769","45988","45988","0","0","0","120990","Complete public discovery union: 8,949 distinct watch routes from 8,913 /filter records plus 36 sitemap-only routes across 293 child maps; current snapshot denominator, not a private database claim","2026-09-11T04:36:40.337Z"
"1041","2","8949","8949","134825","134825","183769","46063","46063","0","0","0","120965","Complete public discovery union: 8,949 distinct watch routes from 8,913 /filter records plus 36 sitemap-only routes across 293 child maps; current snapshot denominator, not a private database claim","2026-09-11T04:37:10.426Z"
"1042","2","8949","8949","134825","134825","183769","46138","46138","0","0","0","120940","Complete public discovery union: 8,949 distinct watch routes from 8,913 /filter records plus 36 sitemap-only routes across 293 child maps; current snapshot denominator, not a private database claim","2026-09-11T04:37:40.618Z"
"1043","2","8949","8949","134825","134825","183769","46213","46213","0","0","0","120915","Complete public discovery union: 8,949 distinct watch routes from 8,913 /filter records plus 36 sitemap-only routes across 293 child maps; current snapshot denominator, not a private database claim","2026-09-11T04:38:10.924Z"
"1044","2","8949","8949","134825","134825","183769","46288","46288","0","0","0","120890","Complete public discovery union: 8,949 distinct watch routes from 8,913 /filter records plus 36 sitemap-only routes across 293 child maps; current snapshot denominator, not a private database claim","2026-09-11T04:38:40.749Z"
"1045","2","8949","8949","134825","134825","183769","46363","46363","0","0","0","120865","Complete public discovery union: 8,949 distinct watch routes from 8,913 /filter records plus 36 sitemap-only routes across 293 child maps; current snapshot denominator, not a private database claim","2026-09-11T04:39:10.595Z"
"1046","2","8949","8949","134825","134825","183769","46438","46438","0","0","0","120840","Complete public discovery union: 8,949 distinct watch routes from 8,913 /filter records plus 36 sitemap-only routes across 293 child maps; current snapshot denominator, not a private database claim","2026-09-11T04:39:41.015Z"
"1047","2","8949","8949","134825","134825","183769","46513","46513","0","0","0","120815","Complete public discovery union: 8,949 distinct watch routes from 8,913 /filter records plus 36 sitemap-only routes across 293 child maps; current snapshot denominator, not a private database claim","2026-09-11T04:40:11.202Z"
"1048","2","8949","8949","134825","134825","183769","46587","46587","0","0","0","120790","Complete public discovery union: 8,949 distinct watch routes from 8,913 /filter records plus 36 sitemap-only routes across 293 child maps; current snapshot denominator, not a private database claim","2026-09-11T04:40:41.472Z"
"1049","2","8949","8949","134825","134825","183769","46662","46662","0","0","0","120765","Complete public discovery union: 8,949 distinct watch routes from 8,913 /filter records plus 36 sitemap-only routes across 293 child maps; current snapshot denominator, not a private database claim","2026-09-11T04:41:11.432Z"
"1050","2","8949","8949","134825","134825","183769","46737","46737","0","0","0","120740","Complete public discovery union: 8,949 distinct watch routes from 8,913 /filter records plus 36 sitemap-only routes across 293 child maps; current snapshot denominator, not a private database claim","2026-09-11T04:41:41.492Z"
"1051","2","8949","8949","134825","134825","183769","46804","46804","0","0","0","120715","Complete public discovery union: 8,949 distinct watch routes from 8,913 /filter records plus 36 sitemap-only routes across 293 child maps; current snapshot denominator, not a private database claim","2026-09-11T04:42:11.226Z"
"1052","2","8949","8949","134825","134825","183769","46872","46872","0","0","0","120690","Complete public discovery union: 8,949 distinct watch routes from 8,913 /filter records plus 36 sitemap-only routes across 293 child maps; current snapshot denominator, not a private database claim","2026-09-11T04:42:41.170Z"
"1053","2","8949","8949","134825","134825","183769","46935","46935","0","0","0","120665","Complete public discovery union: 8,949 distinct watch routes from 8,913 /filter records plus 36 sitemap-only routes across 293 child maps; current snapshot denominator, not a private database claim","2026-09-11T04:43:11.424Z"
"1054","2","8949","8949","134825","134825","183769","46996","46996","0","0","0","120640","Complete public discovery union: 8,949 distinct watch routes from 8,913 /filter records plus 36 sitemap-only routes across 293 child maps; current snapshot denominator, not a private database claim","2026-09-11T04:43:41.557Z"
"1055","2","8949","8949","134825","134825","183769","47066","47066","0","0","0","120615","Complete public discovery union: 8,949 distinct watch routes from 8,913 /filter records plus 36 sitemap-only routes across 293 child maps; current snapshot denominator, not a private database claim","2026-09-11T04:44:11.651Z"
"1056","2","8949","8949","134825","134825","183769","47137","47137","0","0","0","120590","Complete public discovery union: 8,949 distinct watch routes from 8,913 /filter records plus 36 sitemap-only routes across 293 child maps; current snapshot denominator, not a private database claim","2026-09-11T04:44:41.763Z"
"1057","2","8949","8949","134825","134825","183769","47208","47208","0","0","0","120565","Complete public discovery union: 8,949 distinct watch routes from 8,913 /filter records plus 36 sitemap-only routes across 293 child maps; current snapshot denominator, not a private database claim","2026-09-11T04:45:11.867Z"
"1058","2","8949","8949","134825","134825","183769","47283","47283","0","0","0","120540","Complete public discovery union: 8,949 distinct watch routes from 8,913 /filter records plus 36 sitemap-only routes across 293 child maps; current snapshot denominator, not a private database claim","2026-09-11T04:45:41.944Z"
"1059","2","8949","8949","134825","134825","183769","47358","47358","0","0","0","120515","Complete public discovery union: 8,949 distinct watch routes from 8,913 /filter records plus 36 sitemap-only routes across 293 child maps; current snapshot denominator, not a private database claim","2026-09-11T04:46:12.076Z"
"1060","2","8949","8949","134825","134825","183769","47433","47433","0","0","0","120490","Complete public discovery union: 8,949 distinct watch routes from 8,913 /filter records plus 36 sitemap-only routes across 293 child maps; current snapshot denominator, not a private database claim","2026-09-11T04:46:42.191Z"
"1061","2","8949","8949","134825","134825","183769","47508","47508","0","0","0","120465","Complete public discovery union: 8,949 distinct watch routes from 8,913 /filter records plus 36 sitemap-only routes across 293 child maps; current snapshot denominator, not a private database claim","2026-09-11T04:47:12.261Z"
"1062","2","8949","8949","134825","134825","183769","47583","47583","0","0","0","120440","Complete public discovery union: 8,949 distinct watch routes from 8,913 /filter records plus 36 sitemap-only routes across 293 child maps; current snapshot denominator, not a private database claim","2026-09-11T04:47:42.358Z"
"1063","2","8949","8949","134825","134825","183769","47622","47622","0","0","0","120415","Complete public discovery union: 8,949 distinct watch routes from 8,913 /filter records plus 36 sitemap-only routes across 293 child maps; current snapshot denominator, not a private database claim","2026-09-11T04:48:12.722Z"
"1064","2","8949","8949","134825","134825","183769","47658","47658","0","0","0","120390","Complete public discovery union: 8,949 distinct watch routes from 8,913 /filter records plus 36 sitemap-only routes across 293 child maps; current snapshot denominator, not a private database claim","2026-09-11T04:48:43.069Z"
"1065","2","8949","8949","134825","134825","183769","47733","47733","0","0","0","120365","Complete public discovery union: 8,949 distinct watch routes from 8,913 /filter records plus 36 sitemap-only routes across 293 child maps; current snapshot denominator, not a private database claim","2026-09-11T04:49:12.739Z"
"1066","2","8949","8949","134825","134825","183769","47807","47807","0","0","0","120340","Complete public discovery union: 8,949 distinct watch routes from 8,913 /filter records plus 36 sitemap-only routes across 293 child maps; current snapshot denominator, not a private database claim","2026-09-11T04:49:42.827Z"
"1067","2","8949","8949","134825","134825","183769","47881","47881","0","0","0","120315","Complete public discovery union: 8,949 distinct watch routes from 8,913 /filter records plus 36 sitemap-only routes across 293 child maps; current snapshot denominator, not a private database claim","2026-09-11T04:50:12.891Z"
"1068","2","8949","8949","134825","134825","183769","47951","47951","0","0","0","120290","Complete public discovery union: 8,949 distinct watch routes from 8,913 /filter records plus 36 sitemap-only routes across 293 child maps; current snapshot denominator, not a private database claim","2026-09-11T04:50:43.322Z"
"1069","2","8949","8949","134825","134825","183769","48026","48026","0","0","0","120265","Complete public discovery union: 8,949 distinct watch routes from 8,913 /filter records plus 36 sitemap-only routes across 293 child maps; current snapshot denominator, not a private database claim","2026-09-11T04:51:13.413Z"
"1070","2","8949","8949","134825","134825","183769","48101","48101","0","0","0","120240","Complete public discovery union: 8,949 distinct watch routes from 8,913 /filter records plus 36 sitemap-only routes across 293 child maps; current snapshot denominator, not a private database claim","2026-09-11T04:51:43.543Z"
"1071","2","8949","8949","134825","134825","183769","48176","48176","0","0","0","120215","Complete public discovery union: 8,949 distinct watch routes from 8,913 /filter records plus 36 sitemap-only routes across 293 child maps; current snapshot denominator, not a private database claim","2026-09-11T04:52:13.319Z"
"1072","2","8949","8949","134825","134825","183769","48251","48251","0","0","0","120190","Complete public discovery union: 8,949 distinct watch routes from 8,913 /filter records plus 36 sitemap-only routes across 293 child maps; current snapshot denominator, not a private database claim","2026-09-11T04:52:43.421Z"
"1073","2","8949","8949","134825","134825","183769","48326","48326","0","0","0","120165","Complete public discovery union: 8,949 distinct watch routes from 8,913 /filter records plus 36 sitemap-only routes across 293 child maps; current snapshot denominator, not a private database claim","2026-09-11T04:53:13.556Z"
"1074","2","8949","8949","134825","134825","183769","48401","48401","0","0","0","120140","Complete public discovery union: 8,949 distinct watch routes from 8,913 /filter records plus 36 sitemap-only routes across 293 child maps; current snapshot denominator, not a private database claim","2026-09-11T04:53:43.661Z"
"1075","2","8949","8949","134825","134825","183769","48473","48473","0","0","0","120115","Complete public discovery union: 8,949 distinct watch routes from 8,913 /filter records plus 36 sitemap-only routes across 293 child maps; current snapshot denominator, not a private database claim","2026-09-11T04:54:13.772Z"
"1076","2","8949","8949","134825","134825","183769","48548","48548","0","0","0","120090","Complete public discovery union: 8,949 distinct watch routes from 8,913 /filter records plus 36 sitemap-only routes across 293 child maps; current snapshot denominator, not a private database claim","2026-09-11T04:54:43.876Z"
"1077","2","8949","8949","134825","134825","183769","48623","48623","0","0","0","120065","Complete public discovery union: 8,949 distinct watch routes from 8,913 /filter records plus 36 sitemap-only routes across 293 child maps; current snapshot denominator, not a private database claim","2026-09-11T04:55:13.941Z"
"1078","2","8949","8949","134825","134825","183769","48698","48698","0","0","0","120040","Complete public discovery union: 8,949 distinct watch routes from 8,913 /filter records plus 36 sitemap-only routes across 293 child maps; current snapshot denominator, not a private database claim","2026-09-11T04:55:44.103Z"
"1079","2","8949","8949","134825","134825","183769","48773","48773","0","0","0","120015","Complete public discovery union: 8,949 distinct watch routes from 8,913 /filter records plus 36 sitemap-only routes across 293 child maps; current snapshot denominator, not a private database claim","2026-09-11T04:56:14.189Z"
"1080","2","8949","8949","134825","134825","183769","48845","48845","0","0","0","119990","Complete public discovery union: 8,949 distinct watch routes from 8,913 /filter records plus 36 sitemap-only routes across 293 child maps; current snapshot denominator, not a private database claim","2026-09-11T04:56:44.289Z"
"1081","2","8949","8949","134825","134825","183769","48920","48920","0","0","0","119965","Complete public discovery union: 8,949 distinct watch routes from 8,913 /filter records plus 36 sitemap-only routes across 293 child maps; current snapshot denominator, not a private database claim","2026-09-11T04:57:14.591Z"
"1082","2","8949","8949","134825","134825","183769","48995","48995","0","0","0","119940","Complete public discovery union: 8,949 distinct watch routes from 8,913 /filter records plus 36 sitemap-only routes across 293 child maps; current snapshot denominator, not a private database claim","2026-09-11T04:57:44.721Z"
"1083","2","8949","8949","134825","134825","183769","49070","49070","0","0","0","119915","Complete public discovery union: 8,949 distinct watch routes from 8,913 /filter records plus 36 sitemap-only routes across 293 child maps; current snapshot denominator, not a private database claim","2026-09-11T04:58:14.598Z"
"1084","2","8949","8949","134825","134825","183769","49145","49145","0","0","0","119890","Complete public discovery union: 8,949 distinct watch routes from 8,913 /filter records plus 36 sitemap-only routes across 293 child maps; current snapshot denominator, not a private database claim","2026-09-11T04:58:44.980Z"
"1085","2","8949","8949","134825","134825","183769","49220","49220","0","0","0","119865","Complete public discovery union: 8,949 distinct watch routes from 8,913 /filter records plus 36 sitemap-only routes across 293 child maps; current snapshot denominator, not a private database claim","2026-09-11T04:59:15.171Z"
"1086","2","8949","8949","134825","134825","183769","49295","49295","0","0","0","119840","Complete public discovery union: 8,949 distinct watch routes from 8,913 /filter records plus 36 sitemap-only routes across 293 child maps; current snapshot denominator, not a private database claim","2026-09-11T04:59:44.858Z"
"1087","2","8949","8949","134825","134825","183769","49370","49370","0","0","0","119815","Complete public discovery union: 8,949 distinct watch routes from 8,913 /filter records plus 36 sitemap-only routes across 293 child maps; current snapshot denominator, not a private database claim","2026-09-11T05:00:15.632Z"
"1088","2","8949","8949","134825","134825","183769","49445","49445","0","0","0","119790","Complete public discovery union: 8,949 distinct watch routes from 8,913 /filter records plus 36 sitemap-only routes across 293 child maps; current snapshot denominator, not a private database claim","2026-09-11T05:00:45.110Z"
"1089","2","8949","8949","134825","134825","183769","49520","49520","0","0","0","119765","Complete public discovery union: 8,949 distinct watch routes from 8,913 /filter records plus 36 sitemap-only routes across 293 child maps; current snapshot denominator, not a private database claim","2026-09-11T05:01:15.231Z"
"1090","2","8949","8949","134825","134825","183769","49585","49585","0","0","0","119740","Complete public discovery union: 8,949 distinct watch routes from 8,913 /filter records plus 36 sitemap-only routes across 293 child maps; current snapshot denominator, not a private database claim","2026-09-11T05:01:45.326Z"
"1091","2","8949","8949","134825","134825","183769","49660","49660","0","0","0","119715","Complete public discovery union: 8,949 distinct watch routes from 8,913 /filter records plus 36 sitemap-only routes across 293 child maps; current snapshot denominator, not a private database claim","2026-09-11T05:02:15.468Z"
"1092","2","8949","8949","134825","134825","183769","49735","49735","0","0","0","119690","Complete public discovery union: 8,949 distinct watch routes from 8,913 /filter records plus 36 sitemap-only routes across 293 child maps; current snapshot denominator, not a private database claim","2026-09-11T05:02:45.585Z"
"1093","2","8949","8949","134825","134825","183769","49810","49810","0","0","0","119665","Complete public discovery union: 8,949 distinct watch routes from 8,913 /filter records plus 36 sitemap-only routes across 293 child maps; current snapshot denominator, not a private database claim","2026-09-11T05:03:15.649Z"
"1094","2","8949","8949","134825","134825","183769","49885","49885","0","0","0","119640","Complete public discovery union: 8,949 distinct watch routes from 8,913 /filter records plus 36 sitemap-only routes across 293 child maps; current snapshot denominator, not a private database claim","2026-09-11T05:03:45.784Z"
"1095","2","8949","8949","134825","134825","183769","49960","49960","0","0","0","119615","Complete public discovery union: 8,949 distinct watch routes from 8,913 /filter records plus 36 sitemap-only routes across 293 child maps; current snapshot denominator, not a private database claim","2026-09-11T05:04:16.359Z"
"1096","2","8949","8949","134825","134825","183769","50035","50035","0","0","0","119590","Complete public discovery union: 8,949 distinct watch routes from 8,913 /filter records plus 36 sitemap-only routes across 293 child maps; current snapshot denominator, not a private database claim","2026-09-11T05:04:45.986Z"
"1097","2","8949","8949","134825","134825","183769","50110","50110","0","0","0","119565","Complete public discovery union: 8,949 distinct watch routes from 8,913 /filter records plus 36 sitemap-only routes across 293 child maps; current snapshot denominator, not a private database claim","2026-09-11T05:05:16.098Z"
"1098","2","8949","8949","134825","134825","183769","50185","50185","0","0","0","119540","Complete public discovery union: 8,949 distinct watch routes from 8,913 /filter records plus 36 sitemap-only routes across 293 child maps; current snapshot denominator, not a private database claim","2026-09-11T05:05:46.581Z"
"1099","2","8949","8949","134825","134825","183769","50262","50262","0","0","0","119515","Complete public discovery union: 8,949 distinct watch routes from 8,913 /filter records plus 36 sitemap-only routes across 293 child maps; current snapshot denominator, not a private database claim","2026-09-11T05:06:16.811Z"
"1100","2","8949","8949","134825","134825","183769","50337","50337","0","0","0","119490","Complete public discovery union: 8,949 distinct watch routes from 8,913 /filter records plus 36 sitemap-only routes across 293 child maps; current snapshot denominator, not a private database claim","2026-09-11T05:06:46.368Z"
"1101","2","8949","8949","134825","134825","183769","50412","50412","0","0","0","119465","Complete public discovery union: 8,949 distinct watch routes from 8,913 /filter records plus 36 sitemap-only routes across 293 child maps; current snapshot denominator, not a private database claim","2026-09-11T05:07:16.467Z"
"1102","2","8949","8949","134825","134825","183769","50487","50487","0","0","0","119440","Complete public discovery union: 8,949 distinct watch routes from 8,913 /filter records plus 36 sitemap-only routes across 293 child maps; current snapshot denominator, not a private database claim","2026-09-11T05:07:46.959Z"
"1103","2","8949","8949","134825","134825","183769","50586","50586","0","0","0","119415","Complete public discovery union: 8,949 distinct watch routes from 8,913 /filter records plus 36 sitemap-only routes across 293 child maps; current snapshot denominator, not a private database claim","2026-09-11T05:08:16.668Z"
"1104","2","8949","8949","134825","134825","183769","50711","50711","0","0","0","119390","Complete public discovery union: 8,949 distinct watch routes from 8,913 /filter records plus 36 sitemap-only routes across 293 child maps; current snapshot denominator, not a private database claim","2026-09-11T05:08:46.767Z"
"1105","2","8949","8949","134825","134825","183769","50812","50812","0","0","0","119365","Complete public discovery union: 8,949 distinct watch routes from 8,913 /filter records plus 36 sitemap-only routes across 293 child maps; current snapshot denominator, not a private database claim","2026-09-11T05:09:16.909Z"
"1106","2","8949","8949","134825","134825","183769","50887","50887","0","0","0","119340","Complete public discovery union: 8,949 distinct watch routes from 8,913 /filter records plus 36 sitemap-only routes across 293 child maps; current snapshot denominator, not a private database claim","2026-09-11T05:09:47.375Z"
"1107","2","8949","8949","134825","134825","183769","50962","50962","0","0","0","119315","Complete public discovery union: 8,949 distinct watch routes from 8,913 /filter records plus 36 sitemap-only routes across 293 child maps; current snapshot denominator, not a private database claim","2026-09-11T05:10:17.161Z"
"1108","2","8949","8949","134825","134825","183769","51037","51037","0","0","0","119290","Complete public discovery union: 8,949 distinct watch routes from 8,913 /filter records plus 36 sitemap-only routes across 293 child maps; current snapshot denominator, not a private database claim","2026-09-11T05:10:47.232Z"
"1109","2","8949","8949","134825","134825","183769","51112","51112","0","0","0","119265","Complete public discovery union: 8,949 distinct watch routes from 8,913 /filter records plus 36 sitemap-only routes across 293 child maps; current snapshot denominator, not a private database claim","2026-09-11T05:11:17.338Z"
"1110","2","8949","8949","134825","134825","183769","51187","51187","0","0","0","119240","Complete public discovery union: 8,949 distinct watch routes from 8,913 /filter records plus 36 sitemap-only routes across 293 child maps; current snapshot denominator, not a private database claim","2026-09-11T05:11:47.459Z"
"1111","2","8949","8949","134825","134825","183769","51262","51262","0","0","0","119215","Complete public discovery union: 8,949 distinct watch routes from 8,913 /filter records plus 36 sitemap-only routes across 293 child maps; current snapshot denominator, not a private database claim","2026-09-11T05:12:17.874Z"
"1112","2","8949","8949","134825","134825","183769","51337","51337","0","0","0","119190","Complete public discovery union: 8,949 distinct watch routes from 8,913 /filter records plus 36 sitemap-only routes across 293 child maps; current snapshot denominator, not a private database claim","2026-09-11T05:12:47.735Z"
"1113","2","8949","8949","134825","134825","183769","51412","51412","0","0","0","119165","Complete public discovery union: 8,949 distinct watch routes from 8,913 /filter records plus 36 sitemap-only routes across 293 child maps; current snapshot denominator, not a private database claim","2026-09-11T05:13:18.212Z"
"1114","2","8949","8949","134825","134825","183769","51487","51487","0","0","0","119140","Complete public discovery union: 8,949 distinct watch routes from 8,913 /filter records plus 36 sitemap-only routes across 293 child maps; current snapshot denominator, not a private database claim","2026-09-11T05:13:47.884Z"
"1115","2","8949","8949","134825","134825","183769","51562","51562","0","0","0","119115","Complete public discovery union: 8,949 distinct watch routes from 8,913 /filter records plus 36 sitemap-only routes across 293 child maps; current snapshot denominator, not a private database claim","2026-09-11T05:14:18.071Z"
"1116","2","8949","8949","134825","134825","183769","51637","51637","0","0","0","119090","Complete public discovery union: 8,949 distinct watch routes from 8,913 /filter records plus 36 sitemap-only routes across 293 child maps; current snapshot denominator, not a private database claim","2026-09-11T05:14:48.159Z"
"1117","2","8949","8949","134825","134825","183769","51712","51712","0","0","0","119065","Complete public discovery union: 8,949 distinct watch routes from 8,913 /filter records plus 36 sitemap-only routes across 293 child maps; current snapshot denominator, not a private database claim","2026-09-11T05:15:18.265Z"
"1118","2","8949","8949","134825","134825","183769","51787","51787","0","0","0","119040","Complete public discovery union: 8,949 distinct watch routes from 8,913 /filter records plus 36 sitemap-only routes across 293 child maps; current snapshot denominator, not a private database claim","2026-09-11T05:15:48.339Z"
"1119","2","8949","8949","134825","134825","183769","51862","51862","0","0","0","119015","Complete public discovery union: 8,949 distinct watch routes from 8,913 /filter records plus 36 sitemap-only routes across 293 child maps; current snapshot denominator, not a private database claim","2026-09-11T05:16:18.715Z"
"1120","2","8949","8949","134825","134825","183769","51937","51937","0","0","0","118990","Complete public discovery union: 8,949 distinct watch routes from 8,913 /filter records plus 36 sitemap-only routes across 293 child maps; current snapshot denominator, not a private database claim","2026-09-11T05:16:48.510Z"
"1121","2","8949","8949","134825","134825","183769","52012","52012","0","0","0","118965","Complete public discovery union: 8,949 distinct watch routes from 8,913 /filter records plus 36 sitemap-only routes across 293 child maps; current snapshot denominator, not a private database claim","2026-09-11T05:17:18.650Z"
"1122","2","8949","8949","134825","134825","183769","52087","52087","0","0","0","118940","Complete public discovery union: 8,949 distinct watch routes from 8,913 /filter records plus 36 sitemap-only routes across 293 child maps; current snapshot denominator, not a private database claim","2026-09-11T05:17:48.682Z"
"1123","2","8949","8949","134825","134825","183769","52162","52162","0","0","0","118915","Complete public discovery union: 8,949 distinct watch routes from 8,913 /filter records plus 36 sitemap-only routes across 293 child maps; current snapshot denominator, not a private database claim","2026-09-11T05:18:18.810Z"
"1124","2","8949","8949","134825","134825","183769","52237","52237","0","0","0","118890","Complete public discovery union: 8,949 distinct watch routes from 8,913 /filter records plus 36 sitemap-only routes across 293 child maps; current snapshot denominator, not a private database claim","2026-09-11T05:18:48.946Z"
"1125","2","8949","8949","134825","134825","183769","52312","52312","0","0","0","118865","Complete public discovery union: 8,949 distinct watch routes from 8,913 /filter records plus 36 sitemap-only routes across 293 child maps; current snapshot denominator, not a private database claim","2026-09-11T05:19:19.005Z"
"1126","2","8949","8949","134825","134825","183769","52387","52387","0","0","0","118840","Complete public discovery union: 8,949 distinct watch routes from 8,913 /filter records plus 36 sitemap-only routes across 293 child maps; current snapshot denominator, not a private database claim","2026-09-11T05:19:49.519Z"
"1127","2","8949","8949","134825","134825","183769","52462","52462","0","0","0","118815","Complete public discovery union: 8,949 distinct watch routes from 8,913 /filter records plus 36 sitemap-only routes across 293 child maps; current snapshot denominator, not a private database claim","2026-09-11T05:20:19.265Z"
"1128","2","8949","8949","134825","134825","183769","52537","52537","0","0","0","118790","Complete public discovery union: 8,949 distinct watch routes from 8,913 /filter records plus 36 sitemap-only routes across 293 child maps; current snapshot denominator, not a private database claim","2026-09-11T05:20:49.733Z"
"1129","2","8949","8949","134825","134825","183769","52615","52615","0","0","0","118765","Complete public discovery union: 8,949 distinct watch routes from 8,913 /filter records plus 36 sitemap-only routes across 293 child maps; current snapshot denominator, not a private database claim","2026-09-11T05:21:19.484Z"
"1130","2","8949","8949","134825","134825","183769","52693","52693","0","0","0","118740","Complete public discovery union: 8,949 distinct watch routes from 8,913 /filter records plus 36 sitemap-only routes across 293 child maps; current snapshot denominator, not a private database claim","2026-09-11T05:21:49.555Z"
"1131","2","8949","8949","134825","134825","183769","52804","52804","0","0","0","118715","Complete public discovery union: 8,949 distinct watch routes from 8,913 /filter records plus 36 sitemap-only routes across 293 child maps; current snapshot denominator, not a private database claim","2026-09-11T05:22:19.670Z"
"1132","2","8949","8949","134825","134825","183769","52879","52879","0","0","0","118690","Complete public discovery union: 8,949 distinct watch routes from 8,913 /filter records plus 36 sitemap-only routes across 293 child maps; current snapshot denominator, not a private database claim","2026-09-11T05:22:49.764Z"
"1133","2","8949","8949","134825","134825","183769","52963","52963","0","0","0","118665","Complete public discovery union: 8,949 distinct watch routes from 8,913 /filter records plus 36 sitemap-only routes across 293 child maps; current snapshot denominator, not a private database claim","2026-09-11T05:23:19.762Z"
"1134","2","8949","8949","134825","134825","183769","53062","53062","0","0","0","118640","Complete public discovery union: 8,949 distinct watch routes from 8,913 /filter records plus 36 sitemap-only routes across 293 child maps; current snapshot denominator, not a private database claim","2026-09-11T05:23:50.265Z"
"1135","2","8949","8949","134825","134825","183769","53146","53146","0","0","0","118615","Complete public discovery union: 8,949 distinct watch routes from 8,913 /filter records plus 36 sitemap-only routes across 293 child maps; current snapshot denominator, not a private database claim","2026-09-11T05:24:20.086Z"
"1136","2","8949","8949","134825","134825","183769","53284","53284","0","0","0","118590","Complete public discovery union: 8,949 distinct watch routes from 8,913 /filter records plus 36 sitemap-only routes across 293 child maps; current snapshot denominator, not a private database claim","2026-09-11T05:24:50.212Z"
"1137","2","8949","8949","134825","134825","183769","53362","53362","0","0","0","118565","Complete public discovery union: 8,949 distinct watch routes from 8,913 /filter records plus 36 sitemap-only routes across 293 child maps; current snapshot denominator, not a private database claim","2026-09-11T05:25:20.167Z"
"1138","2","8949","8949","134825","134825","183769","53479","53479","0","0","0","118540","Complete public discovery union: 8,949 distinct watch routes from 8,913 /filter records plus 36 sitemap-only routes across 293 child maps; current snapshot denominator, not a private database claim","2026-09-11T05:25:50.428Z"
"1139","2","8949","8949","134825","134825","183769","53590","53590","0","0","0","118515","Complete public discovery union: 8,949 distinct watch routes from 8,913 /filter records plus 36 sitemap-only routes across 293 child maps; current snapshot denominator, not a private database claim","2026-09-11T05:26:20.491Z"
"1140","2","8949","8949","134825","134825","183769","53704","53704","0","0","0","118490","Complete public discovery union: 8,949 distinct watch routes from 8,913 /filter records plus 36 sitemap-only routes across 293 child maps; current snapshot denominator, not a private database claim","2026-09-11T05:26:50.596Z"
"1141","2","8949","8949","134825","134825","183769","53800","53800","0","0","0","118465","Complete public discovery union: 8,949 distinct watch routes from 8,913 /filter records plus 36 sitemap-only routes across 293 child maps; current snapshot denominator, not a private database claim","2026-09-11T05:27:20.695Z"
"1142","2","8949","8949","134825","134825","183769","53875","53875","0","0","0","118440","Complete public discovery union: 8,949 distinct watch routes from 8,913 /filter records plus 36 sitemap-only routes across 293 child maps; current snapshot denominator, not a private database claim","2026-09-11T05:27:50.815Z"
"1143","2","8949","8949","134825","134825","183769","53950","53950","0","0","0","118415","Complete public discovery union: 8,949 distinct watch routes from 8,913 /filter records plus 36 sitemap-only routes across 293 child maps; current snapshot denominator, not a private database claim","2026-09-11T05:28:20.905Z"
"1144","2","8949","8949","134825","134825","183769","54028","54028","0","0","0","118390","Complete public discovery union: 8,949 distinct watch routes from 8,913 /filter records plus 36 sitemap-only routes across 293 child maps; current snapshot denominator, not a private database claim","2026-09-11T05:28:51.011Z"
"1145","2","8949","8949","134825","134825","183769","54103","54103","0","0","0","118365","Complete public discovery union: 8,949 distinct watch routes from 8,913 /filter records plus 36 sitemap-only routes across 293 child maps; current snapshot denominator, not a private database claim","2026-09-11T05:29:21.121Z"
"1146","2","8949","8949","134825","134825","183769","54247","54247","0","0","0","118340","Complete public discovery union: 8,949 distinct watch routes from 8,913 /filter records plus 36 sitemap-only routes across 293 child maps; current snapshot denominator, not a private database claim","2026-09-11T05:29:51.227Z"
"1147","2","8949","8949","134825","134825","183769","54328","54328","0","0","0","118315","Complete public discovery union: 8,949 distinct watch routes from 8,913 /filter records plus 36 sitemap-only routes across 293 child maps; current snapshot denominator, not a private database claim","2026-09-11T05:30:21.638Z"
"1148","2","8949","8949","134825","134825","183769","54441","54441","0","0","0","118290","Complete public discovery union: 8,949 distinct watch routes from 8,913 /filter records plus 36 sitemap-only routes across 293 child maps; current snapshot denominator, not a private database claim","2026-09-11T05:30:51.344Z"
"1149","2","8949","8949","134825","134825","183769","54516","54516","0","0","0","118265","Complete public discovery union: 8,949 distinct watch routes from 8,913 /filter records plus 36 sitemap-only routes across 293 child maps; current snapshot denominator, not a private database claim","2026-09-11T05:31:21.605Z"
"1150","2","8949","8949","134825","134825","183769","54602","54602","0","0","0","118240","Complete public discovery union: 8,949 distinct watch routes from 8,913 /filter records plus 36 sitemap-only routes across 293 child maps; current snapshot denominator, not a private database claim","2026-09-11T05:31:51.539Z"
"1151","2","8949","8949","134825","134825","183769","54740","54740","0","0","0","118215","Complete public discovery union: 8,949 distinct watch routes from 8,913 /filter records plus 36 sitemap-only routes across 293 child maps; current snapshot denominator, not a private database claim","2026-09-11T05:32:21.656Z"
"1152","2","8949","8949","134825","134825","183769","54832","54832","0","0","0","118190","Complete public discovery union: 8,949 distinct watch routes from 8,913 /filter records plus 36 sitemap-only routes across 293 child maps; current snapshot denominator, not a private database claim","2026-09-11T05:32:51.919Z"
"1153","2","8949","8949","134825","134825","183769","54941","54941","0","0","0","118165","Complete public discovery union: 8,949 distinct watch routes from 8,913 /filter records plus 36 sitemap-only routes across 293 child maps; current snapshot denominator, not a private database claim","2026-09-11T05:33:22.413Z"
"1154","2","8949","8949","134825","134825","183769","55034","55034","0","0","0","118140","Complete public discovery union: 8,949 distinct watch routes from 8,913 /filter records plus 36 sitemap-only routes across 293 child maps; current snapshot denominator, not a private database claim","2026-09-11T05:33:52.706Z"
"1155","2","8949","8949","134825","134825","183769","55141","55141","0","0","0","118115","Complete public discovery union: 8,949 distinct watch routes from 8,913 /filter records plus 36 sitemap-only routes across 293 child maps; current snapshot denominator, not a private database claim","2026-09-11T05:34:22.274Z"
"1156","2","8949","8949","134825","134825","183769","55216","55216","0","0","0","118090","Complete public discovery union: 8,949 distinct watch routes from 8,913 /filter records plus 36 sitemap-only routes across 293 child maps; current snapshot denominator, not a private database claim","2026-09-11T05:34:52.853Z"
"1157","2","8949","8949","134825","134825","183769","55291","55291","0","0","0","118065","Complete public discovery union: 8,949 distinct watch routes from 8,913 /filter records plus 36 sitemap-only routes across 293 child maps; current snapshot denominator, not a private database claim","2026-09-11T05:35:22.516Z"
"1158","2","8949","8949","134825","134825","183769","55398","55398","0","0","0","118040","Complete public discovery union: 8,949 distinct watch routes from 8,913 /filter records plus 36 sitemap-only routes across 293 child maps; current snapshot denominator, not a private database claim","2026-09-11T05:35:52.634Z"
"1159","2","8949","8949","134825","134825","183769","55456","55456","0","0","0","118015","Complete public discovery union: 8,949 distinct watch routes from 8,913 /filter records plus 36 sitemap-only routes across 293 child maps; current snapshot denominator, not a private database claim","2026-09-11T05:36:22.732Z"
"1160","2","8949","8949","134825","134825","183769","55506","55506","0","0","0","117990","Complete public discovery union: 8,949 distinct watch routes from 8,913 /filter records plus 36 sitemap-only routes across 293 child maps; current snapshot denominator, not a private database claim","2026-09-11T05:36:52.821Z"
"1161","2","8949","8949","134825","134825","183769","55556","55556","0","0","0","117965","Complete public discovery union: 8,949 distinct watch routes from 8,913 /filter records plus 36 sitemap-only routes across 293 child maps; current snapshot denominator, not a private database claim","2026-09-11T05:37:22.926Z"
"1162","2","8949","8949","134825","134825","183769","55626","55626","0","0","0","117940","Complete public discovery union: 8,949 distinct watch routes from 8,913 /filter records plus 36 sitemap-only routes across 293 child maps; current snapshot denominator, not a private database claim","2026-09-11T05:37:53.040Z"
"1163","2","8949","8949","134825","134825","183769","55731","55731","0","0","0","117915","Complete public discovery union: 8,949 distinct watch routes from 8,913 /filter records plus 36 sitemap-only routes across 293 child maps; current snapshot denominator, not a private database claim","2026-09-11T05:38:23.104Z"
"1164","2","8949","8949","134825","134825","183769","55881","55881","0","0","0","117890","Complete public discovery union: 8,949 distinct watch routes from 8,913 /filter records plus 36 sitemap-only routes across 293 child maps; current snapshot denominator, not a private database claim","2026-09-11T05:38:53.208Z"
"1165","2","8949","8949","134825","134825","183769","55991","55991","0","0","0","117865","Complete public discovery union: 8,949 distinct watch routes from 8,913 /filter records plus 36 sitemap-only routes across 293 child maps; current snapshot denominator, not a private database claim","2026-09-11T05:39:23.297Z"
"1166","2","8949","8949","134825","134825","183769","56117","56117","0","0","0","117840","Complete public discovery union: 8,949 distinct watch routes from 8,913 /filter records plus 36 sitemap-only routes across 293 child maps; current snapshot denominator, not a private database claim","2026-09-11T05:39:53.420Z"
"1167","2","8949","8949","134825","134825","183769","56242","56242","0","0","0","117815","Complete public discovery union: 8,949 distinct watch routes from 8,913 /filter records plus 36 sitemap-only routes across 293 child maps; current snapshot denominator, not a private database claim","2026-09-11T05:40:23.507Z"
"1168","2","8949","8949","134825","134825","183769","56367","56367","0","0","0","117790","Complete public discovery union: 8,949 distinct watch routes from 8,913 /filter records plus 36 sitemap-only routes across 293 child maps; current snapshot denominator, not a private database claim","2026-09-11T05:40:53.614Z"
"1169","2","8949","8949","134825","134825","183769","56506","56506","0","0","0","117765","Complete public discovery union: 8,949 distinct watch routes from 8,913 /filter records plus 36 sitemap-only routes across 293 child maps; current snapshot denominator, not a private database claim","2026-09-11T05:41:23.741Z"
"1170","2","8949","8949","134825","134825","183769","56643","56643","0","0","0","117740","Complete public discovery union: 8,949 distinct watch routes from 8,913 /filter records plus 36 sitemap-only routes across 293 child maps; current snapshot denominator, not a private database claim","2026-09-11T05:41:53.834Z"
"1171","2","8949","8949","134825","134825","183769","56780","56780","0","0","0","117715","Complete public discovery union: 8,949 distinct watch routes from 8,913 /filter records plus 36 sitemap-only routes across 293 child maps; current snapshot denominator, not a private database claim","2026-09-11T05:42:23.924Z"
"1172","2","8949","8949","134825","134825","183769","56890","56890","0","0","0","117690","Complete public discovery union: 8,949 distinct watch routes from 8,913 /filter records plus 36 sitemap-only routes across 293 child maps; current snapshot denominator, not a private database claim","2026-09-11T05:42:54.059Z"
"1173","2","8949","8949","134825","134825","183769","56940","56940","0","0","0","117665","Complete public discovery union: 8,949 distinct watch routes from 8,913 /filter records plus 36 sitemap-only routes across 293 child maps; current snapshot denominator, not a private database claim","2026-09-11T05:43:24.156Z"
"1174","2","8949","8949","134825","134825","183769","56990","56990","0","0","0","117640","Complete public discovery union: 8,949 distinct watch routes from 8,913 /filter records plus 36 sitemap-only routes across 293 child maps; current snapshot denominator, not a private database claim","2026-09-11T05:43:54.684Z"
"1175","2","8949","8949","134825","134825","183769","57040","57040","0","0","0","117615","Complete public discovery union: 8,949 distinct watch routes from 8,913 /filter records plus 36 sitemap-only routes across 293 child maps; current snapshot denominator, not a private database claim","2026-09-11T05:44:24.659Z"
"1176","2","8949","8949","134825","134825","183769","57090","57090","0","0","0","117590","Complete public discovery union: 8,949 distinct watch routes from 8,913 /filter records plus 36 sitemap-only routes across 293 child maps; current snapshot denominator, not a private database claim","2026-09-11T05:44:54.502Z"
"1177","2","8949","8949","134825","134825","183769","57140","57140","0","0","0","117565","Complete public discovery union: 8,949 distinct watch routes from 8,913 /filter records plus 36 sitemap-only routes across 293 child maps; current snapshot denominator, not a private database claim","2026-09-11T05:45:24.820Z"
"1178","2","8949","8949","134825","134825","183769","57190","57190","0","0","0","117540","Complete public discovery union: 8,949 distinct watch routes from 8,913 /filter records plus 36 sitemap-only routes across 293 child maps; current snapshot denominator, not a private database claim","2026-09-11T05:45:54.944Z"
"1179","2","8949","8949","134825","134825","183769","57244","57244","0","0","0","117515","Complete public discovery union: 8,949 distinct watch routes from 8,913 /filter records plus 36 sitemap-only routes across 293 child maps; current snapshot denominator, not a private database claim","2026-09-11T05:46:24.805Z"
"1180","2","8949","8949","134825","134825","183769","57295","57295","0","0","0","117490","Complete public discovery union: 8,949 distinct watch routes from 8,913 /filter records plus 36 sitemap-only routes across 293 child maps; current snapshot denominator, not a private database claim","2026-09-11T05:46:54.938Z"
"1181","2","8949","8949","134825","134825","183769","57345","57345","0","0","0","117465","Complete public discovery union: 8,949 distinct watch routes from 8,913 /filter records plus 36 sitemap-only routes across 293 child maps; current snapshot denominator, not a private database claim","2026-09-11T05:47:25.422Z"
"1182","2","8949","8949","134825","134825","183769","57395","57395","0","0","0","117440","Complete public discovery union: 8,949 distinct watch routes from 8,913 /filter records plus 36 sitemap-only routes across 293 child maps; current snapshot denominator, not a private database claim","2026-09-11T05:47:55.423Z"
"1183","2","8949","8949","134825","134825","183769","57445","57445","0","0","0","117415","Complete public discovery union: 8,949 distinct watch routes from 8,913 /filter records plus 36 sitemap-only routes across 293 child maps; current snapshot denominator, not a private database claim","2026-09-11T05:48:25.476Z"
"1184","2","8949","8949","134825","134825","183769","57495","57495","0","0","0","117390","Complete public discovery union: 8,949 distinct watch routes from 8,913 /filter records plus 36 sitemap-only routes across 293 child maps; current snapshot denominator, not a private database claim","2026-09-11T05:48:55.561Z"
"1185","2","8949","8949","134825","134825","183769","57545","57545","0","0","0","117365","Complete public discovery union: 8,949 distinct watch routes from 8,913 /filter records plus 36 sitemap-only routes across 293 child maps; current snapshot denominator, not a private database claim","2026-09-11T05:49:25.798Z"
"1186","2","8949","8949","134825","134825","183769","57604","57604","0","0","0","117340","Complete public discovery union: 8,949 distinct watch routes from 8,913 /filter records plus 36 sitemap-only routes across 293 child maps; current snapshot denominator, not a private database claim","2026-09-11T05:49:55.944Z"
"1187","2","8949","8949","134825","134825","183769","57654","57654","0","0","0","117315","Complete public discovery union: 8,949 distinct watch routes from 8,913 /filter records plus 36 sitemap-only routes across 293 child maps; current snapshot denominator, not a private database claim","2026-09-11T05:50:25.717Z"
"1188","2","8949","8949","134825","134825","183769","57704","57704","0","0","0","117290","Complete public discovery union: 8,949 distinct watch routes from 8,913 /filter records plus 36 sitemap-only routes across 293 child maps; current snapshot denominator, not a private database claim","2026-09-11T05:50:55.820Z"
"1189","2","8949","8949","134825","134825","183769","57755","57755","0","0","0","117265","Complete public discovery union: 8,949 distinct watch routes from 8,913 /filter records plus 36 sitemap-only routes across 293 child maps; current snapshot denominator, not a private database claim","2026-09-11T05:51:26.248Z"
"1190","2","8949","8949","134825","134825","183769","57805","57805","0","0","0","117240","Complete public discovery union: 8,949 distinct watch routes from 8,913 /filter records plus 36 sitemap-only routes across 293 child maps; current snapshot denominator, not a private database claim","2026-09-11T05:51:56.034Z"
"1191","2","8949","8949","134825","134825","183769","57855","57855","0","0","0","117215","Complete public discovery union: 8,949 distinct watch routes from 8,913 /filter records plus 36 sitemap-only routes across 293 child maps; current snapshot denominator, not a private database claim","2026-09-11T05:52:26.379Z"
"1192","2","8949","8949","134825","134825","183769","57905","57905","0","0","0","117190","Complete public discovery union: 8,949 distinct watch routes from 8,913 /filter records plus 36 sitemap-only routes across 293 child maps; current snapshot denominator, not a private database claim","2026-09-11T05:52:56.484Z"
"1193","2","8949","8949","134825","134825","183769","57956","57956","0","0","0","117165","Complete public discovery union: 8,949 distinct watch routes from 8,913 /filter records plus 36 sitemap-only routes across 293 child maps; current snapshot denominator, not a private database claim","2026-09-11T05:53:26.394Z"
"1194","2","8949","8949","134825","134825","183769","58006","58006","0","0","0","117140","Complete public discovery union: 8,949 distinct watch routes from 8,913 /filter records plus 36 sitemap-only routes across 293 child maps; current snapshot denominator, not a private database claim","2026-09-11T05:53:56.785Z"
"1195","2","8949","8949","134825","134825","183769","58067","58067","0","0","0","117115","Complete public discovery union: 8,949 distinct watch routes from 8,913 /filter records plus 36 sitemap-only routes across 293 child maps; current snapshot denominator, not a private database claim","2026-09-11T05:54:26.603Z"
"1196","2","8949","8949","134825","134825","183769","58142","58142","0","0","0","117090","Complete public discovery union: 8,949 distinct watch routes from 8,913 /filter records plus 36 sitemap-only routes across 293 child maps; current snapshot denominator, not a private database claim","2026-09-11T05:54:56.672Z"
"1197","2","8949","8949","134825","134825","183769","58217","58217","0","0","0","117065","Complete public discovery union: 8,949 distinct watch routes from 8,913 /filter records plus 36 sitemap-only routes across 293 child maps; current snapshot denominator, not a private database claim","2026-09-11T05:55:26.830Z"
"1198","2","8949","8949","134825","134825","183769","58292","58292","0","0","0","117040","Complete public discovery union: 8,949 distinct watch routes from 8,913 /filter records plus 36 sitemap-only routes across 293 child maps; current snapshot denominator, not a private database claim","2026-09-11T05:55:56.956Z"
"1199","2","8949","8949","134825","134825","183769","58424","58424","0","0","0","117015","Complete public discovery union: 8,949 distinct watch routes from 8,913 /filter records plus 36 sitemap-only routes across 293 child maps; current snapshot denominator, not a private database claim","2026-09-11T05:56:27.038Z"
"1200","2","8949","8949","134825","134825","183769","58507","58507","0","0","0","116990","Complete public discovery union: 8,949 distinct watch routes from 8,913 /filter records plus 36 sitemap-only routes across 293 child maps; current snapshot denominator, not a private database claim","2026-09-11T05:56:57.607Z"
"1201","2","8949","8949","134825","134825","183769","58636","58636","0","0","0","116965","Complete public discovery union: 8,949 distinct watch routes from 8,913 /filter records plus 36 sitemap-only routes across 293 child maps; current snapshot denominator, not a private database claim","2026-09-11T05:57:27.140Z"
"1202","2","8949","8949","134825","134825","183769","58706","58706","0","0","0","116940","Complete public discovery union: 8,949 distinct watch routes from 8,913 /filter records plus 36 sitemap-only routes across 293 child maps; current snapshot denominator, not a private database claim","2026-09-11T05:57:57.416Z"
"1203","2","8949","8949","134825","134825","183769","58756","58756","0","0","0","116915","Complete public discovery union: 8,949 distinct watch routes from 8,913 /filter records plus 36 sitemap-only routes across 293 child maps; current snapshot denominator, not a private database claim","2026-09-11T05:58:27.509Z"
"1204","2","8949","8949","134825","134825","183769","58806","58806","0","0","0","116890","Complete public discovery union: 8,949 distinct watch routes from 8,913 /filter records plus 36 sitemap-only routes across 293 child maps; current snapshot denominator, not a private database claim","2026-09-11T05:58:57.648Z"
"1205","2","8949","8949","134825","134825","183769","58871","58871","0","0","0","116865","Complete public discovery union: 8,949 distinct watch routes from 8,913 /filter records plus 36 sitemap-only routes across 293 child maps; current snapshot denominator, not a private database claim","2026-09-11T05:59:27.772Z"
"1206","2","8949","8949","134825","134825","183769","58946","58946","0","0","0","116840","Complete public discovery union: 8,949 distinct watch routes from 8,913 /filter records plus 36 sitemap-only routes across 293 child maps; current snapshot denominator, not a private database claim","2026-09-11T05:59:57.898Z"
"1207","2","8949","8949","134825","134825","183769","59021","59021","0","0","0","116815","Complete public discovery union: 8,949 distinct watch routes from 8,913 /filter records plus 36 sitemap-only routes across 293 child maps; current snapshot denominator, not a private database claim","2026-09-11T06:00:28.031Z"
"1208","2","8949","8949","134825","134825","183769","59134","59134","0","0","0","116790","Complete public discovery union: 8,949 distinct watch routes from 8,913 /filter records plus 36 sitemap-only routes across 293 child maps; current snapshot denominator, not a private database claim","2026-09-11T06:00:58.134Z"
"1209","2","8949","8949","134825","134825","183769","59225","59225","0","0","0","116765","Complete public discovery union: 8,949 distinct watch routes from 8,913 /filter records plus 36 sitemap-only routes across 293 child maps; current snapshot denominator, not a private database claim","2026-09-11T06:01:28.213Z"
"1210","2","8949","8949","134825","134825","183769","59338","59338","0","0","0","116740","Complete public discovery union: 8,949 distinct watch routes from 8,913 /filter records plus 36 sitemap-only routes across 293 child maps; current snapshot denominator, not a private database claim","2026-09-11T06:01:58.167Z"
"1211","2","8949","8949","134825","134825","183769","59480","59480","0","0","0","116715","Complete public discovery union: 8,949 distinct watch routes from 8,913 /filter records plus 36 sitemap-only routes across 293 child maps; current snapshot denominator, not a private database claim","2026-09-11T06:02:28.387Z"
"1212","2","8949","8949","134825","134825","183769","59530","59530","0","0","0","116690","Complete public discovery union: 8,949 distinct watch routes from 8,913 /filter records plus 36 sitemap-only routes across 293 child maps; current snapshot denominator, not a private database claim","2026-09-11T06:02:58.517Z"
"1213","2","8949","8949","134825","134825","183769","59580","59580","0","0","0","116665","Complete public discovery union: 8,949 distinct watch routes from 8,913 /filter records plus 36 sitemap-only routes across 293 child maps; current snapshot denominator, not a private database claim","2026-09-11T06:03:28.615Z"
"1214","2","8949","8949","134825","134825","183769","59630","59630","0","0","0","116640","Complete public discovery union: 8,949 distinct watch routes from 8,913 /filter records plus 36 sitemap-only routes across 293 child maps; current snapshot denominator, not a private database claim","2026-09-11T06:03:58.709Z"
"1215","2","8949","8949","134825","134825","183769","59681","59681","0","0","0","116615","Complete public discovery union: 8,949 distinct watch routes from 8,913 /filter records plus 36 sitemap-only routes across 293 child maps; current snapshot denominator, not a private database claim","2026-09-11T06:04:28.812Z"
"1216","2","8949","8949","134825","134825","183769","59756","59756","0","0","0","116590","Complete public discovery union: 8,949 distinct watch routes from 8,913 /filter records plus 36 sitemap-only routes across 293 child maps; current snapshot denominator, not a private database claim","2026-09-11T06:04:58.953Z"
"1217","2","8949","8949","134825","134825","183769","59867","59867","0","0","0","116565","Complete public discovery union: 8,949 distinct watch routes from 8,913 /filter records plus 36 sitemap-only routes across 293 child maps; current snapshot denominator, not a private database claim","2026-09-11T06:05:29.376Z"
"1218","2","8949","8949","134825","134825","183769","59951","59951","0","0","0","116540","Complete public discovery union: 8,949 distinct watch routes from 8,913 /filter records plus 36 sitemap-only routes across 293 child maps; current snapshot denominator, not a private database claim","2026-09-11T06:05:59.191Z"
"1219","2","8949","8949","134825","134825","183769","60066","60066","0","0","0","116515","Complete public discovery union: 8,949 distinct watch routes from 8,913 /filter records plus 36 sitemap-only routes across 293 child maps; current snapshot denominator, not a private database claim","2026-09-11T06:06:29.309Z"
"1220","2","8949","8949","134825","134825","183769","60188","60188","0","0","0","116490","Complete public discovery union: 8,949 distinct watch routes from 8,913 /filter records plus 36 sitemap-only routes across 293 child maps; current snapshot denominator, not a private database claim","2026-09-11T06:06:59.390Z"
"1221","2","8949","8949","134825","134825","183769","60318","60318","0","0","0","116465","Complete public discovery union: 8,949 distinct watch routes from 8,913 /filter records plus 36 sitemap-only routes across 293 child maps; current snapshot denominator, not a private database claim","2026-09-11T06:07:29.511Z"
"1222","2","8949","8949","134825","134825","183769","60423","60423","0","0","0","116440","Complete public discovery union: 8,949 distinct watch routes from 8,913 /filter records plus 36 sitemap-only routes across 293 child maps; current snapshot denominator, not a private database claim","2026-09-11T06:07:59.596Z"
"1223","2","8949","8949","134825","134825","183769","60525","60525","0","0","0","116415","Complete public discovery union: 8,949 distinct watch routes from 8,913 /filter records plus 36 sitemap-only routes across 293 child maps; current snapshot denominator, not a private database claim","2026-09-11T06:08:30.050Z"
"1224","2","8949","8949","134825","134825","183769","60610","60610","0","0","0","116390","Complete public discovery union: 8,949 distinct watch routes from 8,913 /filter records plus 36 sitemap-only routes across 293 child maps; current snapshot denominator, not a private database claim","2026-09-11T06:08:59.815Z"
"1225","2","8949","8949","134825","134825","183769","60735","60735","0","0","0","116365","Complete public discovery union: 8,949 distinct watch routes from 8,913 /filter records plus 36 sitemap-only routes across 293 child maps; current snapshot denominator, not a private database claim","2026-09-11T06:09:29.932Z"
"1226","2","8949","8949","134825","134825","183769","60865","60865","0","0","0","116340","Complete public discovery union: 8,949 distinct watch routes from 8,913 /filter records plus 36 sitemap-only routes across 293 child maps; current snapshot denominator, not a private database claim","2026-09-11T06:10:00.038Z"
"1227","2","8949","8949","134825","134825","183769","61000","61000","0","0","0","116315","Complete public discovery union: 8,949 distinct watch routes from 8,913 /filter records plus 36 sitemap-only routes across 293 child maps; current snapshot denominator, not a private database claim","2026-09-11T06:10:30.151Z"
"1228","2","8949","8949","134825","134825","183769","61133","61133","0","0","0","116290","Complete public discovery union: 8,949 distinct watch routes from 8,913 /filter records plus 36 sitemap-only routes across 293 child maps; current snapshot denominator, not a private database claim","2026-09-11T06:11:00.266Z"
"1229","2","8949","8949","134825","134825","183769","61283","61283","0","0","0","116265","Complete public discovery union: 8,949 distinct watch routes from 8,913 /filter records plus 36 sitemap-only routes across 293 child maps; current snapshot denominator, not a private database claim","2026-09-11T06:11:30.352Z"
"1230","2","8949","8949","134825","134825","183769","61433","61433","0","0","0","116240","Complete public discovery union: 8,949 distinct watch routes from 8,913 /filter records plus 36 sitemap-only routes across 293 child maps; current snapshot denominator, not a private database claim","2026-09-11T06:12:00.438Z"
"1231","2","8949","8949","134825","134825","183769","61558","61558","0","0","0","116215","Complete public discovery union: 8,949 distinct watch routes from 8,913 /filter records plus 36 sitemap-only routes across 293 child maps; current snapshot denominator, not a private database claim","2026-09-11T06:12:30.408Z"
"1232","2","8949","8949","134825","134825","183769","61686","61686","0","0","0","116190","Complete public discovery union: 8,949 distinct watch routes from 8,913 /filter records plus 36 sitemap-only routes across 293 child maps; current snapshot denominator, not a private database claim","2026-09-11T06:13:00.505Z"
"1233","2","8949","8949","134825","134825","183769","61829","61829","0","0","0","116165","Complete public discovery union: 8,949 distinct watch routes from 8,913 /filter records plus 36 sitemap-only routes across 293 child maps; current snapshot denominator, not a private database claim","2026-09-11T06:13:30.742Z"
"1234","2","8949","8949","134825","134825","183769","61978","61978","0","0","0","116140","Complete public discovery union: 8,949 distinct watch routes from 8,913 /filter records plus 36 sitemap-only routes across 293 child maps; current snapshot denominator, not a private database claim","2026-09-11T06:14:00.840Z"
"1235","2","8949","8949","134825","134825","183769","62093","62093","0","0","0","116115","Complete public discovery union: 8,949 distinct watch routes from 8,913 /filter records plus 36 sitemap-only routes across 293 child maps; current snapshot denominator, not a private database claim","2026-09-11T06:14:30.923Z"
"1236","2","8949","8949","134825","134825","183769","62169","62169","0","0","0","116090","Complete public discovery union: 8,949 distinct watch routes from 8,913 /filter records plus 36 sitemap-only routes across 293 child maps; current snapshot denominator, not a private database claim","2026-09-11T06:15:01.094Z"
"1237","2","8949","8949","134825","134825","183769","62219","62219","0","0","0","116065","Complete public discovery union: 8,949 distinct watch routes from 8,913 /filter records plus 36 sitemap-only routes across 293 child maps; current snapshot denominator, not a private database claim","2026-09-11T06:15:31.208Z"
"1238","2","8949","8949","134825","134825","183769","62269","62269","0","0","0","116040","Complete public discovery union: 8,949 distinct watch routes from 8,913 /filter records plus 36 sitemap-only routes across 293 child maps; current snapshot denominator, not a private database claim","2026-09-11T06:16:01.301Z"
"1239","2","8949","8949","134825","134825","183769","62334","62334","0","0","0","116015","Complete public discovery union: 8,949 distinct watch routes from 8,913 /filter records plus 36 sitemap-only routes across 293 child maps; current snapshot denominator, not a private database claim","2026-09-11T06:16:31.426Z"
"1240","2","8949","8949","134825","134825","183769","62409","62409","0","0","0","115990","Complete public discovery union: 8,949 distinct watch routes from 8,913 /filter records plus 36 sitemap-only routes across 293 child maps; current snapshot denominator, not a private database claim","2026-09-11T06:17:01.508Z"
"1241","2","8949","8949","134825","134825","183769","62511","62511","0","0","0","115965","Complete public discovery union: 8,949 distinct watch routes from 8,913 /filter records plus 36 sitemap-only routes across 293 child maps; current snapshot denominator, not a private database claim","2026-09-11T06:17:31.440Z"
"1242","2","8949","8949","134825","134825","183769","62606","62606","0","0","0","115940","Complete public discovery union: 8,949 distinct watch routes from 8,913 /filter records plus 36 sitemap-only routes across 293 child maps; current snapshot denominator, not a private database claim","2026-09-11T06:18:02.085Z"
"1243","2","8949","8949","134825","134825","183769","62656","62656","0","0","0","115915","Complete public discovery union: 8,949 distinct watch routes from 8,913 /filter records plus 36 sitemap-only routes across 293 child maps; current snapshot denominator, not a private database claim","2026-09-11T06:18:32.065Z"
"1244","2","8949","8949","134825","134825","183769","62706","62706","0","0","0","115890","Complete public discovery union: 8,949 distinct watch routes from 8,913 /filter records plus 36 sitemap-only routes across 293 child maps; current snapshot denominator, not a private database claim","2026-09-11T06:19:02.252Z"
"1245","2","8949","8949","134825","134825","183769","62814","62814","0","0","0","115865","Complete public discovery union: 8,949 distinct watch routes from 8,913 /filter records plus 36 sitemap-only routes across 293 child maps; current snapshot denominator, not a private database claim","2026-09-11T06:19:32.078Z"
"1246","2","8949","8949","134825","134825","183769","62913","62913","0","0","0","115840","Complete public discovery union: 8,949 distinct watch routes from 8,913 /filter records plus 36 sitemap-only routes across 293 child maps; current snapshot denominator, not a private database claim","2026-09-11T06:20:02.010Z"
"1247","2","8949","8949","134825","134825","183769","63063","63063","0","0","0","115815","Complete public discovery union: 8,949 distinct watch routes from 8,913 /filter records plus 36 sitemap-only routes across 293 child maps; current snapshot denominator, not a private database claim","2026-09-11T06:20:32.240Z"
"1248","2","8949","8949","134825","134825","183769","63197","63197","0","0","0","115790","Complete public discovery union: 8,949 distinct watch routes from 8,913 /filter records plus 36 sitemap-only routes across 293 child maps; current snapshot denominator, not a private database claim","2026-09-11T06:21:02.212Z"
"1249","2","8949","8949","134825","134825","183769","63297","63297","0","0","0","115765","Complete public discovery union: 8,949 distinct watch routes from 8,913 /filter records plus 36 sitemap-only routes across 293 child maps; current snapshot denominator, not a private database claim","2026-09-11T06:21:32.442Z"
"1250","2","8949","8949","134825","134825","183769","63405","63405","0","0","0","115740","Complete public discovery union: 8,949 distinct watch routes from 8,913 /filter records plus 36 sitemap-only routes across 293 child maps; current snapshot denominator, not a private database claim","2026-09-11T06:22:02.413Z"
"1251","2","8949","8949","134825","134825","183769","63530","63530","0","0","0","115715","Complete public discovery union: 8,949 distinct watch routes from 8,913 /filter records plus 36 sitemap-only routes across 293 child maps; current snapshot denominator, not a private database claim","2026-09-11T06:22:32.644Z"
"1252","2","8949","8949","134825","134825","183769","63655","63655","0","0","0","115690","Complete public discovery union: 8,949 distinct watch routes from 8,913 /filter records plus 36 sitemap-only routes across 293 child maps; current snapshot denominator, not a private database claim","2026-09-11T06:23:02.633Z"
"1253","2","8949","8949","134825","134825","183769","63780","63780","0","0","0","115665","Complete public discovery union: 8,949 distinct watch routes from 8,913 /filter records plus 36 sitemap-only routes across 293 child maps; current snapshot denominator, not a private database claim","2026-09-11T06:23:32.874Z"
"1254","2","8949","8949","134825","134825","183769","63884","63884","0","0","0","115640","Complete public discovery union: 8,949 distinct watch routes from 8,913 /filter records plus 36 sitemap-only routes across 293 child maps; current snapshot denominator, not a private database claim","2026-09-11T06:24:02.954Z"
"1255","2","8949","8949","134825","134825","183769","63934","63934","0","0","0","115615","Complete public discovery union: 8,949 distinct watch routes from 8,913 /filter records plus 36 sitemap-only routes across 293 child maps; current snapshot denominator, not a private database claim","2026-09-11T06:24:33.074Z"
"1256","2","8949","8949","134825","134825","183769","64002","64002","0","0","0","115590","Complete public discovery union: 8,949 distinct watch routes from 8,913 /filter records plus 36 sitemap-only routes across 293 child maps; current snapshot denominator, not a private database claim","2026-09-11T06:25:03.028Z"
"1257","2","8949","8949","134825","134825","183769","64146","64146","0","0","0","115565","Complete public discovery union: 8,949 distinct watch routes from 8,913 /filter records plus 36 sitemap-only routes across 293 child maps; current snapshot denominator, not a private database claim","2026-09-11T06:25:33.784Z"
"1258","2","8949","8949","134825","134825","183769","64296","64296","0","0","0","115540","Complete public discovery union: 8,949 distinct watch routes from 8,913 /filter records plus 36 sitemap-only routes across 293 child maps; current snapshot denominator, not a private database claim","2026-09-11T06:26:03.393Z"
"1259","2","8949","8949","134825","134825","183769","64404","64404","0","0","0","115515","Complete public discovery union: 8,949 distinct watch routes from 8,913 /filter records plus 36 sitemap-only routes across 293 child maps; current snapshot denominator, not a private database claim","2026-09-11T06:26:33.370Z"
"1260","2","8949","8949","134825","134825","183769","64554","64554","0","0","0","115490","Complete public discovery union: 8,949 distinct watch routes from 8,913 /filter records plus 36 sitemap-only routes across 293 child maps; current snapshot denominator, not a private database claim","2026-09-11T06:27:03.639Z"
"1261","2","8949","8949","134825","134825","183769","64686","64686","0","0","0","115465","Complete public discovery union: 8,949 distinct watch routes from 8,913 /filter records plus 36 sitemap-only routes across 293 child maps; current snapshot denominator, not a private database claim","2026-09-11T06:27:33.736Z"
"1262","2","8949","8949","134825","134825","183769","64830","64830","0","0","0","115440","Complete public discovery union: 8,949 distinct watch routes from 8,913 /filter records plus 36 sitemap-only routes across 293 child maps; current snapshot denominator, not a private database claim","2026-09-11T06:28:03.831Z"
"1263","2","8949","8949","134825","134825","183769","64962","64962","0","0","0","115415","Complete public discovery union: 8,949 distinct watch routes from 8,913 /filter records plus 36 sitemap-only routes across 293 child maps; current snapshot denominator, not a private database claim","2026-09-11T06:28:34.393Z"
"1264","2","8949","8949","134825","134825","183769","65081","65081","0","0","0","115390","Complete public discovery union: 8,949 distinct watch routes from 8,913 /filter records plus 36 sitemap-only routes across 293 child maps; current snapshot denominator, not a private database claim","2026-09-11T06:29:04.113Z"
"1265","2","8949","8949","134825","134825","183769","65231","65231","0","0","0","115365","Complete public discovery union: 8,949 distinct watch routes from 8,913 /filter records plus 36 sitemap-only routes across 293 child maps; current snapshot denominator, not a private database claim","2026-09-11T06:29:34.206Z"
"1266","2","8949","8949","134825","134825","183769","65370","65370","0","0","0","115340","Complete public discovery union: 8,949 distinct watch routes from 8,913 /filter records plus 36 sitemap-only routes across 293 child maps; current snapshot denominator, not a private database claim","2026-09-11T06:30:04.169Z"
"1267","2","8949","8949","134825","134825","183769","65412","65412","0","0","0","115315","Complete public discovery union: 8,949 distinct watch routes from 8,913 /filter records plus 36 sitemap-only routes across 293 child maps; current snapshot denominator, not a private database claim","2026-09-11T06:30:34.428Z"
"1268","2","8949","8949","134825","134825","183769","65478","65478","0","0","0","115290","Complete public discovery union: 8,949 distinct watch routes from 8,913 /filter records plus 36 sitemap-only routes across 293 child maps; current snapshot denominator, not a private database claim","2026-09-11T06:31:04.548Z"
"1269","2","8949","8949","134825","134825","183769","65547","65547","0","0","0","115265","Complete public discovery union: 8,949 distinct watch routes from 8,913 /filter records plus 36 sitemap-only routes across 293 child maps; current snapshot denominator, not a private database claim","2026-09-11T06:31:34.638Z"
"1270","2","8949","8949","134825","134825","183769","65619","65619","0","0","0","115240","Complete public discovery union: 8,949 distinct watch routes from 8,913 /filter records plus 36 sitemap-only routes across 293 child maps; current snapshot denominator, not a private database claim","2026-09-11T06:32:04.760Z"
"1271","2","8949","8949","134825","134825","183769","65673","65673","0","0","0","115215","Complete public discovery union: 8,949 distinct watch routes from 8,913 /filter records plus 36 sitemap-only routes across 293 child maps; current snapshot denominator, not a private database claim","2026-09-11T06:32:34.877Z"
"1272","2","8949","8949","134825","134825","183769","65739","65739","0","0","0","115190","Complete public discovery union: 8,949 distinct watch routes from 8,913 /filter records plus 36 sitemap-only routes across 293 child maps; current snapshot denominator, not a private database claim","2026-09-11T06:33:05.001Z"
"1273","2","8949","8949","134825","134825","183769","65824","65824","0","0","0","115165","Complete public discovery union: 8,949 distinct watch routes from 8,913 /filter records plus 36 sitemap-only routes across 293 child maps; current snapshot denominator, not a private database claim","2026-09-11T06:33:35.325Z"
"1274","2","8949","8949","134825","134825","183769","65938","65938","0","0","0","115140","Complete public discovery union: 8,949 distinct watch routes from 8,913 /filter records plus 36 sitemap-only routes across 293 child maps; current snapshot denominator, not a private database claim","2026-09-11T06:34:05.209Z"
"1275","2","8949","8949","134825","134825","183769","66012","66012","0","0","0","115115","Complete public discovery union: 8,949 distinct watch routes from 8,913 /filter records plus 36 sitemap-only routes across 293 child maps; current snapshot denominator, not a private database claim","2026-09-11T06:34:35.311Z"
"1276","2","8949","8949","134825","134825","183769","66123","66123","0","0","0","115090","Complete public discovery union: 8,949 distinct watch routes from 8,913 /filter records plus 36 sitemap-only routes across 293 child maps; current snapshot denominator, not a private database claim","2026-09-11T06:35:05.421Z"
"1277","2","8949","8949","134825","134825","183769","66198","66198","0","0","0","115065","Complete public discovery union: 8,949 distinct watch routes from 8,913 /filter records plus 36 sitemap-only routes across 293 child maps; current snapshot denominator, not a private database claim","2026-09-11T06:35:35.532Z"
"1278","2","8949","8949","134825","134825","183769","66306","66306","0","0","0","115040","Complete public discovery union: 8,949 distinct watch routes from 8,913 /filter records plus 36 sitemap-only routes across 293 child maps; current snapshot denominator, not a private database claim","2026-09-11T06:36:06.053Z"
"1279","2","8949","8949","134825","134825","183769","66381","66381","0","0","0","115015","Complete public discovery union: 8,949 distinct watch routes from 8,913 /filter records plus 36 sitemap-only routes across 293 child maps; current snapshot denominator, not a private database claim","2026-09-11T06:36:35.753Z"
"1280","2","8949","8949","134825","134825","183769","66492","66492","0","0","0","114990","Complete public discovery union: 8,949 distinct watch routes from 8,913 /filter records plus 36 sitemap-only routes across 293 child maps; current snapshot denominator, not a private database claim","2026-09-11T06:37:05.834Z"
"1281","2","8949","8949","134825","134825","183769","66635","66635","0","0","0","114965","Complete public discovery union: 8,949 distinct watch routes from 8,913 /filter records plus 36 sitemap-only routes across 293 child maps; current snapshot denominator, not a private database claim","2026-09-11T06:37:35.950Z"
"1282","2","8949","8949","134825","134825","183769","66719","66719","0","0","0","114940","Complete public discovery union: 8,949 distinct watch routes from 8,913 /filter records plus 36 sitemap-only routes across 293 child maps; current snapshot denominator, not a private database claim","2026-09-11T06:38:06.041Z"
"1283","2","8949","8949","134825","134825","183769","66830","66830","0","0","0","114915","Complete public discovery union: 8,949 distinct watch routes from 8,913 /filter records plus 36 sitemap-only routes across 293 child maps; current snapshot denominator, not a private database claim","2026-09-11T06:38:36.644Z"
"1284","2","8949","8949","134825","134825","183769","66956","66956","0","0","0","114890","Complete public discovery union: 8,949 distinct watch routes from 8,913 /filter records plus 36 sitemap-only routes across 293 child maps; current snapshot denominator, not a private database claim","2026-09-11T06:39:06.259Z"
"1285","2","8949","8949","134825","134825","183769","67091","67091","0","0","0","114865","Complete public discovery union: 8,949 distinct watch routes from 8,913 /filter records plus 36 sitemap-only routes across 293 child maps; current snapshot denominator, not a private database claim","2026-09-11T06:39:36.384Z"
"1286","2","8949","8949","134825","134825","183769","67241","67241","0","0","0","114840","Complete public discovery union: 8,949 distinct watch routes from 8,913 /filter records plus 36 sitemap-only routes across 293 child maps; current snapshot denominator, not a private database claim","2026-09-11T06:40:06.455Z"
"1287","2","8949","8949","134825","134825","183769","67391","67391","0","0","0","114815","Complete public discovery union: 8,949 distinct watch routes from 8,913 /filter records plus 36 sitemap-only routes across 293 child maps; current snapshot denominator, not a private database claim","2026-09-11T06:40:36.579Z"
"1288","2","8949","8949","134825","134825","183769","67508","67508","0","0","0","114790","Complete public discovery union: 8,949 distinct watch routes from 8,913 /filter records plus 36 sitemap-only routes across 293 child maps; current snapshot denominator, not a private database claim","2026-09-11T06:41:06.662Z"
"1289","2","8949","8949","134825","134825","183769","67612","67612","0","0","0","114765","Complete public discovery union: 8,949 distinct watch routes from 8,913 /filter records plus 36 sitemap-only routes across 293 child maps; current snapshot denominator, not a private database claim","2026-09-11T06:41:36.790Z"
"1290","2","8949","8949","134825","134825","183769","67762","67762","0","0","0","114740","Complete public discovery union: 8,949 distinct watch routes from 8,913 /filter records plus 36 sitemap-only routes across 293 child maps; current snapshot denominator, not a private database claim","2026-09-11T06:42:06.900Z"
"1291","2","8949","8949","134825","134825","183769","67909","67909","0","0","0","114715","Complete public discovery union: 8,949 distinct watch routes from 8,913 /filter records plus 36 sitemap-only routes across 293 child maps; current snapshot denominator, not a private database claim","2026-09-11T06:42:37.023Z"
"1292","2","8949","8949","134825","134825","183769","68059","68059","0","0","0","114690","Complete public discovery union: 8,949 distinct watch routes from 8,913 /filter records plus 36 sitemap-only routes across 293 child maps; current snapshot denominator, not a private database claim","2026-09-11T06:43:07.646Z"
"1293","2","8949","8949","134825","134825","183769","68182","68182","0","0","0","114665","Complete public discovery union: 8,949 distinct watch routes from 8,913 /filter records plus 36 sitemap-only routes across 293 child maps; current snapshot denominator, not a private database claim","2026-09-11T06:43:37.718Z"
"1294","2","8949","8949","134825","134825","183769","68323","68323","0","0","0","114640","Complete public discovery union: 8,949 distinct watch routes from 8,913 /filter records plus 36 sitemap-only routes across 293 child maps; current snapshot denominator, not a private database claim","2026-09-11T06:44:07.239Z"
"1295","2","8949","8949","134825","134825","183769","68466","68466","0","0","0","114615","Complete public discovery union: 8,949 distinct watch routes from 8,913 /filter records plus 36 sitemap-only routes across 293 child maps; current snapshot denominator, not a private database claim","2026-09-11T06:44:37.517Z"
"1296","2","8949","8949","134825","134825","183769","68538","68538","0","0","0","114590","Complete public discovery union: 8,949 distinct watch routes from 8,913 /filter records plus 36 sitemap-only routes across 293 child maps; current snapshot denominator, not a private database claim","2026-09-11T06:45:07.629Z"
"1297","2","8949","8949","134825","134825","183769","68663","68663","0","0","0","114565","Complete public discovery union: 8,949 distinct watch routes from 8,913 /filter records plus 36 sitemap-only routes across 293 child maps; current snapshot denominator, not a private database claim","2026-09-11T06:45:37.699Z"
"1298","2","8949","8949","134825","134825","183769","68788","68788","0","0","0","114540","Complete public discovery union: 8,949 distinct watch routes from 8,913 /filter records plus 36 sitemap-only routes across 293 child maps; current snapshot denominator, not a private database claim","2026-09-11T06:46:07.815Z"
"1299","2","8949","8949","134825","134825","183769","68913","68913","0","0","0","114515","Complete public discovery union: 8,949 distinct watch routes from 8,913 /filter records plus 36 sitemap-only routes across 293 child maps; current snapshot denominator, not a private database claim","2026-09-11T06:46:37.917Z"
"1300","2","8949","8949","134825","134825","183769","69038","69038","0","0","0","114490","Complete public discovery union: 8,949 distinct watch routes from 8,913 /filter records plus 36 sitemap-only routes across 293 child maps; current snapshot denominator, not a private database claim","2026-09-11T06:47:08.025Z"
"1301","2","8949","8949","134825","134825","183769","69163","69163","0","0","0","114465","Complete public discovery union: 8,949 distinct watch routes from 8,913 /filter records plus 36 sitemap-only routes across 293 child maps; current snapshot denominator, not a private database claim","2026-09-11T06:47:38.100Z"
"1302","2","8949","8949","134825","134825","183769","69288","69288","0","0","0","114440","Complete public discovery union: 8,949 distinct watch routes from 8,913 /filter records plus 36 sitemap-only routes across 293 child maps; current snapshot denominator, not a private database claim","2026-09-11T06:48:08.246Z"
"1303","2","8949","8949","134825","134825","183769","69417","69417","0","0","0","114415","Complete public discovery union: 8,949 distinct watch routes from 8,913 /filter records plus 36 sitemap-only routes across 293 child maps; current snapshot denominator, not a private database claim","2026-09-11T06:48:38.355Z"
"1304","2","8949","8949","134825","134825","183769","69542","69542","0","0","0","114390","Complete public discovery union: 8,949 distinct watch routes from 8,913 /filter records plus 36 sitemap-only routes across 293 child maps; current snapshot denominator, not a private database claim","2026-09-11T06:49:08.450Z"
"1305","2","8949","8949","134825","134825","183769","69623","69623","0","0","0","114365","Complete public discovery union: 8,949 distinct watch routes from 8,913 /filter records plus 36 sitemap-only routes across 293 child maps; current snapshot denominator, not a private database claim","2026-09-11T06:49:38.554Z"
"1306","2","8949","8949","134825","134825","183769","69701","69701","0","0","0","114340","Complete public discovery union: 8,949 distinct watch routes from 8,913 /filter records plus 36 sitemap-only routes across 293 child maps; current snapshot denominator, not a private database claim","2026-09-11T06:50:08.667Z"
"1307","2","8949","8949","134825","134825","183769","69776","69776","0","0","0","114315","Complete public discovery union: 8,949 distinct watch routes from 8,913 /filter records plus 36 sitemap-only routes across 293 child maps; current snapshot denominator, not a private database claim","2026-09-11T06:50:38.768Z"
"1308","2","8949","8949","134825","134825","183769","69867","69867","0","0","0","114290","Complete public discovery union: 8,949 distinct watch routes from 8,913 /filter records plus 36 sitemap-only routes across 293 child maps; current snapshot denominator, not a private database claim","2026-09-11T06:51:09.138Z"
"1309","2","8949","8949","134825","134825","183769","70013","70013","0","0","0","114265","Complete public discovery union: 8,949 distinct watch routes from 8,913 /filter records plus 36 sitemap-only routes across 293 child maps; current snapshot denominator, not a private database claim","2026-09-11T06:51:39.012Z"
"1310","2","8949","8949","134825","134825","183769","70107","70107","0","0","0","114240","Complete public discovery union: 8,949 distinct watch routes from 8,913 /filter records plus 36 sitemap-only routes across 293 child maps; current snapshot denominator, not a private database claim","2026-09-11T06:52:09.131Z"
"1311","2","8949","8949","134825","134825","183769","70235","70235","0","0","0","114215","Complete public discovery union: 8,949 distinct watch routes from 8,913 /filter records plus 36 sitemap-only routes across 293 child maps; current snapshot denominator, not a private database claim","2026-09-11T06:52:39.217Z"
"1312","2","8949","8949","134825","134825","183769","70310","70310","0","0","0","114190","Complete public discovery union: 8,949 distinct watch routes from 8,913 /filter records plus 36 sitemap-only routes across 293 child maps; current snapshot denominator, not a private database claim","2026-09-11T06:53:09.885Z"
"1313","2","8949","8949","134825","134825","183769","70385","70385","0","0","0","114165","Complete public discovery union: 8,949 distinct watch routes from 8,913 /filter records plus 36 sitemap-only routes across 293 child maps; current snapshot denominator, not a private database claim","2026-09-11T06:53:39.945Z"
"1314","2","8949","8949","134825","134825","183769","70508","70508","0","0","0","114140","Complete public discovery union: 8,949 distinct watch routes from 8,913 /filter records plus 36 sitemap-only routes across 293 child maps; current snapshot denominator, not a private database claim","2026-09-11T06:54:09.581Z"
"1315","2","8949","8949","134825","134825","183769","70656","70656","0","0","0","114115","Complete public discovery union: 8,949 distinct watch routes from 8,913 /filter records plus 36 sitemap-only routes across 293 child maps; current snapshot denominator, not a private database claim","2026-09-11T06:54:39.557Z"
"1316","2","8949","8949","134825","134825","183769","70730","70730","0","0","0","114090","Complete public discovery union: 8,949 distinct watch routes from 8,913 /filter records plus 36 sitemap-only routes across 293 child maps; current snapshot denominator, not a private database claim","2026-09-11T06:55:10.329Z"
"1317","2","8949","8949","134825","134825","183769","70780","70780","0","0","0","114065","Complete public discovery union: 8,949 distinct watch routes from 8,913 /filter records plus 36 sitemap-only routes across 293 child maps; current snapshot denominator, not a private database claim","2026-09-11T06:55:40.946Z"
"1318","2","8949","8949","134825","134825","183769","70830","70830","0","0","0","114040","Complete public discovery union: 8,949 distinct watch routes from 8,913 /filter records plus 36 sitemap-only routes across 293 child maps; current snapshot denominator, not a private database claim","2026-09-11T06:56:11.003Z"
"1319","2","8949","8949","134825","134825","183769","70880","70880","0","0","0","114015","Complete public discovery union: 8,949 distinct watch routes from 8,913 /filter records plus 36 sitemap-only routes across 293 child maps; current snapshot denominator, not a private database claim","2026-09-11T06:56:41.146Z"
"1320","2","8949","8949","134825","134825","183769","70944","70944","0","0","0","113990","Complete public discovery union: 8,949 distinct watch routes from 8,913 /filter records plus 36 sitemap-only routes across 293 child maps; current snapshot denominator, not a private database claim","2026-09-11T06:57:11.270Z"
"1321","2","8949","8949","134825","134825","183769","71019","71019","0","0","0","113965","Complete public discovery union: 8,949 distinct watch routes from 8,913 /filter records plus 36 sitemap-only routes across 293 child maps; current snapshot denominator, not a private database claim","2026-09-11T06:57:41.273Z"
"1322","2","8949","8949","134825","134825","183769","71094","71094","0","0","0","113940","Complete public discovery union: 8,949 distinct watch routes from 8,913 /filter records plus 36 sitemap-only routes across 293 child maps; current snapshot denominator, not a private database claim","2026-09-11T06:58:11.223Z"
"1323","2","8949","8949","134825","134825","183769","71218","71218","0","0","0","113915","Complete public discovery union: 8,949 distinct watch routes from 8,913 /filter records plus 36 sitemap-only routes across 293 child maps; current snapshot denominator, not a private database claim","2026-09-11T06:58:41.282Z"
"1324","2","8949","8949","134825","134825","183769","71295","71295","0","0","0","113890","Complete public discovery union: 8,949 distinct watch routes from 8,913 /filter records plus 36 sitemap-only routes across 293 child maps; current snapshot denominator, not a private database claim","2026-09-11T06:59:11.734Z"
"1325","2","8949","8949","134825","134825","183769","71370","71370","0","0","0","113865","Complete public discovery union: 8,949 distinct watch routes from 8,913 /filter records plus 36 sitemap-only routes across 293 child maps; current snapshot denominator, not a private database claim","2026-09-11T06:59:41.755Z"
"1326","2","8949","8949","134825","134825","183769","71437","71437","0","0","0","113840","Complete public discovery union: 8,949 distinct watch routes from 8,913 /filter records plus 36 sitemap-only routes across 293 child maps; current snapshot denominator, not a private database claim","2026-09-11T07:00:11.582Z"
"1327","2","8949","8949","134825","134825","183769","71490","71490","0","0","0","113815","Complete public discovery union: 8,949 distinct watch routes from 8,913 /filter records plus 36 sitemap-only routes across 293 child maps; current snapshot denominator, not a private database claim","2026-09-11T07:00:42.029Z"
"1328","2","8949","8949","134825","134825","183769","71562","71562","0","0","0","113790","Complete public discovery union: 8,949 distinct watch routes from 8,913 /filter records plus 36 sitemap-only routes across 293 child maps; current snapshot denominator, not a private database claim","2026-09-11T07:01:12.128Z"
"1329","2","8949","8949","134825","134825","183769","71612","71612","0","0","0","113765","Complete public discovery union: 8,949 distinct watch routes from 8,913 /filter records plus 36 sitemap-only routes across 293 child maps; current snapshot denominator, not a private database claim","2026-09-11T07:01:42.446Z"
"1330","2","8949","8949","134825","134825","183769","71662","71662","0","0","0","113740","Complete public discovery union: 8,949 distinct watch routes from 8,913 /filter records plus 36 sitemap-only routes across 293 child maps; current snapshot denominator, not a private database claim","2026-09-11T07:02:12.532Z"
"1331","2","8949","8949","134825","134825","183769","71712","71712","0","0","0","113715","Complete public discovery union: 8,949 distinct watch routes from 8,913 /filter records plus 36 sitemap-only routes across 293 child maps; current snapshot denominator, not a private database claim","2026-09-11T07:02:42.558Z"
"1332","2","8949","8949","134825","134825","183769","71762","71762","0","0","0","113690","Complete public discovery union: 8,949 distinct watch routes from 8,913 /filter records plus 36 sitemap-only routes across 293 child maps; current snapshot denominator, not a private database claim","2026-09-11T07:03:12.563Z"
"1333","2","8949","8949","134825","134825","183769","71812","71812","0","0","0","113665","Complete public discovery union: 8,949 distinct watch routes from 8,913 /filter records plus 36 sitemap-only routes across 293 child maps; current snapshot denominator, not a private database claim","2026-09-11T07:03:42.741Z"
"1334","2","8949","8949","134825","134825","183769","71863","71863","0","0","0","113640","Complete public discovery union: 8,949 distinct watch routes from 8,913 /filter records plus 36 sitemap-only routes across 293 child maps; current snapshot denominator, not a private database claim","2026-09-11T07:04:12.767Z"
"1335","2","8949","8949","134825","134825","183769","71938","71938","0","0","0","113615","Complete public discovery union: 8,949 distinct watch routes from 8,913 /filter records plus 36 sitemap-only routes across 293 child maps; current snapshot denominator, not a private database claim","2026-09-11T07:04:42.950Z"
"1336","2","8949","8949","134825","134825","183769","72003","72003","0","0","0","113590","Complete public discovery union: 8,949 distinct watch routes from 8,913 /filter records plus 36 sitemap-only routes across 293 child maps; current snapshot denominator, not a private database claim","2026-09-11T07:05:13.033Z"
"1337","2","8949","8949","134825","134825","183769","72078","72078","0","0","0","113565","Complete public discovery union: 8,949 distinct watch routes from 8,913 /filter records plus 36 sitemap-only routes across 293 child maps; current snapshot denominator, not a private database claim","2026-09-11T07:05:43.278Z"
"1338","2","8949","8949","134825","134825","183769","72153","72153","0","0","0","113540","Complete public discovery union: 8,949 distinct watch routes from 8,913 /filter records plus 36 sitemap-only routes across 293 child maps; current snapshot denominator, not a private database claim","2026-09-11T07:06:13.295Z"
"1339","2","8949","8949","134825","134825","183769","72228","72228","0","0","0","113515","Complete public discovery union: 8,949 distinct watch routes from 8,913 /filter records plus 36 sitemap-only routes across 293 child maps; current snapshot denominator, not a private database claim","2026-09-11T07:06:43.385Z"
"1340","2","8949","8949","134825","134825","183769","72321","72321","0","0","0","113490","Complete public discovery union: 8,949 distinct watch routes from 8,913 /filter records plus 36 sitemap-only routes across 293 child maps; current snapshot denominator, not a private database claim","2026-09-11T07:07:12.979Z"
"1341","2","8949","8949","134825","134825","183769","72471","72471","0","0","0","113465","Complete public discovery union: 8,949 distinct watch routes from 8,913 /filter records plus 36 sitemap-only routes across 293 child maps; current snapshot denominator, not a private database claim","2026-09-11T07:07:43.228Z"
"1342","2","8949","8949","134825","134825","183769","72621","72621","0","0","0","113440","Complete public discovery union: 8,949 distinct watch routes from 8,913 /filter records plus 36 sitemap-only routes across 293 child maps; current snapshot denominator, not a private database claim","2026-09-11T07:08:13.203Z"
"1343","2","8949","8949","134825","134825","183769","72771","72771","0","0","0","113415","Complete public discovery union: 8,949 distinct watch routes from 8,913 /filter records plus 36 sitemap-only routes across 293 child maps; current snapshot denominator, not a private database claim","2026-09-11T07:08:43.459Z"
"1344","2","8949","8949","134825","134825","183769","72921","72921","0","0","0","113390","Complete public discovery union: 8,949 distinct watch routes from 8,913 /filter records plus 36 sitemap-only routes across 293 child maps; current snapshot denominator, not a private database claim","2026-09-11T07:09:13.566Z"
"1345","2","8949","8949","134825","134825","183769","73070","73070","0","0","0","113365","Complete public discovery union: 8,949 distinct watch routes from 8,913 /filter records plus 36 sitemap-only routes across 293 child maps; current snapshot denominator, not a private database claim","2026-09-11T07:09:43.673Z"
"1346","2","8949","8949","134825","134825","183769","73220","73220","0","0","0","113340","Complete public discovery union: 8,949 distinct watch routes from 8,913 /filter records plus 36 sitemap-only routes across 293 child maps; current snapshot denominator, not a private database claim","2026-09-11T07:10:13.743Z"
"1347","2","8949","8949","134825","134825","183769","73338","73338","0","0","0","113315","Complete public discovery union: 8,949 distinct watch routes from 8,913 /filter records plus 36 sitemap-only routes across 293 child maps; current snapshot denominator, not a private database claim","2026-09-11T07:10:43.884Z"
"1348","2","8949","8949","134825","134825","183769","73408","73408","0","0","0","113290","Complete public discovery union: 8,949 distinct watch routes from 8,913 /filter records plus 36 sitemap-only routes across 293 child maps; current snapshot denominator, not a private database claim","2026-09-11T07:11:13.860Z"
"1349","2","8949","8949","134825","134825","183769","73476","73476","0","0","0","113265","Complete public discovery union: 8,949 distinct watch routes from 8,913 /filter records plus 36 sitemap-only routes across 293 child maps; current snapshot denominator, not a private database claim","2026-09-11T07:11:44.105Z"
"1350","2","8949","8949","134825","134825","183769","73539","73539","0","0","0","113240","Complete public discovery union: 8,949 distinct watch routes from 8,913 /filter records plus 36 sitemap-only routes across 293 child maps; current snapshot denominator, not a private database claim","2026-09-11T07:12:14.545Z"
"1351","2","8949","8949","134825","134825","183769","73611","73611","0","0","0","113215","Complete public discovery union: 8,949 distinct watch routes from 8,913 /filter records plus 36 sitemap-only routes across 293 child maps; current snapshot denominator, not a private database claim","2026-09-11T07:12:44.737Z"
"1352","2","8949","8949","134825","134825","183769","73683","73683","0","0","0","113190","Complete public discovery union: 8,949 distinct watch routes from 8,913 /filter records plus 36 sitemap-only routes across 293 child maps; current snapshot denominator, not a private database claim","2026-09-11T07:13:14.871Z"
"1353","2","8949","8949","134825","134825","183769","73747","73747","0","0","0","113165","Complete public discovery union: 8,949 distinct watch routes from 8,913 /filter records plus 36 sitemap-only routes across 293 child maps; current snapshot denominator, not a private database claim","2026-09-11T07:13:44.959Z"
"1354","2","8949","8949","134825","134825","183769","73797","73797","0","0","0","113140","Complete public discovery union: 8,949 distinct watch routes from 8,913 /filter records plus 36 sitemap-only routes across 293 child maps; current snapshot denominator, not a private database claim","2026-09-11T07:14:14.672Z"
"1355","2","8949","8949","134825","134825","183769","73849","73849","0","0","0","113115","Complete public discovery union: 8,949 distinct watch routes from 8,913 /filter records plus 36 sitemap-only routes across 293 child maps; current snapshot denominator, not a private database claim","2026-09-11T07:14:44.753Z"
"1356","2","8949","8949","134825","134825","183769","73913","73913","0","0","0","113090","Complete public discovery union: 8,949 distinct watch routes from 8,913 /filter records plus 36 sitemap-only routes across 293 child maps; current snapshot denominator, not a private database claim","2026-09-11T07:15:14.876Z"
"1357","2","8949","8949","134825","134825","183769","73982","73982","0","0","0","113065","Complete public discovery union: 8,949 distinct watch routes from 8,913 /filter records plus 36 sitemap-only routes across 293 child maps; current snapshot denominator, not a private database claim","2026-09-11T07:15:45.277Z"
"1358","2","8949","8949","134825","134825","183769","74057","74057","0","0","0","113040","Complete public discovery union: 8,949 distinct watch routes from 8,913 /filter records plus 36 sitemap-only routes across 293 child maps; current snapshot denominator, not a private database claim","2026-09-11T07:16:15.102Z"
"1359","2","8949","8949","134825","134825","183769","74121","74121","0","0","0","113015","Complete public discovery union: 8,949 distinct watch routes from 8,913 /filter records plus 36 sitemap-only routes across 293 child maps; current snapshot denominator, not a private database claim","2026-09-11T07:16:45.168Z"
"1360","2","8949","8949","134825","134825","183769","74196","74196","0","0","0","112990","Complete public discovery union: 8,949 distinct watch routes from 8,913 /filter records plus 36 sitemap-only routes across 293 child maps; current snapshot denominator, not a private database claim","2026-09-11T07:17:15.705Z"
"1361","2","8949","8949","134825","134825","183769","74271","74271","0","0","0","112965","Complete public discovery union: 8,949 distinct watch routes from 8,913 /filter records plus 36 sitemap-only routes across 293 child maps; current snapshot denominator, not a private database claim","2026-09-11T07:17:45.876Z"
"1362","2","8949","8949","134825","134825","183769","74346","74346","0","0","0","112940","Complete public discovery union: 8,949 distinct watch routes from 8,913 /filter records plus 36 sitemap-only routes across 293 child maps; current snapshot denominator, not a private database claim","2026-09-11T07:18:15.973Z"
"1363","2","8949","8949","134825","134825","183769","74421","74421","0","0","0","112915","Complete public discovery union: 8,949 distinct watch routes from 8,913 /filter records plus 36 sitemap-only routes across 293 child maps; current snapshot denominator, not a private database claim","2026-09-11T07:18:45.666Z"
"1364","2","8949","8949","134825","134825","183769","74496","74496","0","0","0","112890","Complete public discovery union: 8,949 distinct watch routes from 8,913 /filter records plus 36 sitemap-only routes across 293 child maps; current snapshot denominator, not a private database claim","2026-09-11T07:19:15.947Z"
"1365","2","8949","8949","134825","134825","183769","74571","74571","0","0","0","112865","Complete public discovery union: 8,949 distinct watch routes from 8,913 /filter records plus 36 sitemap-only routes across 293 child maps; current snapshot denominator, not a private database claim","2026-09-11T07:19:46.409Z"
"1366","2","8949","8949","134825","134825","183769","74646","74646","0","0","0","112840","Complete public discovery union: 8,949 distinct watch routes from 8,913 /filter records plus 36 sitemap-only routes across 293 child maps; current snapshot denominator, not a private database claim","2026-09-11T07:20:15.922Z"
"1367","2","8949","8949","134825","134825","183769","74721","74721","0","0","0","112815","Complete public discovery union: 8,949 distinct watch routes from 8,913 /filter records plus 36 sitemap-only routes across 293 child maps; current snapshot denominator, not a private database claim","2026-09-11T07:20:46.047Z"
"1368","2","8949","8949","134825","134825","183769","74796","74796","0","0","0","112790","Complete public discovery union: 8,949 distinct watch routes from 8,913 /filter records plus 36 sitemap-only routes across 293 child maps; current snapshot denominator, not a private database claim","2026-09-11T07:21:16.543Z"
"1369","2","8949","8949","134825","134825","183769","74871","74871","0","0","0","112765","Complete public discovery union: 8,949 distinct watch routes from 8,913 /filter records plus 36 sitemap-only routes across 293 child maps; current snapshot denominator, not a private database claim","2026-09-11T07:21:46.546Z"
"1370","2","8949","8949","134825","134825","183769","74946","74946","0","0","0","112740","Complete public discovery union: 8,949 distinct watch routes from 8,913 /filter records plus 36 sitemap-only routes across 293 child maps; current snapshot denominator, not a private database claim","2026-09-11T07:22:16.353Z"
"1371","2","8949","8949","134825","134825","183769","75021","75021","0","0","0","112715","Complete public discovery union: 8,949 distinct watch routes from 8,913 /filter records plus 36 sitemap-only routes across 293 child maps; current snapshot denominator, not a private database claim","2026-09-11T07:22:46.435Z"
"1372","2","8949","8949","134825","134825","183769","75096","75096","0","0","0","112690","Complete public discovery union: 8,949 distinct watch routes from 8,913 /filter records plus 36 sitemap-only routes across 293 child maps; current snapshot denominator, not a private database claim","2026-09-11T07:23:16.832Z"
"1373","2","8949","8949","134825","134825","183769","75171","75171","0","0","0","112665","Complete public discovery union: 8,949 distinct watch routes from 8,913 /filter records plus 36 sitemap-only routes across 293 child maps; current snapshot denominator, not a private database claim","2026-09-11T07:23:47.214Z"
"1374","2","8949","8949","134825","134825","183769","75246","75246","0","0","0","112640","Complete public discovery union: 8,949 distinct watch routes from 8,913 /filter records plus 36 sitemap-only routes across 293 child maps; current snapshot denominator, not a private database claim","2026-09-11T07:24:16.763Z"
"1375","2","8949","8949","134825","134825","183769","75321","75321","0","0","0","112615","Complete public discovery union: 8,949 distinct watch routes from 8,913 /filter records plus 36 sitemap-only routes across 293 child maps; current snapshot denominator, not a private database claim","2026-09-11T07:24:46.897Z"
"1376","2","8949","8949","134825","134825","183769","75396","75396","0","0","0","112590","Complete public discovery union: 8,949 distinct watch routes from 8,913 /filter records plus 36 sitemap-only routes across 293 child maps; current snapshot denominator, not a private database claim","2026-09-11T07:25:17.322Z"
"1377","2","8949","8949","134825","134825","183769","75471","75471","0","0","0","112565","Complete public discovery union: 8,949 distinct watch routes from 8,913 /filter records plus 36 sitemap-only routes across 293 child maps; current snapshot denominator, not a private database claim","2026-09-11T07:25:47.383Z"
"1378","2","8949","8949","134825","134825","183769","75546","75546","0","0","0","112540","Complete public discovery union: 8,949 distinct watch routes from 8,913 /filter records plus 36 sitemap-only routes across 293 child maps; current snapshot denominator, not a private database claim","2026-09-11T07:26:17.238Z"
"1379","2","8949","8949","134825","134825","183769","75621","75621","0","0","0","112515","Complete public discovery union: 8,949 distinct watch routes from 8,913 /filter records plus 36 sitemap-only routes across 293 child maps; current snapshot denominator, not a private database claim","2026-09-11T07:26:47.584Z"
"1380","2","8949","8949","134825","134825","183769","75696","75696","0","0","0","112490","Complete public discovery union: 8,949 distinct watch routes from 8,913 /filter records plus 36 sitemap-only routes across 293 child maps; current snapshot denominator, not a private database claim","2026-09-11T07:27:17.645Z"
"1381","2","8949","8949","134825","134825","183769","75771","75771","0","0","0","112465","Complete public discovery union: 8,949 distinct watch routes from 8,913 /filter records plus 36 sitemap-only routes across 293 child maps; current snapshot denominator, not a private database claim","2026-09-11T07:27:47.829Z"
"1382","2","8949","8949","134825","134825","183769","75846","75846","0","0","0","112440","Complete public discovery union: 8,949 distinct watch routes from 8,913 /filter records plus 36 sitemap-only routes across 293 child maps; current snapshot denominator, not a private database claim","2026-09-11T07:28:17.602Z"
"1383","2","8949","8949","134825","134825","183769","75921","75921","0","0","0","112415","Complete public discovery union: 8,949 distinct watch routes from 8,913 /filter records plus 36 sitemap-only routes across 293 child maps; current snapshot denominator, not a private database claim","2026-09-11T07:28:47.742Z"
"1384","2","8949","8949","134825","134825","183769","75996","75996","0","0","0","112390","Complete public discovery union: 8,949 distinct watch routes from 8,913 /filter records plus 36 sitemap-only routes across 293 child maps; current snapshot denominator, not a private database claim","2026-09-11T07:29:17.814Z"
"1385","2","8949","8949","134825","134825","183769","76071","76071","0","0","0","112365","Complete public discovery union: 8,949 distinct watch routes from 8,913 /filter records plus 36 sitemap-only routes across 293 child maps; current snapshot denominator, not a private database claim","2026-09-11T07:29:48.333Z"
"1386","2","8949","8949","134825","134825","183769","76146","76146","0","0","0","112340","Complete public discovery union: 8,949 distinct watch routes from 8,913 /filter records plus 36 sitemap-only routes across 293 child maps; current snapshot denominator, not a private database claim","2026-09-11T07:30:18.272Z"
"1387","2","8949","8949","134825","134825","183769","76223","76223","0","0","0","112315","Complete public discovery union: 8,949 distinct watch routes from 8,913 /filter records plus 36 sitemap-only routes across 293 child maps; current snapshot denominator, not a private database claim","2026-09-11T07:30:48.143Z"
"1388","2","8949","8949","134825","134825","183769","76344","76344","0","0","0","112290","Complete public discovery union: 8,949 distinct watch routes from 8,913 /filter records plus 36 sitemap-only routes across 293 child maps; current snapshot denominator, not a private database claim","2026-09-11T07:31:19.175Z"
"1389","2","8949","8949","134825","134825","183769","76422","76422","0","0","0","112265","Complete public discovery union: 8,949 distinct watch routes from 8,913 /filter records plus 36 sitemap-only routes across 293 child maps; current snapshot denominator, not a private database claim","2026-09-11T07:31:48.877Z"
"1390","2","8949","8949","134825","134825","183769","76497","76497","0","0","0","112240","Complete public discovery union: 8,949 distinct watch routes from 8,913 /filter records plus 36 sitemap-only routes across 293 child maps; current snapshot denominator, not a private database claim","2026-09-11T07:32:19.057Z"
"1391","2","8949","8949","134825","134825","183769","76572","76572","0","0","0","112215","Complete public discovery union: 8,949 distinct watch routes from 8,913 /filter records plus 36 sitemap-only routes across 293 child maps; current snapshot denominator, not a private database claim","2026-09-11T07:32:49.119Z"
"1392","2","8949","8949","134825","134825","183769","76647","76647","0","0","0","112190","Complete public discovery union: 8,949 distinct watch routes from 8,913 /filter records plus 36 sitemap-only routes across 293 child maps; current snapshot denominator, not a private database claim","2026-09-11T07:33:19.155Z"
"1393","2","8949","8949","134825","134825","183769","76722","76722","0","0","0","112165","Complete public discovery union: 8,949 distinct watch routes from 8,913 /filter records plus 36 sitemap-only routes across 293 child maps; current snapshot denominator, not a private database claim","2026-09-11T07:33:49.669Z"
"1394","2","8949","8949","134825","134825","183769","76797","76797","0","0","0","112140","Complete public discovery union: 8,949 distinct watch routes from 8,913 /filter records plus 36 sitemap-only routes across 293 child maps; current snapshot denominator, not a private database claim","2026-09-11T07:34:19.119Z"
"1395","2","8949","8949","134825","134825","183769","76878","76878","0","0","0","112115","Complete public discovery union: 8,949 distinct watch routes from 8,913 /filter records plus 36 sitemap-only routes across 293 child maps; current snapshot denominator, not a private database claim","2026-09-11T07:34:49.212Z"
"1396","2","8949","8949","134825","134825","183769","77028","77028","0","0","0","112090","Complete public discovery union: 8,949 distinct watch routes from 8,913 /filter records plus 36 sitemap-only routes across 293 child maps; current snapshot denominator, not a private database claim","2026-09-11T07:35:19.340Z"
"1397","2","8949","8949","134825","134825","183769","77178","77178","0","0","0","112065","Complete public discovery union: 8,949 distinct watch routes from 8,913 /filter records plus 36 sitemap-only routes across 293 child maps; current snapshot denominator, not a private database claim","2026-09-11T07:35:49.409Z"
"1398","2","8949","8949","134825","134825","183769","77328","77328","0","0","0","112040","Complete public discovery union: 8,949 distinct watch routes from 8,913 /filter records plus 36 sitemap-only routes across 293 child maps; current snapshot denominator, not a private database claim","2026-09-11T07:36:19.545Z"
"1399","2","8949","8949","134825","134825","183769","77458","77458","0","0","0","112015","Complete public discovery union: 8,949 distinct watch routes from 8,913 /filter records plus 36 sitemap-only routes across 293 child maps; current snapshot denominator, not a private database claim","2026-09-11T07:36:49.638Z"
"1400","2","8949","8949","134825","134825","183769","77584","77584","0","0","0","111990","Complete public discovery union: 8,949 distinct watch routes from 8,913 /filter records plus 36 sitemap-only routes across 293 child maps; current snapshot denominator, not a private database claim","2026-09-11T07:37:19.737Z"
"1401","2","8949","8949","134825","134825","183769","77733","77733","0","0","0","111965","Complete public discovery union: 8,949 distinct watch routes from 8,913 /filter records plus 36 sitemap-only routes across 293 child maps; current snapshot denominator, not a private database claim","2026-09-11T07:37:49.835Z"
"1402","2","8949","8949","134825","134825","183769","77883","77883","0","0","0","111940","Complete public discovery union: 8,949 distinct watch routes from 8,913 /filter records plus 36 sitemap-only routes across 293 child maps; current snapshot denominator, not a private database claim","2026-09-11T07:38:19.940Z"
"1403","2","8949","8949","134825","134825","183769","77973","77973","0","0","0","111915","Complete public discovery union: 8,949 distinct watch routes from 8,913 /filter records plus 36 sitemap-only routes across 293 child maps; current snapshot denominator, not a private database claim","2026-09-11T07:38:50.057Z"
"1404","2","8949","8949","134825","134825","183769","78073","78073","0","0","0","111890","Complete public discovery union: 8,949 distinct watch routes from 8,913 /filter records plus 36 sitemap-only routes across 293 child maps; current snapshot denominator, not a private database claim","2026-09-11T07:39:20.161Z"
"1405","2","8949","8949","134825","134825","183769","78174","78174","0","0","0","111865","Complete public discovery union: 8,949 distinct watch routes from 8,913 /filter records plus 36 sitemap-only routes across 293 child maps; current snapshot denominator, not a private database claim","2026-09-11T07:39:50.280Z"
"1406","2","8949","8949","134825","134825","183769","78275","78275","0","0","0","111840","Complete public discovery union: 8,949 distinct watch routes from 8,913 /filter records plus 36 sitemap-only routes across 293 child maps; current snapshot denominator, not a private database claim","2026-09-11T07:40:20.394Z"
"1407","2","8949","8949","134825","134825","183769","78389","78389","0","0","0","111815","Complete public discovery union: 8,949 distinct watch routes from 8,913 /filter records plus 36 sitemap-only routes across 293 child maps; current snapshot denominator, not a private database claim","2026-09-11T07:40:50.505Z"
"1408","2","8949","8949","134825","134825","183769","78514","78514","0","0","0","111790","Complete public discovery union: 8,949 distinct watch routes from 8,913 /filter records plus 36 sitemap-only routes across 293 child maps; current snapshot denominator, not a private database claim","2026-09-11T07:41:20.622Z"
"1409","2","8949","8949","134825","134825","183769","78606","78606","0","0","0","111765","Complete public discovery union: 8,949 distinct watch routes from 8,913 /filter records plus 36 sitemap-only routes across 293 child maps; current snapshot denominator, not a private database claim","2026-09-11T07:41:51.220Z"
"1410","2","8949","8949","134825","134825","183769","78702","78702","0","0","0","111740","Complete public discovery union: 8,949 distinct watch routes from 8,913 /filter records plus 36 sitemap-only routes across 293 child maps; current snapshot denominator, not a private database claim","2026-09-11T07:42:20.857Z"
"1411","2","8949","8949","134825","134825","183769","78800","78800","0","0","0","111715","Complete public discovery union: 8,949 distinct watch routes from 8,913 /filter records plus 36 sitemap-only routes across 293 child maps; current snapshot denominator, not a private database claim","2026-09-11T07:42:50.967Z"
"1412","2","8949","8949","134825","134825","183769","78893","78893","0","0","0","111690","Complete public discovery union: 8,949 distinct watch routes from 8,913 /filter records plus 36 sitemap-only routes across 293 child maps; current snapshot denominator, not a private database claim","2026-09-11T07:43:21.078Z"
"1413","2","8949","8949","134825","134825","183769","78943","78943","0","0","0","111665","Complete public discovery union: 8,949 distinct watch routes from 8,913 /filter records plus 36 sitemap-only routes across 293 child maps; current snapshot denominator, not a private database claim","2026-09-11T07:43:51.189Z"
"1414","2","8949","8949","134825","134825","183769","78993","78993","0","0","0","111640","Complete public discovery union: 8,949 distinct watch routes from 8,913 /filter records plus 36 sitemap-only routes across 293 child maps; current snapshot denominator, not a private database claim","2026-09-11T07:44:21.237Z"
"1415","2","8949","8949","134825","134825","183769","79043","79043","0","0","0","111615","Complete public discovery union: 8,949 distinct watch routes from 8,913 /filter records plus 36 sitemap-only routes across 293 child maps; current snapshot denominator, not a private database claim","2026-09-11T07:44:51.365Z"
"1416","2","8949","8949","134825","134825","183769","79093","79093","0","0","0","111590","Complete public discovery union: 8,949 distinct watch routes from 8,913 /filter records plus 36 sitemap-only routes across 293 child maps; current snapshot denominator, not a private database claim","2026-09-11T07:45:21.453Z"
"1417","2","8949","8949","134825","134825","183769","79143","79143","0","0","0","111565","Complete public discovery union: 8,949 distinct watch routes from 8,913 /filter records plus 36 sitemap-only routes across 293 child maps; current snapshot denominator, not a private database claim","2026-09-11T07:45:51.551Z"
"1418","2","8949","8949","134825","134825","183769","79193","79193","0","0","0","111540","Complete public discovery union: 8,949 distinct watch routes from 8,913 /filter records plus 36 sitemap-only routes across 293 child maps; current snapshot denominator, not a private database claim","2026-09-11T07:46:21.682Z"
"1419","2","8949","8949","134825","134825","183769","79243","79243","0","0","0","111515","Complete public discovery union: 8,949 distinct watch routes from 8,913 /filter records plus 36 sitemap-only routes across 293 child maps; current snapshot denominator, not a private database claim","2026-09-11T07:46:51.739Z"
"1420","2","8949","8949","134825","134825","183769","79293","79293","0","0","0","111490","Complete public discovery union: 8,949 distinct watch routes from 8,913 /filter records plus 36 sitemap-only routes across 293 child maps; current snapshot denominator, not a private database claim","2026-09-11T07:47:21.854Z"
"1421","2","8949","8949","134825","134825","183769","79343","79343","0","0","0","111465","Complete public discovery union: 8,949 distinct watch routes from 8,913 /filter records plus 36 sitemap-only routes across 293 child maps; current snapshot denominator, not a private database claim","2026-09-11T07:47:52.066Z"
"1422","2","8949","8949","134825","134825","183769","79387","79387","0","0","0","111440","Complete public discovery union: 8,949 distinct watch routes from 8,913 /filter records plus 36 sitemap-only routes across 293 child maps; current snapshot denominator, not a private database claim","2026-09-11T07:48:22.153Z"
"1423","2","8949","8949","134825","134825","183769","79402","79402","0","0","0","111415","Complete public discovery union: 8,949 distinct watch routes from 8,913 /filter records plus 36 sitemap-only routes across 293 child maps; current snapshot denominator, not a private database claim","2026-09-11T07:48:52.297Z"
"1424","2","8949","8949","134825","134825","183769","79414","79414","0","0","0","111390","Complete public discovery union: 8,949 distinct watch routes from 8,913 /filter records plus 36 sitemap-only routes across 293 child maps; current snapshot denominator, not a private database claim","2026-09-11T07:49:22.797Z"
"1425","2","8949","8949","134825","134825","183769","79420","79420","0","0","0","111365","Complete public discovery union: 8,949 distinct watch routes from 8,913 /filter records plus 36 sitemap-only routes across 293 child maps; current snapshot denominator, not a private database claim","2026-09-11T07:49:52.756Z"
"1426","2","8949","8949","134825","134825","183769","79426","79426","0","0","0","111340","Complete public discovery union: 8,949 distinct watch routes from 8,913 /filter records plus 36 sitemap-only routes across 293 child maps; current snapshot denominator, not a private database claim","2026-09-11T07:50:22.830Z"
"1427","2","8949","8949","134825","134825","183769","79429","79429","0","0","0","111315","Complete public discovery union: 8,949 distinct watch routes from 8,913 /filter records plus 36 sitemap-only routes across 293 child maps; current snapshot denominator, not a private database claim","2026-09-11T07:50:52.746Z"
"1428","2","8949","8949","134825","134825","183769","79534","79534","0","0","0","111290","Complete public discovery union: 8,949 distinct watch routes from 8,913 /filter records plus 36 sitemap-only routes across 293 child maps; current snapshot denominator, not a private database claim","2026-09-11T07:51:22.805Z"
"1429","2","8949","8949","134825","134825","183769","79597","79597","0","0","0","111265","Complete public discovery union: 8,949 distinct watch routes from 8,913 /filter records plus 36 sitemap-only routes across 293 child maps; current snapshot denominator, not a private database claim","2026-09-11T07:51:52.900Z"
"1430","2","8949","8949","134825","134825","183769","79675","79675","0","0","0","111240","Complete public discovery union: 8,949 distinct watch routes from 8,913 /filter records plus 36 sitemap-only routes across 293 child maps; current snapshot denominator, not a private database claim","2026-09-11T07:52:23.011Z"
"1431","2","8949","8949","134825","134825","183769","79822","79822","0","0","0","111215","Complete public discovery union: 8,949 distinct watch routes from 8,913 /filter records plus 36 sitemap-only routes across 293 child maps; current snapshot denominator, not a private database claim","2026-09-11T07:52:53.124Z"
"1432","2","8949","8949","134825","134825","183769","79938","79938","0","0","0","111190","Complete public discovery union: 8,949 distinct watch routes from 8,913 /filter records plus 36 sitemap-only routes across 293 child maps; current snapshot denominator, not a private database claim","2026-09-11T07:53:23.274Z"
"1433","2","8949","8949","134825","134825","183769","80013","80013","0","0","0","111165","Complete public discovery union: 8,949 distinct watch routes from 8,913 /filter records plus 36 sitemap-only routes across 293 child maps; current snapshot denominator, not a private database claim","2026-09-11T07:53:53.314Z"
"1434","2","8949","8949","134825","134825","183769","80088","80088","0","0","0","111140","Complete public discovery union: 8,949 distinct watch routes from 8,913 /filter records plus 36 sitemap-only routes across 293 child maps; current snapshot denominator, not a private database claim","2026-09-11T07:54:23.446Z"
"1435","2","8949","8949","134825","134825","183769","80171","80171","0","0","0","111115","Complete public discovery union: 8,949 distinct watch routes from 8,913 /filter records plus 36 sitemap-only routes across 293 child maps; current snapshot denominator, not a private database claim","2026-09-11T07:54:53.538Z"
"1436","2","8949","8949","134825","134825","183769","80316","80316","0","0","0","111090","Complete public discovery union: 8,949 distinct watch routes from 8,913 /filter records plus 36 sitemap-only routes across 293 child maps; current snapshot denominator, not a private database claim","2026-09-11T07:55:23.652Z"
"1437","2","8949","8949","134825","134825","183769","80437","80437","0","0","0","111065","Complete public discovery union: 8,949 distinct watch routes from 8,913 /filter records plus 36 sitemap-only routes across 293 child maps; current snapshot denominator, not a private database claim","2026-09-11T07:55:53.603Z"
"1438","2","8949","8949","134825","134825","183769","80563","80563","0","0","0","111040","Complete public discovery union: 8,949 distinct watch routes from 8,913 /filter records plus 36 sitemap-only routes across 293 child maps; current snapshot denominator, not a private database claim","2026-09-11T07:56:23.733Z"
"1439","2","8949","8949","134825","134825","183769","80696","80696","0","0","0","111015","Complete public discovery union: 8,949 distinct watch routes from 8,913 /filter records plus 36 sitemap-only routes across 293 child maps; current snapshot denominator, not a private database claim","2026-09-11T07:56:53.956Z"
"1440","2","8949","8949","134825","134825","183769","80845","80845","0","0","0","110990","Complete public discovery union: 8,949 distinct watch routes from 8,913 /filter records plus 36 sitemap-only routes across 293 child maps; current snapshot denominator, not a private database claim","2026-09-11T07:57:24.080Z"
"1441","2","8949","8949","134825","134825","183769","80993","80993","0","0","0","110965","Complete public discovery union: 8,949 distinct watch routes from 8,913 /filter records plus 36 sitemap-only routes across 293 child maps; current snapshot denominator, not a private database claim","2026-09-11T07:57:54.186Z"
"1442","2","8949","8949","134825","134825","183769","81107","81107","0","0","0","110940","Complete public discovery union: 8,949 distinct watch routes from 8,913 /filter records plus 36 sitemap-only routes across 293 child maps; current snapshot denominator, not a private database claim","2026-09-11T07:58:24.318Z"
"1443","2","8949","8949","134825","134825","183769","81257","81257","0","0","0","110915","Complete public discovery union: 8,949 distinct watch routes from 8,913 /filter records plus 36 sitemap-only routes across 293 child maps; current snapshot denominator, not a private database claim","2026-09-11T07:58:54.843Z"
"1444","2","8949","8949","134825","134825","183769","81407","81407","0","0","0","110890","Complete public discovery union: 8,949 distinct watch routes from 8,913 /filter records plus 36 sitemap-only routes across 293 child maps; current snapshot denominator, not a private database claim","2026-09-11T07:59:24.938Z"
"1445","2","8949","8949","134825","134825","183769","81556","81556","0","0","0","110865","Complete public discovery union: 8,949 distinct watch routes from 8,913 /filter records plus 36 sitemap-only routes across 293 child maps; current snapshot denominator, not a private database claim","2026-09-11T07:59:54.638Z"
"1446","2","8949","8949","134825","134825","183769","81680","81680","0","0","0","110840","Complete public discovery union: 8,949 distinct watch routes from 8,913 /filter records plus 36 sitemap-only routes across 293 child maps; current snapshot denominator, not a private database claim","2026-09-11T08:00:24.783Z"
"1447","2","8949","8949","134825","134825","183769","81824","81824","0","0","0","110815","Complete public discovery union: 8,949 distinct watch routes from 8,913 /filter records plus 36 sitemap-only routes across 293 child maps; current snapshot denominator, not a private database claim","2026-09-11T08:00:55.310Z"
"1448","2","8949","8949","134825","134825","183769","81941","81941","0","0","0","110790","Complete public discovery union: 8,949 distinct watch routes from 8,913 /filter records plus 36 sitemap-only routes across 293 child maps; current snapshot denominator, not a private database claim","2026-09-11T08:01:25.031Z"
"1449","2","8949","8949","134825","134825","183769","82076","82076","0","0","0","110765","Complete public discovery union: 8,949 distinct watch routes from 8,913 /filter records plus 36 sitemap-only routes across 293 child maps; current snapshot denominator, not a private database claim","2026-09-11T08:01:55.154Z"
"1450","2","8949","8949","134825","134825","183769","82180","82180","0","0","0","110740","Complete public discovery union: 8,949 distinct watch routes from 8,913 /filter records plus 36 sitemap-only routes across 293 child maps; current snapshot denominator, not a private database claim","2026-09-11T08:02:25.106Z"
"1451","2","8949","8949","134825","134825","183769","82254","82254","0","0","0","110715","Complete public discovery union: 8,949 distinct watch routes from 8,913 /filter records plus 36 sitemap-only routes across 293 child maps; current snapshot denominator, not a private database claim","2026-09-11T08:02:55.701Z"
"1452","2","8949","8949","134825","134825","183769","82335","82335","0","0","0","110690","Complete public discovery union: 8,949 distinct watch routes from 8,913 /filter records plus 36 sitemap-only routes across 293 child maps; current snapshot denominator, not a private database claim","2026-09-11T08:03:25.492Z"
"1453","2","8949","8949","134825","134825","183769","82470","82470","0","0","0","110665","Complete public discovery union: 8,949 distinct watch routes from 8,913 /filter records plus 36 sitemap-only routes across 293 child maps; current snapshot denominator, not a private database claim","2026-09-11T08:03:55.587Z"
"1454","2","8949","8949","134825","134825","183769","82599","82599","0","0","0","110640","Complete public discovery union: 8,949 distinct watch routes from 8,913 /filter records plus 36 sitemap-only routes across 293 child maps; current snapshot denominator, not a private database claim","2026-09-11T08:04:25.677Z"
"1455","2","8949","8949","134825","134825","183769","82740","82740","0","0","0","110615","Complete public discovery union: 8,949 distinct watch routes from 8,913 /filter records plus 36 sitemap-only routes across 293 child maps; current snapshot denominator, not a private database claim","2026-09-11T08:04:55.770Z"
"1456","2","8949","8949","134825","134825","183769","82864","82864","0","0","0","110590","Complete public discovery union: 8,949 distinct watch routes from 8,913 /filter records plus 36 sitemap-only routes across 293 child maps; current snapshot denominator, not a private database claim","2026-09-11T08:05:25.875Z"
"1457","2","8949","8949","134825","134825","183769","82996","82996","0","0","0","110565","Complete public discovery union: 8,949 distinct watch routes from 8,913 /filter records plus 36 sitemap-only routes across 293 child maps; current snapshot denominator, not a private database claim","2026-09-11T08:05:55.997Z"
"1458","2","8949","8949","134825","134825","183769","83146","83146","0","0","0","110540","Complete public discovery union: 8,949 distinct watch routes from 8,913 /filter records plus 36 sitemap-only routes across 293 child maps; current snapshot denominator, not a private database claim","2026-09-11T08:06:26.671Z"
"1459","2","8949","8949","134825","134825","183769","83246","83246","0","0","0","110515","Complete public discovery union: 8,949 distinct watch routes from 8,913 /filter records plus 36 sitemap-only routes across 293 child maps; current snapshot denominator, not a private database claim","2026-09-11T08:06:56.406Z"
"1460","2","8949","8949","134825","134825","183769","83332","83332","0","0","0","110490","Complete public discovery union: 8,949 distinct watch routes from 8,913 /filter records plus 36 sitemap-only routes across 293 child maps; current snapshot denominator, not a private database claim","2026-09-11T08:07:26.266Z"
"1461","2","8949","8949","134825","134825","183769","83480","83480","0","0","0","110465","Complete public discovery union: 8,949 distinct watch routes from 8,913 /filter records plus 36 sitemap-only routes across 293 child maps; current snapshot denominator, not a private database claim","2026-09-11T08:07:56.720Z"
"1462","2","8949","8949","134825","134825","183769","83624","83624","0","0","0","110440","Complete public discovery union: 8,949 distinct watch routes from 8,913 /filter records plus 36 sitemap-only routes across 293 child maps; current snapshot denominator, not a private database claim","2026-09-11T08:08:26.463Z"
"1463","2","8949","8949","134825","134825","183769","83702","83702","0","0","0","110415","Complete public discovery union: 8,949 distinct watch routes from 8,913 /filter records plus 36 sitemap-only routes across 293 child maps; current snapshot denominator, not a private database claim","2026-09-11T08:08:56.799Z"
"1464","2","8949","8949","134825","134825","183769","83796","83796","0","0","0","110390","Complete public discovery union: 8,949 distinct watch routes from 8,913 /filter records plus 36 sitemap-only routes across 293 child maps; current snapshot denominator, not a private database claim","2026-09-11T08:09:26.538Z"
"1465","2","8949","8949","134825","134825","183769","83882","83882","0","0","0","110365","Complete public discovery union: 8,949 distinct watch routes from 8,913 /filter records plus 36 sitemap-only routes across 293 child maps; current snapshot denominator, not a private database claim","2026-09-11T08:09:56.800Z"
"1466","2","8949","8949","134825","134825","183769","83955","83955","0","0","0","110340","Complete public discovery union: 8,949 distinct watch routes from 8,913 /filter records plus 36 sitemap-only routes across 293 child maps; current snapshot denominator, not a private database claim","2026-09-11T08:10:26.759Z"
"1467","2","8949","8949","134825","134825","183769","84067","84067","0","0","0","110315","Complete public discovery union: 8,949 distinct watch routes from 8,913 /filter records plus 36 sitemap-only routes across 293 child maps; current snapshot denominator, not a private database claim","2026-09-11T08:10:57.003Z"
"1468","2","8949","8949","134825","134825","183769","84153","84153","0","0","0","110290","Complete public discovery union: 8,949 distinct watch routes from 8,913 /filter records plus 36 sitemap-only routes across 293 child maps; current snapshot denominator, not a private database claim","2026-09-11T08:11:27.119Z"
"1469","2","8949","8949","134825","134825","183769","84301","84301","0","0","0","110265","Complete public discovery union: 8,949 distinct watch routes from 8,913 /filter records plus 36 sitemap-only routes across 293 child maps; current snapshot denominator, not a private database claim","2026-09-11T08:11:57.190Z"
"1470","2","8949","8949","134825","134825","183769","84438","84438","0","0","0","110240","Complete public discovery union: 8,949 distinct watch routes from 8,913 /filter records plus 36 sitemap-only routes across 293 child maps; current snapshot denominator, not a private database claim","2026-09-11T08:12:27.164Z"
"1471","2","8949","8949","134825","134825","183769","84524","84524","0","0","0","110215","Complete public discovery union: 8,949 distinct watch routes from 8,913 /filter records plus 36 sitemap-only routes across 293 child maps; current snapshot denominator, not a private database claim","2026-09-11T08:12:57.743Z"
"1472","2","8949","8949","134825","134825","183769","84636","84636","0","0","0","110190","Complete public discovery union: 8,949 distinct watch routes from 8,913 /filter records plus 36 sitemap-only routes across 293 child maps; current snapshot denominator, not a private database claim","2026-09-11T08:13:27.870Z"
"1473","2","8949","8949","134825","134825","183769","84784","84784","0","0","0","110165","Complete public discovery union: 8,949 distinct watch routes from 8,913 /filter records plus 36 sitemap-only routes across 293 child maps; current snapshot denominator, not a private database claim","2026-09-11T08:13:57.462Z"
"1474","2","8949","8949","134825","134825","183769","84933","84933","0","0","0","110140","Complete public discovery union: 8,949 distinct watch routes from 8,913 /filter records plus 36 sitemap-only routes across 293 child maps; current snapshot denominator, not a private database claim","2026-09-11T08:14:27.691Z"
"1475","2","8949","8949","134825","134825","183769","85010","85010","0","0","0","110115","Complete public discovery union: 8,949 distinct watch routes from 8,913 /filter records plus 36 sitemap-only routes across 293 child maps; current snapshot denominator, not a private database claim","2026-09-11T08:14:57.813Z"
"1476","2","8949","8949","134825","134825","183769","85047","85047","0","0","0","110090","Complete public discovery union: 8,949 distinct watch routes from 8,913 /filter records plus 36 sitemap-only routes across 293 child maps; current snapshot denominator, not a private database claim","2026-09-11T08:15:27.911Z"
"1477","2","8949","8949","134825","134825","183769","85071","85071","0","0","0","110065","Complete public discovery union: 8,949 distinct watch routes from 8,913 /filter records plus 36 sitemap-only routes across 293 child maps; current snapshot denominator, not a private database claim","2026-09-11T08:15:58.039Z"
"1478","2","8949","8949","134825","134825","183769","85086","85086","0","0","0","110040","Complete public discovery union: 8,949 distinct watch routes from 8,913 /filter records plus 36 sitemap-only routes across 293 child maps; current snapshot denominator, not a private database claim","2026-09-11T08:16:28.442Z"
"1479","2","8949","8949","134825","134825","183769","85218","85218","0","0","0","110015","Complete public discovery union: 8,949 distinct watch routes from 8,913 /filter records plus 36 sitemap-only routes across 293 child maps; current snapshot denominator, not a private database claim","2026-09-11T08:16:58.674Z"
"1480","2","8949","8949","134825","134825","183769","85299","85299","0","0","0","109990","Complete public discovery union: 8,949 distinct watch routes from 8,913 /filter records plus 36 sitemap-only routes across 293 child maps; current snapshot denominator, not a private database claim","2026-09-11T08:17:28.311Z"
"1481","2","8949","8949","134825","134825","183769","85425","85425","0","0","0","109965","Complete public discovery union: 8,949 distinct watch routes from 8,913 /filter records plus 36 sitemap-only routes across 293 child maps; current snapshot denominator, not a private database claim","2026-09-11T08:17:58.697Z"
"1482","2","8949","8949","134825","134825","183769","85563","85563","0","0","0","109940","Complete public discovery union: 8,949 distinct watch routes from 8,913 /filter records plus 36 sitemap-only routes across 293 child maps; current snapshot denominator, not a private database claim","2026-09-11T08:18:28.924Z"
"1483","2","8949","8949","134825","134825","183769","85676","85676","0","0","0","109915","Complete public discovery union: 8,949 distinct watch routes from 8,913 /filter records plus 36 sitemap-only routes across 293 child maps; current snapshot denominator, not a private database claim","2026-09-11T08:18:58.627Z"
"1484","2","8949","8949","134825","134825","183769","85809","85809","0","0","0","109890","Complete public discovery union: 8,949 distinct watch routes from 8,913 /filter records plus 36 sitemap-only routes across 293 child maps; current snapshot denominator, not a private database claim","2026-09-11T08:19:29.072Z"
"1485","2","8949","8949","134825","134825","183769","85937","85937","0","0","0","109865","Complete public discovery union: 8,949 distinct watch routes from 8,913 /filter records plus 36 sitemap-only routes across 293 child maps; current snapshot denominator, not a private database claim","2026-09-11T08:19:58.833Z"
"1486","2","8949","8949","134825","134825","183769","86064","86064","0","0","0","109840","Complete public discovery union: 8,949 distinct watch routes from 8,913 /filter records plus 36 sitemap-only routes across 293 child maps; current snapshot denominator, not a private database claim","2026-09-11T08:20:28.946Z"
"1487","2","8949","8949","134825","134825","183769","86189","86189","0","0","0","109815","Complete public discovery union: 8,949 distinct watch routes from 8,913 /filter records plus 36 sitemap-only routes across 293 child maps; current snapshot denominator, not a private database claim","2026-09-11T08:20:59.426Z"
"1488","2","8949","8949","134825","134825","183769","86272","86272","0","0","0","109790","Complete public discovery union: 8,949 distinct watch routes from 8,913 /filter records plus 36 sitemap-only routes across 293 child maps; current snapshot denominator, not a private database claim","2026-09-11T08:21:29.599Z"
"1489","2","8949","8949","134825","134825","183769","86322","86322","0","0","0","109765","Complete public discovery union: 8,949 distinct watch routes from 8,913 /filter records plus 36 sitemap-only routes across 293 child maps; current snapshot denominator, not a private database claim","2026-09-11T08:21:59.651Z"
"1490","2","8949","8949","134825","134825","183769","86376","86376","0","0","0","109740","Complete public discovery union: 8,949 distinct watch routes from 8,913 /filter records plus 36 sitemap-only routes across 293 child maps; current snapshot denominator, not a private database claim","2026-09-11T08:22:29.840Z"
"1491","2","8949","8949","134825","134825","183769","86452","86452","0","0","0","109715","Complete public discovery union: 8,949 distinct watch routes from 8,913 /filter records plus 36 sitemap-only routes across 293 child maps; current snapshot denominator, not a private database claim","2026-09-11T08:22:59.520Z"
"1492","2","8949","8949","134825","134825","183769","86584","86584","0","0","0","109690","Complete public discovery union: 8,949 distinct watch routes from 8,913 /filter records plus 36 sitemap-only routes across 293 child maps; current snapshot denominator, not a private database claim","2026-09-11T08:23:29.686Z"
"1493","2","8949","8949","134825","134825","183769","86713","86713","0","0","0","109665","Complete public discovery union: 8,949 distinct watch routes from 8,913 /filter records plus 36 sitemap-only routes across 293 child maps; current snapshot denominator, not a private database claim","2026-09-11T08:23:59.750Z"
"1494","2","8949","8949","134825","134825","183769","86814","86814","0","0","0","109640","Complete public discovery union: 8,949 distinct watch routes from 8,913 /filter records plus 36 sitemap-only routes across 293 child maps; current snapshot denominator, not a private database claim","2026-09-11T08:24:29.833Z"
"1495","2","8949","8949","134825","134825","183769","86963","86963","0","0","0","109615","Complete public discovery union: 8,949 distinct watch routes from 8,913 /filter records plus 36 sitemap-only routes across 293 child maps; current snapshot denominator, not a private database claim","2026-09-11T08:24:59.971Z"
"1496","2","8949","8949","134825","134825","183769","87061","87061","0","0","0","109590","Complete public discovery union: 8,949 distinct watch routes from 8,913 /filter records plus 36 sitemap-only routes across 293 child maps; current snapshot denominator, not a private database claim","2026-09-11T08:25:30.075Z"
"1497","2","8949","8949","134825","134825","183769","87163","87163","0","0","0","109565","Complete public discovery union: 8,949 distinct watch routes from 8,913 /filter records plus 36 sitemap-only routes across 293 child maps; current snapshot denominator, not a private database claim","2026-09-11T08:26:00.207Z"
"1498","2","8949","8949","134825","134825","183769","87218","87218","0","0","0","109540","Complete public discovery union: 8,949 distinct watch routes from 8,913 /filter records plus 36 sitemap-only routes across 293 child maps; current snapshot denominator, not a private database claim","2026-09-11T08:26:30.826Z"
"1499","2","8949","8949","134825","134825","183769","87293","87293","0","0","0","109515","Complete public discovery union: 8,949 distinct watch routes from 8,913 /filter records plus 36 sitemap-only routes across 293 child maps; current snapshot denominator, not a private database claim","2026-09-11T08:27:00.401Z"
"1500","2","8949","8949","134825","134825","183769","87368","87368","0","0","0","109490","Complete public discovery union: 8,949 distinct watch routes from 8,913 /filter records plus 36 sitemap-only routes across 293 child maps; current snapshot denominator, not a private database claim","2026-09-11T08:27:30.559Z"
"1501","2","8949","8949","134825","134825","183769","87443","87443","0","0","0","109465","Complete public discovery union: 8,949 distinct watch routes from 8,913 /filter records plus 36 sitemap-only routes across 293 child maps; current snapshot denominator, not a private database claim","2026-09-11T08:28:00.663Z"
"1502","2","8949","8949","134825","134825","183769","87518","87518","0","0","0","109440","Complete public discovery union: 8,949 distinct watch routes from 8,913 /filter records plus 36 sitemap-only routes across 293 child maps; current snapshot denominator, not a private database claim","2026-09-11T08:28:30.783Z"
"1503","2","8949","8949","134825","134825","183769","87593","87593","0","0","0","109415","Complete public discovery union: 8,949 distinct watch routes from 8,913 /filter records plus 36 sitemap-only routes across 293 child maps; current snapshot denominator, not a private database claim","2026-09-11T08:29:01.182Z"
"1504","2","8949","8949","134825","134825","183769","87667","87667","0","0","0","109390","Complete public discovery union: 8,949 distinct watch routes from 8,913 /filter records plus 36 sitemap-only routes across 293 child maps; current snapshot denominator, not a private database claim","2026-09-11T08:29:30.969Z"
"1505","2","8949","8949","134825","134825","183769","87752","87752","0","0","0","109365","Complete public discovery union: 8,949 distinct watch routes from 8,913 /filter records plus 36 sitemap-only routes across 293 child maps; current snapshot denominator, not a private database claim","2026-09-11T08:30:01.106Z"
"1506","2","8949","8949","134825","134825","183769","87874","87874","0","0","0","109340","Complete public discovery union: 8,949 distinct watch routes from 8,913 /filter records plus 36 sitemap-only routes across 293 child maps; current snapshot denominator, not a private database claim","2026-09-11T08:30:31.251Z"
"1507","2","8949","8949","134825","134825","183769","87964","87964","0","0","0","109315","Complete public discovery union: 8,949 distinct watch routes from 8,913 /filter records plus 36 sitemap-only routes across 293 child maps; current snapshot denominator, not a private database claim","2026-09-11T08:31:01.331Z"
"1508","2","8949","8949","134825","134825","183769","88108","88108","0","0","0","109290","Complete public discovery union: 8,949 distinct watch routes from 8,913 /filter records plus 36 sitemap-only routes across 293 child maps; current snapshot denominator, not a private database claim","2026-09-11T08:31:31.891Z"
"1509","2","8949","8949","134825","134825","183769","88249","88249","0","0","0","109265","Complete public discovery union: 8,949 distinct watch routes from 8,913 /filter records plus 36 sitemap-only routes across 293 child maps; current snapshot denominator, not a private database claim","2026-09-11T08:32:01.539Z"
"1510","2","8949","8949","134825","134825","183769","88380","88380","0","0","0","109240","Complete public discovery union: 8,949 distinct watch routes from 8,913 /filter records plus 36 sitemap-only routes across 293 child maps; current snapshot denominator, not a private database claim","2026-09-11T08:32:32.139Z"
"1511","2","8949","8949","134825","134825","183769","88520","88520","0","0","0","109215","Complete public discovery union: 8,949 distinct watch routes from 8,913 /filter records plus 36 sitemap-only routes across 293 child maps; current snapshot denominator, not a private database claim","2026-09-11T08:33:01.739Z"
"1512","2","8949","8949","134825","134825","183769","88649","88649","0","0","0","109190","Complete public discovery union: 8,949 distinct watch routes from 8,913 /filter records plus 36 sitemap-only routes across 293 child maps; current snapshot denominator, not a private database claim","2026-09-11T08:33:31.830Z"
"1513","2","8949","8949","134825","134825","183769","88771","88771","0","0","0","109165","Complete public discovery union: 8,949 distinct watch routes from 8,913 /filter records plus 36 sitemap-only routes across 293 child maps; current snapshot denominator, not a private database claim","2026-09-11T08:34:01.957Z"
"1514","2","8949","8949","134825","134825","183769","88837","88837","0","0","0","109140","Complete public discovery union: 8,949 distinct watch routes from 8,913 /filter records plus 36 sitemap-only routes across 293 child maps; current snapshot denominator, not a private database claim","2026-09-11T08:34:32.084Z"
"1515","2","8949","8949","134825","134825","183769","88921","88921","0","0","0","109115","Complete public discovery union: 8,949 distinct watch routes from 8,913 /filter records plus 36 sitemap-only routes across 293 child maps; current snapshot denominator, not a private database claim","2026-09-11T08:35:02.189Z"
"1516","2","8949","8949","134825","134825","183769","88971","88971","0","0","0","109090","Complete public discovery union: 8,949 distinct watch routes from 8,913 /filter records plus 36 sitemap-only routes across 293 child maps; current snapshot denominator, not a private database claim","2026-09-11T08:35:32.257Z"
"1517","2","8949","8949","134825","134825","183769","89021","89021","0","0","0","109065","Complete public discovery union: 8,949 distinct watch routes from 8,913 /filter records plus 36 sitemap-only routes across 293 child maps; current snapshot denominator, not a private database claim","2026-09-11T08:36:02.706Z"
"1518","2","8949","8949","134825","134825","183769","89071","89071","0","0","0","109040","Complete public discovery union: 8,949 distinct watch routes from 8,913 /filter records plus 36 sitemap-only routes across 293 child maps; current snapshot denominator, not a private database claim","2026-09-11T08:36:32.489Z"
"1519","2","8949","8949","134825","134825","183769","89121","89121","0","0","0","109015","Complete public discovery union: 8,949 distinct watch routes from 8,913 /filter records plus 36 sitemap-only routes across 293 child maps; current snapshot denominator, not a private database claim","2026-09-11T08:37:02.597Z"
"1520","2","8949","8949","134825","134825","183769","89171","89171","0","0","0","108990","Complete public discovery union: 8,949 distinct watch routes from 8,913 /filter records plus 36 sitemap-only routes across 293 child maps; current snapshot denominator, not a private database claim","2026-09-11T08:37:32.717Z"
"1521","2","8949","8949","134825","134825","183769","89221","89221","0","0","0","108965","Complete public discovery union: 8,949 distinct watch routes from 8,913 /filter records plus 36 sitemap-only routes across 293 child maps; current snapshot denominator, not a private database claim","2026-09-11T08:38:02.827Z"
"1522","2","8949","8949","134825","134825","183769","89271","89271","0","0","0","108940","Complete public discovery union: 8,949 distinct watch routes from 8,913 /filter records plus 36 sitemap-only routes across 293 child maps; current snapshot denominator, not a private database claim","2026-09-11T08:38:32.982Z"
"1523","2","8949","8949","134825","134825","183769","89321","89321","0","0","0","108915","Complete public discovery union: 8,949 distinct watch routes from 8,913 /filter records plus 36 sitemap-only routes across 293 child maps; current snapshot denominator, not a private database claim","2026-09-11T08:39:03.052Z"
"1524","2","8949","8949","134825","134825","183769","89369","89369","0","0","0","108890","Complete public discovery union: 8,949 distinct watch routes from 8,913 /filter records plus 36 sitemap-only routes across 293 child maps; current snapshot denominator, not a private database claim","2026-09-11T08:39:33.183Z"
"1525","2","8949","8949","134825","134825","183769","89419","89419","0","0","0","108865","Complete public discovery union: 8,949 distinct watch routes from 8,913 /filter records plus 36 sitemap-only routes across 293 child maps; current snapshot denominator, not a private database claim","2026-09-11T08:40:03.259Z"
"1526","2","8949","8949","134825","134825","183769","89469","89469","0","0","0","108840","Complete public discovery union: 8,949 distinct watch routes from 8,913 /filter records plus 36 sitemap-only routes across 293 child maps; current snapshot denominator, not a private database claim","2026-09-11T08:40:33.952Z"
"1527","2","8949","8949","134825","134825","183769","89519","89519","0","0","0","108815","Complete public discovery union: 8,949 distinct watch routes from 8,913 /filter records plus 36 sitemap-only routes across 293 child maps; current snapshot denominator, not a private database claim","2026-09-11T08:41:03.504Z"
"1528","2","8949","8949","134825","134825","183769","89569","89569","0","0","0","108790","Complete public discovery union: 8,949 distinct watch routes from 8,913 /filter records plus 36 sitemap-only routes across 293 child maps; current snapshot denominator, not a private database claim","2026-09-11T08:41:33.648Z"
"1529","2","8949","8949","134825","134825","183769","89619","89619","0","0","0","108765","Complete public discovery union: 8,949 distinct watch routes from 8,913 /filter records plus 36 sitemap-only routes across 293 child maps; current snapshot denominator, not a private database claim","2026-09-11T08:42:03.727Z"
"1530","2","8949","8949","134825","134825","183769","89669","89669","0","0","0","108740","Complete public discovery union: 8,949 distinct watch routes from 8,913 /filter records plus 36 sitemap-only routes across 293 child maps; current snapshot denominator, not a private database claim","2026-09-11T08:42:34.212Z"
"1531","2","8949","8949","134825","134825","183769","89677","89677","0","0","0","108715","Complete public discovery union: 8,949 distinct watch routes from 8,913 /filter records plus 36 sitemap-only routes across 293 child maps; current snapshot denominator, not a private database claim","2026-09-11T08:43:03.938Z"
"1532","2","8949","8949","134825","134825","183769","89697","89697","0","0","0","108690","Complete public discovery union: 8,949 distinct watch routes from 8,913 /filter records plus 36 sitemap-only routes across 293 child maps; current snapshot denominator, not a private database claim","2026-09-11T08:43:34.038Z"
"1533","2","8949","8949","134825","134825","183769","89747","89747","0","0","0","108665","Complete public discovery union: 8,949 distinct watch routes from 8,913 /filter records plus 36 sitemap-only routes across 293 child maps; current snapshot denominator, not a private database claim","2026-09-11T08:44:04.177Z"
"1534","2","8949","8949","134825","134825","183769","89797","89797","0","0","0","108640","Complete public discovery union: 8,949 distinct watch routes from 8,913 /filter records plus 36 sitemap-only routes across 293 child maps; current snapshot denominator, not a private database claim","2026-09-11T08:44:34.310Z"
"1535","2","8949","8949","134825","134825","183769","89847","89847","0","0","0","108615","Complete public discovery union: 8,949 distinct watch routes from 8,913 /filter records plus 36 sitemap-only routes across 293 child maps; current snapshot denominator, not a private database claim","2026-09-11T08:45:04.364Z"
"1536","2","8949","8949","134825","134825","183769","89897","89897","0","0","0","108590","Complete public discovery union: 8,949 distinct watch routes from 8,913 /filter records plus 36 sitemap-only routes across 293 child maps; current snapshot denominator, not a private database claim","2026-09-11T08:45:34.520Z"
"1537","2","8949","8949","134825","134825","183769","89947","89947","0","0","0","108565","Complete public discovery union: 8,949 distinct watch routes from 8,913 /filter records plus 36 sitemap-only routes across 293 child maps; current snapshot denominator, not a private database claim","2026-09-11T08:46:04.613Z"
"1538","2","8949","8949","134825","134825","183769","89997","89997","0","0","0","108540","Complete public discovery union: 8,949 distinct watch routes from 8,913 /filter records plus 36 sitemap-only routes across 293 child maps; current snapshot denominator, not a private database claim","2026-09-11T08:46:34.772Z"
"1539","2","8949","8949","134825","134825","183769","90047","90047","0","0","0","108515","Complete public discovery union: 8,949 distinct watch routes from 8,913 /filter records plus 36 sitemap-only routes across 293 child maps; current snapshot denominator, not a private database claim","2026-09-11T08:47:04.897Z"
"1540","2","8949","8949","134825","134825","183769","90097","90097","0","0","0","108490","Complete public discovery union: 8,949 distinct watch routes from 8,913 /filter records plus 36 sitemap-only routes across 293 child maps; current snapshot denominator, not a private database claim","2026-09-11T08:47:35.013Z"
"1541","2","8949","8949","134825","134825","183769","90147","90147","0","0","0","108465","Complete public discovery union: 8,949 distinct watch routes from 8,913 /filter records plus 36 sitemap-only routes across 293 child maps; current snapshot denominator, not a private database claim","2026-09-11T08:48:05.092Z"
"1542","2","8949","8949","134825","134825","183769","90197","90197","0","0","0","108440","Complete public discovery union: 8,949 distinct watch routes from 8,913 /filter records plus 36 sitemap-only routes across 293 child maps; current snapshot denominator, not a private database claim","2026-09-11T08:48:35.189Z"
"1543","2","8949","8949","134825","134825","183769","90247","90247","0","0","0","108415","Complete public discovery union: 8,949 distinct watch routes from 8,913 /filter records plus 36 sitemap-only routes across 293 child maps; current snapshot denominator, not a private database claim","2026-09-11T08:49:05.319Z"
"1544","2","8949","8949","134825","134825","183769","90297","90297","0","0","0","108390","Complete public discovery union: 8,949 distinct watch routes from 8,913 /filter records plus 36 sitemap-only routes across 293 child maps; current snapshot denominator, not a private database claim","2026-09-11T08:49:35.971Z"
"1545","2","8949","8949","134825","134825","183769","90347","90347","0","0","0","108365","Complete public discovery union: 8,949 distinct watch routes from 8,913 /filter records plus 36 sitemap-only routes across 293 child maps; current snapshot denominator, not a private database claim","2026-09-11T08:50:05.841Z"
"1546","2","8949","8949","134825","134825","183769","90397","90397","0","0","0","108340","Complete public discovery union: 8,949 distinct watch routes from 8,913 /filter records plus 36 sitemap-only routes across 293 child maps; current snapshot denominator, not a private database claim","2026-09-11T08:50:35.687Z"
"1547","2","8949","8949","134825","134825","183769","90447","90447","0","0","0","108315","Complete public discovery union: 8,949 distinct watch routes from 8,913 /filter records plus 36 sitemap-only routes across 293 child maps; current snapshot denominator, not a private database claim","2026-09-11T08:51:06.087Z"
"1548","2","8949","8949","134825","134825","183769","90497","90497","0","0","0","108290","Complete public discovery union: 8,949 distinct watch routes from 8,913 /filter records plus 36 sitemap-only routes across 293 child maps; current snapshot denominator, not a private database claim","2026-09-11T08:51:36.170Z"
"1549","2","8949","8949","134825","134825","183769","90549","90549","0","0","0","108265","Complete public discovery union: 8,949 distinct watch routes from 8,913 /filter records plus 36 sitemap-only routes across 293 child maps; current snapshot denominator, not a private database claim","2026-09-11T08:52:05.942Z"
"1550","2","8949","8949","134825","134825","183769","90599","90599","0","0","0","108240","Complete public discovery union: 8,949 distinct watch routes from 8,913 /filter records plus 36 sitemap-only routes across 293 child maps; current snapshot denominator, not a private database claim","2026-09-11T08:52:36.059Z"
"1551","2","8949","8949","134825","134825","183769","90649","90649","0","0","0","108215","Complete public discovery union: 8,949 distinct watch routes from 8,913 /filter records plus 36 sitemap-only routes across 293 child maps; current snapshot denominator, not a private database claim","2026-09-11T08:53:06.518Z"
"1552","2","8949","8949","134825","134825","183769","90699","90699","0","0","0","108190","Complete public discovery union: 8,949 distinct watch routes from 8,913 /filter records plus 36 sitemap-only routes across 293 child maps; current snapshot denominator, not a private database claim","2026-09-11T08:53:36.542Z"
"1553","2","8949","8949","134825","134825","183769","90749","90749","0","0","0","108165","Complete public discovery union: 8,949 distinct watch routes from 8,913 /filter records plus 36 sitemap-only routes across 293 child maps; current snapshot denominator, not a private database claim","2026-09-11T08:54:06.658Z"
"1554","2","8949","8949","134825","134825","183769","90799","90799","0","0","0","108140","Complete public discovery union: 8,949 distinct watch routes from 8,913 /filter records plus 36 sitemap-only routes across 293 child maps; current snapshot denominator, not a private database claim","2026-09-11T08:54:36.790Z"
"1555","2","8949","8949","134825","134825","183769","90833","90833","0","0","0","108115","Complete public discovery union: 8,949 distinct watch routes from 8,913 /filter records plus 36 sitemap-only routes across 293 child maps; current snapshot denominator, not a private database claim","2026-09-11T08:55:06.675Z"
"1556","2","8949","8949","134825","134825","183769","90884","90884","0","0","0","108090","Complete public discovery union: 8,949 distinct watch routes from 8,913 /filter records plus 36 sitemap-only routes across 293 child maps; current snapshot denominator, not a private database claim","2026-09-11T08:55:36.785Z"
"1557","2","8949","8949","134825","134825","183769","90952","90952","0","0","0","108065","Complete public discovery union: 8,949 distinct watch routes from 8,913 /filter records plus 36 sitemap-only routes across 293 child maps; current snapshot denominator, not a private database claim","2026-09-11T08:56:06.858Z"
"1558","2","8949","8949","134825","134825","183769","91027","91027","0","0","0","108040","Complete public discovery union: 8,949 distinct watch routes from 8,913 /filter records plus 36 sitemap-only routes across 293 child maps; current snapshot denominator, not a private database claim","2026-09-11T08:56:36.959Z"
"1559","2","8949","8949","134825","134825","183769","91090","91090","0","0","0","108015","Complete public discovery union: 8,949 distinct watch routes from 8,913 /filter records plus 36 sitemap-only routes across 293 child maps; current snapshot denominator, not a private database claim","2026-09-11T08:57:07.323Z"
"1560","2","8949","8949","134825","134825","183769","91161","91161","0","0","0","107990","Complete public discovery union: 8,949 distinct watch routes from 8,913 /filter records plus 36 sitemap-only routes across 293 child maps; current snapshot denominator, not a private database claim","2026-09-11T08:57:37.193Z"
"1561","2","8949","8949","134825","134825","183769","91211","91211","0","0","0","107965","Complete public discovery union: 8,949 distinct watch routes from 8,913 /filter records plus 36 sitemap-only routes across 293 child maps; current snapshot denominator, not a private database claim","2026-09-11T08:58:07.307Z"
"1562","2","8949","8949","134825","134825","183769","91261","91261","0","0","0","107940","Complete public discovery union: 8,949 distinct watch routes from 8,913 /filter records plus 36 sitemap-only routes across 293 child maps; current snapshot denominator, not a private database claim","2026-09-11T08:58:37.430Z"
"1563","2","8949","8949","134825","134825","183769","91311","91311","0","0","0","107915","Complete public discovery union: 8,949 distinct watch routes from 8,913 /filter records plus 36 sitemap-only routes across 293 child maps; current snapshot denominator, not a private database claim","2026-09-11T08:59:07.535Z"
"1564","2","8949","8949","134825","134825","183769","91361","91361","0","0","0","107890","Complete public discovery union: 8,949 distinct watch routes from 8,913 /filter records plus 36 sitemap-only routes across 293 child maps; current snapshot denominator, not a private database claim","2026-09-11T08:59:37.649Z"
"1565","2","8949","8949","134825","134825","183769","91411","91411","0","0","0","107865","Complete public discovery union: 8,949 distinct watch routes from 8,913 /filter records plus 36 sitemap-only routes across 293 child maps; current snapshot denominator, not a private database claim","2026-09-11T09:00:08.161Z"
"1566","2","8949","8949","134825","134825","183769","91461","91461","0","0","0","107840","Complete public discovery union: 8,949 distinct watch routes from 8,913 /filter records plus 36 sitemap-only routes across 293 child maps; current snapshot denominator, not a private database claim","2026-09-11T09:00:37.896Z"
"1567","2","8949","8949","134825","134825","183769","91512","91512","0","0","0","107815","Complete public discovery union: 8,949 distinct watch routes from 8,913 /filter records plus 36 sitemap-only routes across 293 child maps; current snapshot denominator, not a private database claim","2026-09-11T09:01:07.990Z"
"1568","2","8949","8949","134825","134825","183769","91562","91562","0","0","0","107790","Complete public discovery union: 8,949 distinct watch routes from 8,913 /filter records plus 36 sitemap-only routes across 293 child maps; current snapshot denominator, not a private database claim","2026-09-11T09:01:38.118Z"
"1569","2","8949","8949","134825","134825","183769","91612","91612","0","0","0","107765","Complete public discovery union: 8,949 distinct watch routes from 8,913 /filter records plus 36 sitemap-only routes across 293 child maps; current snapshot denominator, not a private database claim","2026-09-11T09:02:08.247Z"
"1570","2","8949","8949","134825","134825","183769","91662","91662","0","0","0","107740","Complete public discovery union: 8,949 distinct watch routes from 8,913 /filter records plus 36 sitemap-only routes across 293 child maps; current snapshot denominator, not a private database claim","2026-09-11T09:02:38.347Z"
"1571","2","8949","8949","134825","134825","183769","91712","91712","0","0","0","107715","Complete public discovery union: 8,949 distinct watch routes from 8,913 /filter records plus 36 sitemap-only routes across 293 child maps; current snapshot denominator, not a private database claim","2026-09-11T09:03:08.922Z"
"1572","2","8949","8949","134825","134825","183769","91762","91762","0","0","0","107690","Complete public discovery union: 8,949 distinct watch routes from 8,913 /filter records plus 36 sitemap-only routes across 293 child maps; current snapshot denominator, not a private database claim","2026-09-11T09:03:38.520Z"
"1573","2","8949","8949","134825","134825","183769","91812","91812","0","0","0","107665","Complete public discovery union: 8,949 distinct watch routes from 8,913 /filter records plus 36 sitemap-only routes across 293 child maps; current snapshot denominator, not a private database claim","2026-09-11T09:04:09.098Z"
"1574","2","8949","8949","134825","134825","183769","91862","91862","0","0","0","107640","Complete public discovery union: 8,949 distinct watch routes from 8,913 /filter records plus 36 sitemap-only routes across 293 child maps; current snapshot denominator, not a private database claim","2026-09-11T09:04:39.098Z"
"1575","2","8949","8949","134825","134825","183769","91912","91912","0","0","0","107615","Complete public discovery union: 8,949 distinct watch routes from 8,913 /filter records plus 36 sitemap-only routes across 293 child maps; current snapshot denominator, not a private database claim","2026-09-11T09:05:08.850Z"
"1576","2","8949","8949","134825","134825","183769","91962","91962","0","0","0","107590","Complete public discovery union: 8,949 distinct watch routes from 8,913 /filter records plus 36 sitemap-only routes across 293 child maps; current snapshot denominator, not a private database claim","2026-09-11T09:05:38.956Z"
"1577","2","8949","8949","134825","134825","183769","92012","92012","0","0","0","107565","Complete public discovery union: 8,949 distinct watch routes from 8,913 /filter records plus 36 sitemap-only routes across 293 child maps; current snapshot denominator, not a private database claim","2026-09-11T09:06:09.515Z"
"1578","2","8949","8949","134825","134825","183769","92062","92062","0","0","0","107540","Complete public discovery union: 8,949 distinct watch routes from 8,913 /filter records plus 36 sitemap-only routes across 293 child maps; current snapshot denominator, not a private database claim","2026-09-11T09:06:39.783Z"
"1579","2","8949","8949","134825","134825","183769","92112","92112","0","0","0","107515","Complete public discovery union: 8,949 distinct watch routes from 8,913 /filter records plus 36 sitemap-only routes across 293 child maps; current snapshot denominator, not a private database claim","2026-09-11T09:07:09.266Z"
"1580","2","8949","8949","134825","134825","183769","92162","92162","0","0","0","107490","Complete public discovery union: 8,949 distinct watch routes from 8,913 /filter records plus 36 sitemap-only routes across 293 child maps; current snapshot denominator, not a private database claim","2026-09-11T09:07:39.653Z"
"1581","2","8949","8949","134825","134825","183769","92212","92212","0","0","0","107465","Complete public discovery union: 8,949 distinct watch routes from 8,913 /filter records plus 36 sitemap-only routes across 293 child maps; current snapshot denominator, not a private database claim","2026-09-11T09:08:09.728Z"
"1582","2","8949","8949","134825","134825","183769","92262","92262","0","0","0","107440","Complete public discovery union: 8,949 distinct watch routes from 8,913 /filter records plus 36 sitemap-only routes across 293 child maps; current snapshot denominator, not a private database claim","2026-09-11T09:08:40.040Z"
"1583","2","8949","8949","134825","134825","183769","92314","92314","0","0","0","107415","Complete public discovery union: 8,949 distinct watch routes from 8,913 /filter records plus 36 sitemap-only routes across 293 child maps; current snapshot denominator, not a private database claim","2026-09-11T09:09:09.675Z"
"1584","2","8949","8949","134825","134825","183769","92364","92364","0","0","0","107390","Complete public discovery union: 8,949 distinct watch routes from 8,913 /filter records plus 36 sitemap-only routes across 293 child maps; current snapshot denominator, not a private database claim","2026-09-11T09:09:40.100Z"
"1585","2","8949","8949","134825","134825","183769","92414","92414","0","0","0","107365","Complete public discovery union: 8,949 distinct watch routes from 8,913 /filter records plus 36 sitemap-only routes across 293 child maps; current snapshot denominator, not a private database claim","2026-09-11T09:10:09.939Z"
"1586","2","8949","8949","134825","134825","183769","92464","92464","0","0","0","107340","Complete public discovery union: 8,949 distinct watch routes from 8,913 /filter records plus 36 sitemap-only routes across 293 child maps; current snapshot denominator, not a private database claim","2026-09-11T09:10:40.050Z"
"1587","2","8949","8949","134825","134825","183769","92514","92514","0","0","0","107315","Complete public discovery union: 8,949 distinct watch routes from 8,913 /filter records plus 36 sitemap-only routes across 293 child maps; current snapshot denominator, not a private database claim","2026-09-11T09:11:10.717Z"
"1588","2","8949","8949","134825","134825","183769","92556","92556","0","0","0","107290","Complete public discovery union: 8,949 distinct watch routes from 8,913 /filter records plus 36 sitemap-only routes across 293 child maps; current snapshot denominator, not a private database claim","2026-09-11T09:11:40.600Z"
"1589","2","8949","8949","134825","134825","183769","92606","92606","0","0","0","107265","Complete public discovery union: 8,949 distinct watch routes from 8,913 /filter records plus 36 sitemap-only routes across 293 child maps; current snapshot denominator, not a private database claim","2026-09-11T09:12:10.940Z"
"1590","2","8949","8949","134825","134825","183769","92659","92659","0","0","0","107240","Complete public discovery union: 8,949 distinct watch routes from 8,913 /filter records plus 36 sitemap-only routes across 293 child maps; current snapshot denominator, not a private database claim","2026-09-11T09:12:40.947Z"
"1591","2","8949","8949","134825","134825","183769","92712","92712","0","0","0","107215","Complete public discovery union: 8,949 distinct watch routes from 8,913 /filter records plus 36 sitemap-only routes across 293 child maps; current snapshot denominator, not a private database claim","2026-09-11T09:13:11.048Z"
"1592","2","8949","8949","134825","134825","183769","92762","92762","0","0","0","107190","Complete public discovery union: 8,949 distinct watch routes from 8,913 /filter records plus 36 sitemap-only routes across 293 child maps; current snapshot denominator, not a private database claim","2026-09-11T09:13:41.021Z"
"1593","2","8949","8949","134825","134825","183769","92813","92813","0","0","0","107165","Complete public discovery union: 8,949 distinct watch routes from 8,913 /filter records plus 36 sitemap-only routes across 293 child maps; current snapshot denominator, not a private database claim","2026-09-11T09:14:10.782Z"
"1594","2","8949","8949","134825","134825","183769","92863","92863","0","0","0","107140","Complete public discovery union: 8,949 distinct watch routes from 8,913 /filter records plus 36 sitemap-only routes across 293 child maps; current snapshot denominator, not a private database claim","2026-09-11T09:14:41.274Z"
"1595","2","8949","8949","134825","134825","183769","92913","92913","0","0","0","107115","Complete public discovery union: 8,949 distinct watch routes from 8,913 /filter records plus 36 sitemap-only routes across 293 child maps; current snapshot denominator, not a private database claim","2026-09-11T09:15:10.966Z"
"1596","2","8949","8949","134825","134825","183769","92963","92963","0","0","0","107090","Complete public discovery union: 8,949 distinct watch routes from 8,913 /filter records plus 36 sitemap-only routes across 293 child maps; current snapshot denominator, not a private database claim","2026-09-11T09:15:41.071Z"
"1597","2","8949","8949","134825","134825","183769","93016","93016","0","0","0","107065","Complete public discovery union: 8,949 distinct watch routes from 8,913 /filter records plus 36 sitemap-only routes across 293 child maps; current snapshot denominator, not a private database claim","2026-09-11T09:16:11.486Z"
"1598","2","8949","8949","134825","134825","183769","93058","93058","0","0","0","107040","Complete public discovery union: 8,949 distinct watch routes from 8,913 /filter records plus 36 sitemap-only routes across 293 child maps; current snapshot denominator, not a private database claim","2026-09-11T09:16:41.357Z"
"1599","2","8949","8949","134825","134825","183769","93114","93114","0","0","0","107015","Complete public discovery union: 8,949 distinct watch routes from 8,913 /filter records plus 36 sitemap-only routes across 293 child maps; current snapshot denominator, not a private database claim","2026-09-11T09:17:11.444Z"
"1600","2","8949","8949","134825","134825","183769","93164","93164","0","0","0","106990","Complete public discovery union: 8,949 distinct watch routes from 8,913 /filter records plus 36 sitemap-only routes across 293 child maps; current snapshot denominator, not a private database claim","2026-09-11T09:17:41.542Z"
"1601","2","8949","8949","134825","134825","183769","93214","93214","0","0","0","106965","Complete public discovery union: 8,949 distinct watch routes from 8,913 /filter records plus 36 sitemap-only routes across 293 child maps; current snapshot denominator, not a private database claim","2026-09-11T09:18:11.650Z"
"1602","2","8949","8949","134825","134825","183769","93264","93264","0","0","0","106940","Complete public discovery union: 8,949 distinct watch routes from 8,913 /filter records plus 36 sitemap-only routes across 293 child maps; current snapshot denominator, not a private database claim","2026-09-11T09:18:41.734Z"
"1603","2","8949","8949","134825","134825","183769","93314","93314","0","0","0","106915","Complete public discovery union: 8,949 distinct watch routes from 8,913 /filter records plus 36 sitemap-only routes across 293 child maps; current snapshot denominator, not a private database claim","2026-09-11T09:19:12.167Z"
"1604","2","8949","8949","134825","134825","183769","93364","93364","0","0","0","106890","Complete public discovery union: 8,949 distinct watch routes from 8,913 /filter records plus 36 sitemap-only routes across 293 child maps; current snapshot denominator, not a private database claim","2026-09-11T09:19:41.981Z"
"1605","2","8949","8949","134825","134825","183769","93414","93414","0","0","0","106865","Complete public discovery union: 8,949 distinct watch routes from 8,913 /filter records plus 36 sitemap-only routes across 293 child maps; current snapshot denominator, not a private database claim","2026-09-11T09:20:12.110Z"
"1606","2","8949","8949","134825","134825","183769","93452","93452","0","0","0","106840","Complete public discovery union: 8,949 distinct watch routes from 8,913 /filter records plus 36 sitemap-only routes across 293 child maps; current snapshot denominator, not a private database claim","2026-09-11T09:20:42.206Z"
"1607","2","8949","8949","134825","134825","183769","93502","93502","0","0","0","106815","Complete public discovery union: 8,949 distinct watch routes from 8,913 /filter records plus 36 sitemap-only routes across 293 child maps; current snapshot denominator, not a private database claim","2026-09-11T09:21:12.734Z"
"1608","2","8949","8949","134825","134825","183769","93554","93554","0","0","0","106790","Complete public discovery union: 8,949 distinct watch routes from 8,913 /filter records plus 36 sitemap-only routes across 293 child maps; current snapshot denominator, not a private database claim","2026-09-11T09:21:42.696Z"
"1609","2","8949","8949","134825","134825","183769","93604","93604","0","0","0","106765","Complete public discovery union: 8,949 distinct watch routes from 8,913 /filter records plus 36 sitemap-only routes across 293 child maps; current snapshot denominator, not a private database claim","2026-09-11T09:22:12.534Z"
"1610","2","8949","8949","134825","134825","183769","93655","93655","0","0","0","106740","Complete public discovery union: 8,949 distinct watch routes from 8,913 /filter records plus 36 sitemap-only routes across 293 child maps; current snapshot denominator, not a private database claim","2026-09-11T09:22:42.677Z"
"1611","2","8949","8949","134825","134825","183769","93705","93705","0","0","0","106715","Complete public discovery union: 8,949 distinct watch routes from 8,913 /filter records plus 36 sitemap-only routes across 293 child maps; current snapshot denominator, not a private database claim","2026-09-11T09:23:12.765Z"
"1612","2","8949","8949","134825","134825","183769","93755","93755","0","0","0","106690","Complete public discovery union: 8,949 distinct watch routes from 8,913 /filter records plus 36 sitemap-only routes across 293 child maps; current snapshot denominator, not a private database claim","2026-09-11T09:23:42.871Z"
"1613","2","8949","8949","134825","134825","183769","93805","93805","0","0","0","106665","Complete public discovery union: 8,949 distinct watch routes from 8,913 /filter records plus 36 sitemap-only routes across 293 child maps; current snapshot denominator, not a private database claim","2026-09-11T09:24:13.226Z"
"1614","2","8949","8949","134825","134825","183769","93855","93855","0","0","0","106640","Complete public discovery union: 8,949 distinct watch routes from 8,913 /filter records plus 36 sitemap-only routes across 293 child maps; current snapshot denominator, not a private database claim","2026-09-11T09:24:43.316Z"
"1615","2","8949","8949","134825","134825","183769","93905","93905","0","0","0","106615","Complete public discovery union: 8,949 distinct watch routes from 8,913 /filter records plus 36 sitemap-only routes across 293 child maps; current snapshot denominator, not a private database claim","2026-09-11T09:25:13.526Z"
"1616","2","8949","8949","134825","134825","183769","93955","93955","0","0","0","106590","Complete public discovery union: 8,949 distinct watch routes from 8,913 /filter records plus 36 sitemap-only routes across 293 child maps; current snapshot denominator, not a private database claim","2026-09-11T09:25:43.812Z"
"1617","2","8949","8949","134825","134825","183769","94005","94005","0","0","0","106565","Complete public discovery union: 8,949 distinct watch routes from 8,913 /filter records plus 36 sitemap-only routes across 293 child maps; current snapshot denominator, not a private database claim","2026-09-11T09:26:13.985Z"
"1618","2","8949","8949","134825","134825","183769","94058","94058","0","0","0","106540","Complete public discovery union: 8,949 distinct watch routes from 8,913 /filter records plus 36 sitemap-only routes across 293 child maps; current snapshot denominator, not a private database claim","2026-09-11T09:26:43.947Z"
"1619","2","8949","8949","134825","134825","183769","94090","94090","0","0","0","106515","Complete public discovery union: 8,949 distinct watch routes from 8,913 /filter records plus 36 sitemap-only routes across 293 child maps; current snapshot denominator, not a private database claim","2026-09-11T09:27:14.046Z"
"1620","2","8949","8949","134825","134825","183769","94132","94132","0","0","0","106490","Complete public discovery union: 8,949 distinct watch routes from 8,913 /filter records plus 36 sitemap-only routes across 293 child maps; current snapshot denominator, not a private database claim","2026-09-11T09:27:44.212Z"
"1621","2","8949","8949","134825","134825","183769","94182","94182","0","0","0","106465","Complete public discovery union: 8,949 distinct watch routes from 8,913 /filter records plus 36 sitemap-only routes across 293 child maps; current snapshot denominator, not a private database claim","2026-09-11T09:28:14.309Z"
"1622","2","8949","8949","134825","134825","183769","94252","94252","0","0","0","106440","Complete public discovery union: 8,949 distinct watch routes from 8,913 /filter records plus 36 sitemap-only routes across 293 child maps; current snapshot denominator, not a private database claim","2026-09-11T09:28:44.380Z"
"1623","2","8949","8949","134825","134825","183769","94310","94310","0","0","0","106415","Complete public discovery union: 8,949 distinct watch routes from 8,913 /filter records plus 36 sitemap-only routes across 293 child maps; current snapshot denominator, not a private database claim","2026-09-11T09:29:14.500Z"
"1624","2","8949","8949","134825","134825","183769","94360","94360","0","0","0","106390","Complete public discovery union: 8,949 distinct watch routes from 8,913 /filter records plus 36 sitemap-only routes across 293 child maps; current snapshot denominator, not a private database claim","2026-09-11T09:29:44.540Z"
"1625","2","8949","8949","134825","134825","183769","94422","94422","0","0","0","106365","Complete public discovery union: 8,949 distinct watch routes from 8,913 /filter records plus 36 sitemap-only routes across 293 child maps; current snapshot denominator, not a private database claim","2026-09-11T09:30:14.488Z"
"1626","2","8949","8949","134825","134825","183769","94506","94506","0","0","0","106340","Complete public discovery union: 8,949 distinct watch routes from 8,913 /filter records plus 36 sitemap-only routes across 293 child maps; current snapshot denominator, not a private database claim","2026-09-11T09:30:44.363Z"
"1627","2","8949","8949","134825","134825","183769","94631","94631","0","0","0","106315","Complete public discovery union: 8,949 distinct watch routes from 8,913 /filter records plus 36 sitemap-only routes across 293 child maps; current snapshot denominator, not a private database claim","2026-09-11T09:31:14.952Z"
"1628","2","8949","8949","134825","134825","183769","94756","94756","0","0","0","106290","Complete public discovery union: 8,949 distinct watch routes from 8,913 /filter records plus 36 sitemap-only routes across 293 child maps; current snapshot denominator, not a private database claim","2026-09-11T09:31:44.565Z"
"1629","2","8949","8949","134825","134825","183769","94875","94875","0","0","0","106265","Complete public discovery union: 8,949 distinct watch routes from 8,913 /filter records plus 36 sitemap-only routes across 293 child maps; current snapshot denominator, not a private database claim","2026-09-11T09:32:14.651Z"
"1630","2","8949","8949","134825","134825","183769","94998","94998","0","0","0","106240","Complete public discovery union: 8,949 distinct watch routes from 8,913 /filter records plus 36 sitemap-only routes across 293 child maps; current snapshot denominator, not a private database claim","2026-09-11T09:32:44.738Z"
"1631","2","8949","8949","134825","134825","183769","95070","95070","0","0","0","106215","Complete public discovery union: 8,949 distinct watch routes from 8,913 /filter records plus 36 sitemap-only routes across 293 child maps; current snapshot denominator, not a private database claim","2026-09-11T09:33:14.854Z"
"1632","2","8949","8949","134825","134825","183769","95163","95163","0","0","0","106190","Complete public discovery union: 8,949 distinct watch routes from 8,913 /filter records plus 36 sitemap-only routes across 293 child maps; current snapshot denominator, not a private database claim","2026-09-11T09:33:44.955Z"
"1633","2","8949","8949","134825","134825","183769","95273","95273","0","0","0","106165","Complete public discovery union: 8,949 distinct watch routes from 8,913 /filter records plus 36 sitemap-only routes across 293 child maps; current snapshot denominator, not a private database claim","2026-09-11T09:34:14.988Z"
"1634","2","8949","8949","134825","134825","183769","95380","95380","0","0","0","106140","Complete public discovery union: 8,949 distinct watch routes from 8,913 /filter records plus 36 sitemap-only routes across 293 child maps; current snapshot denominator, not a private database claim","2026-09-11T09:34:45.140Z"
"1635","2","8949","8949","134825","134825","183769","95486","95486","0","0","0","106115","Complete public discovery union: 8,949 distinct watch routes from 8,913 /filter records plus 36 sitemap-only routes across 293 child maps; current snapshot denominator, not a private database claim","2026-09-11T09:35:15.252Z"
"1636","2","8949","8949","134825","134825","183769","95592","95592","0","0","0","106090","Complete public discovery union: 8,949 distinct watch routes from 8,913 /filter records plus 36 sitemap-only routes across 293 child maps; current snapshot denominator, not a private database claim","2026-09-11T09:35:45.394Z"
"1637","2","8949","8949","134825","134825","183769","95699","95699","0","0","0","106065","Complete public discovery union: 8,949 distinct watch routes from 8,913 /filter records plus 36 sitemap-only routes across 293 child maps; current snapshot denominator, not a private database claim","2026-09-11T09:36:15.517Z"
"1638","2","8949","8949","134825","134825","183769","95801","95801","0","0","0","106040","Complete public discovery union: 8,949 distinct watch routes from 8,913 /filter records plus 36 sitemap-only routes across 293 child maps; current snapshot denominator, not a private database claim","2026-09-11T09:36:45.670Z"
"1639","2","8949","8949","134825","134825","183769","95915","95915","0","0","0","106015","Complete public discovery union: 8,949 distinct watch routes from 8,913 /filter records plus 36 sitemap-only routes across 293 child maps; current snapshot denominator, not a private database claim","2026-09-11T09:37:15.754Z"
"1640","2","8949","8949","134825","134825","183769","96059","96059","0","0","0","105990","Complete public discovery union: 8,949 distinct watch routes from 8,913 /filter records plus 36 sitemap-only routes across 293 child maps; current snapshot denominator, not a private database claim","2026-09-11T09:37:45.847Z"
"1641","2","8949","8949","134825","134825","183769","96163","96163","0","0","0","105965","Complete public discovery union: 8,949 distinct watch routes from 8,913 /filter records plus 36 sitemap-only routes across 293 child maps; current snapshot denominator, not a private database claim","2026-09-11T09:38:15.965Z"
"1642","2","8949","8949","134825","134825","183769","96270","96270","0","0","0","105940","Complete public discovery union: 8,949 distinct watch routes from 8,913 /filter records plus 36 sitemap-only routes across 293 child maps; current snapshot denominator, not a private database claim","2026-09-11T09:38:46.024Z"
"1643","2","8949","8949","134825","134825","183769","96352","96352","0","0","0","105915","Complete public discovery union: 8,949 distinct watch routes from 8,913 /filter records plus 36 sitemap-only routes across 293 child maps; current snapshot denominator, not a private database claim","2026-09-11T09:39:16.968Z"
"1644","2","8949","8949","134825","134825","183769","96408","96408","0","0","0","105890","Complete public discovery union: 8,949 distinct watch routes from 8,913 /filter records plus 36 sitemap-only routes across 293 child maps; current snapshot denominator, not a private database claim","2026-09-11T09:39:46.984Z"
"1645","2","8949","8949","134825","134825","183769","96472","96472","0","0","0","105865","Complete public discovery union: 8,949 distinct watch routes from 8,913 /filter records plus 36 sitemap-only routes across 293 child maps; current snapshot denominator, not a private database claim","2026-09-11T09:40:17.428Z"
"1646","2","8949","8949","134825","134825","183769","96522","96522","0","0","0","105840","Complete public discovery union: 8,949 distinct watch routes from 8,913 /filter records plus 36 sitemap-only routes across 293 child maps; current snapshot denominator, not a private database claim","2026-09-11T09:40:47.357Z"
"1647","2","8949","8949","134825","134825","183769","96598","96598","0","0","0","105815","Complete public discovery union: 8,949 distinct watch routes from 8,913 /filter records plus 36 sitemap-only routes across 293 child maps; current snapshot denominator, not a private database claim","2026-09-11T09:41:17.162Z"
"1648","2","8949","8949","134825","134825","183769","96679","96679","0","0","0","105790","Complete public discovery union: 8,949 distinct watch routes from 8,913 /filter records plus 36 sitemap-only routes across 293 child maps; current snapshot denominator, not a private database claim","2026-09-11T09:41:47.295Z"
"1649","2","8949","8949","134825","134825","183769","96754","96754","0","0","0","105765","Complete public discovery union: 8,949 distinct watch routes from 8,913 /filter records plus 36 sitemap-only routes across 293 child maps; current snapshot denominator, not a private database claim","2026-09-11T09:42:18.615Z"
"1650","2","8949","8949","134825","134825","183769","96804","96804","0","0","0","105740","Complete public discovery union: 8,949 distinct watch routes from 8,913 /filter records plus 36 sitemap-only routes across 293 child maps; current snapshot denominator, not a private database claim","2026-09-11T09:42:48.249Z"
"1651","2","8949","8949","134825","134825","183769","96854","96854","0","0","0","105715","Complete public discovery union: 8,949 distinct watch routes from 8,913 /filter records plus 36 sitemap-only routes across 293 child maps; current snapshot denominator, not a private database claim","2026-09-11T09:43:19.251Z"
"1652","2","8949","8949","134825","134825","183769","96904","96904","0","0","0","105690","Complete public discovery union: 8,949 distinct watch routes from 8,913 /filter records plus 36 sitemap-only routes across 293 child maps; current snapshot denominator, not a private database claim","2026-09-11T09:43:48.695Z"
"1653","2","8949","8949","134825","134825","183769","96956","96956","0","0","0","105665","Complete public discovery union: 8,949 distinct watch routes from 8,913 /filter records plus 36 sitemap-only routes across 293 child maps; current snapshot denominator, not a private database claim","2026-09-11T09:44:18.791Z"
"1654","2","8949","8949","134825","134825","183769","97007","97007","0","0","0","105640","Complete public discovery union: 8,949 distinct watch routes from 8,913 /filter records plus 36 sitemap-only routes across 293 child maps; current snapshot denominator, not a private database claim","2026-09-11T09:44:48.865Z"
"1655","2","8949","8949","134825","134825","183769","97085","97085","0","0","0","105615","Complete public discovery union: 8,949 distinct watch routes from 8,913 /filter records plus 36 sitemap-only routes across 293 child maps; current snapshot denominator, not a private database claim","2026-09-11T09:45:18.949Z"
"1656","2","8949","8949","134825","134825","183769","97143","97143","0","0","0","105590","Complete public discovery union: 8,949 distinct watch routes from 8,913 /filter records plus 36 sitemap-only routes across 293 child maps; current snapshot denominator, not a private database claim","2026-09-11T09:45:49.783Z"
"1657","2","8949","8949","134825","134825","183769","97209","97209","0","0","0","105565","Complete public discovery union: 8,949 distinct watch routes from 8,913 /filter records plus 36 sitemap-only routes across 293 child maps; current snapshot denominator, not a private database claim","2026-09-11T09:46:19.058Z"
"1658","2","8949","8949","134825","134825","183769","97291","97291","0","0","0","105540","Complete public discovery union: 8,949 distinct watch routes from 8,913 /filter records plus 36 sitemap-only routes across 293 child maps; current snapshot denominator, not a private database claim","2026-09-11T09:46:49.317Z"
"1659","2","8949","8949","134825","134825","183769","97385","97385","0","0","0","105515","Complete public discovery union: 8,949 distinct watch routes from 8,913 /filter records plus 36 sitemap-only routes across 293 child maps; current snapshot denominator, not a private database claim","2026-09-11T09:47:19.403Z"
"1660","2","8949","8949","134825","134825","183769","97466","97466","0","0","0","105490","Complete public discovery union: 8,949 distinct watch routes from 8,913 /filter records plus 36 sitemap-only routes across 293 child maps; current snapshot denominator, not a private database claim","2026-09-11T09:47:49.506Z"
"1661","2","8949","8949","134825","134825","183769","97562","97562","0","0","0","105465","Complete public discovery union: 8,949 distinct watch routes from 8,913 /filter records plus 36 sitemap-only routes across 293 child maps; current snapshot denominator, not a private database claim","2026-09-11T09:48:20.112Z"
"1662","2","8949","8949","134825","134825","183769","97618","97618","0","0","0","105440","Complete public discovery union: 8,949 distinct watch routes from 8,913 /filter records plus 36 sitemap-only routes across 293 child maps; current snapshot denominator, not a private database claim","2026-09-11T09:48:49.701Z"
"1663","2","8949","8949","134825","134825","183769","97718","97718","0","0","0","105415","Complete public discovery union: 8,949 distinct watch routes from 8,913 /filter records plus 36 sitemap-only routes across 293 child maps; current snapshot denominator, not a private database claim","2026-09-11T09:49:19.827Z"
"1664","2","8949","8949","134825","134825","183769","97790","97790","0","0","0","105390","Complete public discovery union: 8,949 distinct watch routes from 8,913 /filter records plus 36 sitemap-only routes across 293 child maps; current snapshot denominator, not a private database claim","2026-09-11T09:49:49.873Z"
"1665","2","8949","8949","134825","134825","183769","97867","97867","0","0","0","105365","Complete public discovery union: 8,949 distinct watch routes from 8,913 /filter records plus 36 sitemap-only routes across 293 child maps; current snapshot denominator, not a private database claim","2026-09-11T09:50:20.019Z"
"1666","2","8949","8949","134825","134825","183769","97945","97945","0","0","0","105340","Complete public discovery union: 8,949 distinct watch routes from 8,913 /filter records plus 36 sitemap-only routes across 293 child maps; current snapshot denominator, not a private database claim","2026-09-11T09:50:50.116Z"
"1667","2","8949","8949","134825","134825","183769","98041","98041","0","0","0","105315","Complete public discovery union: 8,949 distinct watch routes from 8,913 /filter records plus 36 sitemap-only routes across 293 child maps; current snapshot denominator, not a private database claim","2026-09-11T09:51:20.175Z"
"1668","2","8949","8949","134825","134825","183769","98093","98093","0","0","0","105290","Complete public discovery union: 8,949 distinct watch routes from 8,913 /filter records plus 36 sitemap-only routes across 293 child maps; current snapshot denominator, not a private database claim","2026-09-11T09:51:50.305Z"
"1669","2","8949","8949","134825","134825","183769","98189","98189","0","0","0","105265","Complete public discovery union: 8,949 distinct watch routes from 8,913 /filter records plus 36 sitemap-only routes across 293 child maps; current snapshot denominator, not a private database claim","2026-09-11T09:52:21.375Z"
"1670","2","8949","8949","134825","134825","183769","98239","98239","0","0","0","105240","Complete public discovery union: 8,949 distinct watch routes from 8,913 /filter records plus 36 sitemap-only routes across 293 child maps; current snapshot denominator, not a private database claim","2026-09-11T09:52:52.295Z"
"1671","2","8949","8949","134825","134825","183769","98321","98321","0","0","0","105215","Complete public discovery union: 8,949 distinct watch routes from 8,913 /filter records plus 36 sitemap-only routes across 293 child maps; current snapshot denominator, not a private database claim","2026-09-11T09:53:21.763Z"
"1672","2","8949","8949","134825","134825","183769","98411","98411","0","0","0","105190","Complete public discovery union: 8,949 distinct watch routes from 8,913 /filter records plus 36 sitemap-only routes across 293 child maps; current snapshot denominator, not a private database claim","2026-09-11T09:53:51.813Z"
"1673","2","8949","8949","134825","134825","183769","98481","98481","0","0","0","105165","Complete public discovery union: 8,949 distinct watch routes from 8,913 /filter records plus 36 sitemap-only routes across 293 child maps; current snapshot denominator, not a private database claim","2026-09-11T09:54:21.981Z"
"1674","2","8949","8949","134825","134825","183769","98531","98531","0","0","0","105140","Complete public discovery union: 8,949 distinct watch routes from 8,913 /filter records plus 36 sitemap-only routes across 293 child maps; current snapshot denominator, not a private database claim","2026-09-11T09:54:52.065Z"
"1675","2","8949","8949","134825","134825","183769","98619","98619","0","0","0","105115","Complete public discovery union: 8,949 distinct watch routes from 8,913 /filter records plus 36 sitemap-only routes across 293 child maps; current snapshot denominator, not a private database claim","2026-09-11T09:55:22.158Z"
"1676","2","8949","8949","134825","134825","183769","98703","98703","0","0","0","105090","Complete public discovery union: 8,949 distinct watch routes from 8,913 /filter records plus 36 sitemap-only routes across 293 child maps; current snapshot denominator, not a private database claim","2026-09-11T09:55:52.274Z"
"1677","2","8949","8949","134825","134825","183769","98789","98789","0","0","0","105065","Complete public discovery union: 8,949 distinct watch routes from 8,913 /filter records plus 36 sitemap-only routes across 293 child maps; current snapshot denominator, not a private database claim","2026-09-11T09:56:22.354Z"
"1678","2","8949","8949","134825","134825","183769","98889","98889","0","0","0","105040","Complete public discovery union: 8,949 distinct watch routes from 8,913 /filter records plus 36 sitemap-only routes across 293 child maps; current snapshot denominator, not a private database claim","2026-09-11T09:56:53.050Z"
"1679","2","8949","8949","134825","134825","183769","98987","98987","0","0","0","105015","Complete public discovery union: 8,949 distinct watch routes from 8,913 /filter records plus 36 sitemap-only routes across 293 child maps; current snapshot denominator, not a private database claim","2026-09-11T09:57:23.181Z"
"1680","2","8949","8949","134825","134825","183769","99061","99061","0","0","0","104990","Complete public discovery union: 8,949 distinct watch routes from 8,913 /filter records plus 36 sitemap-only routes across 293 child maps; current snapshot denominator, not a private database claim","2026-09-11T09:57:53.247Z"
"1681","2","8949","8949","134825","134825","183769","99161","99161","0","0","0","104965","Complete public discovery union: 8,949 distinct watch routes from 8,913 /filter records plus 36 sitemap-only routes across 293 child maps; current snapshot denominator, not a private database claim","2026-09-11T09:58:23.371Z"
"1682","2","8949","8949","134825","134825","183769","99261","99261","0","0","0","104940","Complete public discovery union: 8,949 distinct watch routes from 8,913 /filter records plus 36 sitemap-only routes across 293 child maps; current snapshot denominator, not a private database claim","2026-09-11T09:58:53.455Z"
"1683","2","8949","8949","134825","134825","183769","99361","99361","0","0","0","104915","Complete public discovery union: 8,949 distinct watch routes from 8,913 /filter records plus 36 sitemap-only routes across 293 child maps; current snapshot denominator, not a private database claim","2026-09-11T09:59:23.528Z"
"1684","2","8949","8949","134825","134825","183769","99461","99461","0","0","0","104890","Complete public discovery union: 8,949 distinct watch routes from 8,913 /filter records plus 36 sitemap-only routes across 293 child maps; current snapshot denominator, not a private database claim","2026-09-11T09:59:53.641Z"
"1685","2","8949","8949","134825","134825","183769","99561","99561","0","0","0","104865","Complete public discovery union: 8,949 distinct watch routes from 8,913 /filter records plus 36 sitemap-only routes across 293 child maps; current snapshot denominator, not a private database claim","2026-09-11T10:00:23.744Z"
"1686","2","8949","8949","134825","134825","183769","99661","99661","0","0","0","104840","Complete public discovery union: 8,949 distinct watch routes from 8,913 /filter records plus 36 sitemap-only routes across 293 child maps; current snapshot denominator, not a private database claim","2026-09-11T10:00:53.860Z"
"1687","2","8949","8949","134825","134825","183769","99761","99761","0","0","0","104815","Complete public discovery union: 8,949 distinct watch routes from 8,913 /filter records plus 36 sitemap-only routes across 293 child maps; current snapshot denominator, not a private database claim","2026-09-11T10:01:23.984Z"
"1688","2","8949","8949","134825","134825","183769","99861","99861","0","0","0","104790","Complete public discovery union: 8,949 distinct watch routes from 8,913 /filter records plus 36 sitemap-only routes across 293 child maps; current snapshot denominator, not a private database claim","2026-09-11T10:01:54.118Z"
"1689","2","8949","8949","134825","134825","183769","99961","99961","0","0","0","104765","Complete public discovery union: 8,949 distinct watch routes from 8,913 /filter records plus 36 sitemap-only routes across 293 child maps; current snapshot denominator, not a private database claim","2026-09-11T10:02:24.204Z"
"1690","2","8949","8949","134825","134825","183769","100061","100061","0","0","0","104740","Complete public discovery union: 8,949 distinct watch routes from 8,913 /filter records plus 36 sitemap-only routes across 293 child maps; current snapshot denominator, not a private database claim","2026-09-11T10:02:54.471Z"
"1691","2","8949","8949","134825","134825","183769","100178","100178","0","0","0","104715","Complete public discovery union: 8,949 distinct watch routes from 8,913 /filter records plus 36 sitemap-only routes across 293 child maps; current snapshot denominator, not a private database claim","2026-09-11T10:03:24.579Z"
"1692","2","8949","8949","134825","134825","183769","100279","100279","0","0","0","104690","Complete public discovery union: 8,949 distinct watch routes from 8,913 /filter records plus 36 sitemap-only routes across 293 child maps; current snapshot denominator, not a private database claim","2026-09-11T10:03:55.141Z"
"1693","2","8949","8949","134825","134825","183769","100329","100329","0","0","0","104665","Complete public discovery union: 8,949 distinct watch routes from 8,913 /filter records plus 36 sitemap-only routes across 293 child maps; current snapshot denominator, not a private database claim","2026-09-11T10:04:25.283Z"
"1694","2","8949","8949","134825","134825","183769","100379","100379","0","0","0","104640","Complete public discovery union: 8,949 distinct watch routes from 8,913 /filter records plus 36 sitemap-only routes across 293 child maps; current snapshot denominator, not a private database claim","2026-09-11T10:04:56.682Z"
"1695","2","8949","8949","134825","134825","183769","100429","100429","0","0","0","104615","Complete public discovery union: 8,949 distinct watch routes from 8,913 /filter records plus 36 sitemap-only routes across 293 child maps; current snapshot denominator, not a private database claim","2026-09-11T10:05:27.199Z"
"1696","2","8949","8949","134825","134825","183769","100479","100479","0","0","0","104590","Complete public discovery union: 8,949 distinct watch routes from 8,913 /filter records plus 36 sitemap-only routes across 293 child maps; current snapshot denominator, not a private database claim","2026-09-11T10:05:58.011Z"
"1697","2","8949","8949","134825","134825","183769","100529","100529","0","0","0","104565","Complete public discovery union: 8,949 distinct watch routes from 8,913 /filter records plus 36 sitemap-only routes across 293 child maps; current snapshot denominator, not a private database claim","2026-09-11T10:06:28.984Z"
"1698","2","8949","8949","134825","134825","183769","100579","100579","0","0","0","104540","Complete public discovery union: 8,949 distinct watch routes from 8,913 /filter records plus 36 sitemap-only routes across 293 child maps; current snapshot denominator, not a private database claim","2026-09-11T10:07:01.134Z"
"1699","2","8949","8949","134825","134825","183769","100629","100629","0","0","0","104515","Complete public discovery union: 8,949 distinct watch routes from 8,913 /filter records plus 36 sitemap-only routes across 293 child maps; current snapshot denominator, not a private database claim","2026-09-11T10:07:31.764Z"
"1700","2","8949","8949","134825","134825","183769","100679","100679","0","0","0","104490","Complete public discovery union: 8,949 distinct watch routes from 8,913 /filter records plus 36 sitemap-only routes across 293 child maps; current snapshot denominator, not a private database claim","2026-09-11T10:08:02.145Z"
"1701","2","8949","8949","134825","134825","183769","100729","100729","0","0","0","104465","Complete public discovery union: 8,949 distinct watch routes from 8,913 /filter records plus 36 sitemap-only routes across 293 child maps; current snapshot denominator, not a private database claim","2026-09-11T10:08:33.092Z"
"1702","2","8949","8949","134825","134825","183769","100779","100779","0","0","0","104440","Complete public discovery union: 8,949 distinct watch routes from 8,913 /filter records plus 36 sitemap-only routes across 293 child maps; current snapshot denominator, not a private database claim","2026-09-11T10:09:02.759Z"
"1703","2","8949","8949","134825","134825","183769","100829","100829","0","0","0","104415","Complete public discovery union: 8,949 distinct watch routes from 8,913 /filter records plus 36 sitemap-only routes across 293 child maps; current snapshot denominator, not a private database claim","2026-09-11T10:09:33.218Z"
"1704","2","8949","8949","134825","134825","183769","100903","100903","0","0","0","104390","Complete public discovery union: 8,949 distinct watch routes from 8,913 /filter records plus 36 sitemap-only routes across 293 child maps; current snapshot denominator, not a private database claim","2026-09-11T10:10:02.981Z"
"1705","2","8949","8949","134825","134825","183769","100953","100953","0","0","0","104365","Complete public discovery union: 8,949 distinct watch routes from 8,913 /filter records plus 36 sitemap-only routes across 293 child maps; current snapshot denominator, not a private database claim","2026-09-11T10:10:33.076Z"
"1706","2","8949","8949","134825","134825","183769","101003","101003","0","0","0","104340","Complete public discovery union: 8,949 distinct watch routes from 8,913 /filter records plus 36 sitemap-only routes across 293 child maps; current snapshot denominator, not a private database claim","2026-09-11T10:11:03.186Z"
"1707","2","8949","8949","134825","134825","183769","101053","101053","0","0","0","104315","Complete public discovery union: 8,949 distinct watch routes from 8,913 /filter records plus 36 sitemap-only routes across 293 child maps; current snapshot denominator, not a private database claim","2026-09-11T10:11:33.267Z"
"1708","2","8949","8949","134825","134825","183769","101103","101103","0","0","0","104290","Complete public discovery union: 8,949 distinct watch routes from 8,913 /filter records plus 36 sitemap-only routes across 293 child maps; current snapshot denominator, not a private database claim","2026-09-11T10:12:03.959Z"
"1709","2","8949","8949","134825","134825","183769","101153","101153","0","0","0","104265","Complete public discovery union: 8,949 distinct watch routes from 8,913 /filter records plus 36 sitemap-only routes across 293 child maps; current snapshot denominator, not a private database claim","2026-09-11T10:12:34.109Z"
"1710","2","8949","8949","134825","134825","183769","101203","101203","0","0","0","104240","Complete public discovery union: 8,949 distinct watch routes from 8,913 /filter records plus 36 sitemap-only routes across 293 child maps; current snapshot denominator, not a private database claim","2026-09-11T10:13:04.319Z"
"1711","2","8949","8949","134825","134825","183769","101253","101253","0","0","0","104215","Complete public discovery union: 8,949 distinct watch routes from 8,913 /filter records plus 36 sitemap-only routes across 293 child maps; current snapshot denominator, not a private database claim","2026-09-11T10:13:34.308Z"
"1712","2","8949","8949","134825","134825","183769","101303","101303","0","0","0","104190","Complete public discovery union: 8,949 distinct watch routes from 8,913 /filter records plus 36 sitemap-only routes across 293 child maps; current snapshot denominator, not a private database claim","2026-09-11T10:14:04.449Z"
"1713","2","8949","8949","134825","134825","183769","101353","101353","0","0","0","104165","Complete public discovery union: 8,949 distinct watch routes from 8,913 /filter records plus 36 sitemap-only routes across 293 child maps; current snapshot denominator, not a private database claim","2026-09-11T10:14:34.209Z"
"1714","2","8949","8949","134825","134825","183769","101403","101403","0","0","0","104140","Complete public discovery union: 8,949 distinct watch routes from 8,913 /filter records plus 36 sitemap-only routes across 293 child maps; current snapshot denominator, not a private database claim","2026-09-11T10:15:04.304Z"
"1715","2","8949","8949","134825","134825","183769","101453","101453","0","0","0","104115","Complete public discovery union: 8,949 distinct watch routes from 8,913 /filter records plus 36 sitemap-only routes across 293 child maps; current snapshot denominator, not a private database claim","2026-09-11T10:15:35.078Z"
"1716","2","8949","8949","134825","134825","183769","101503","101503","0","0","0","104090","Complete public discovery union: 8,949 distinct watch routes from 8,913 /filter records plus 36 sitemap-only routes across 293 child maps; current snapshot denominator, not a private database claim","2026-09-11T10:16:04.547Z"
"1717","2","8949","8949","134825","134825","183769","101553","101553","0","0","0","104065","Complete public discovery union: 8,949 distinct watch routes from 8,913 /filter records plus 36 sitemap-only routes across 293 child maps; current snapshot denominator, not a private database claim","2026-09-11T10:16:35.118Z"
"1718","2","8949","8949","134825","134825","183769","101603","101603","0","0","0","104040","Complete public discovery union: 8,949 distinct watch routes from 8,913 /filter records plus 36 sitemap-only routes across 293 child maps; current snapshot denominator, not a private database claim","2026-09-11T10:17:05.226Z"
"1719","2","8949","8949","134825","134825","183769","101653","101653","0","0","0","104015","Complete public discovery union: 8,949 distinct watch routes from 8,913 /filter records plus 36 sitemap-only routes across 293 child maps; current snapshot denominator, not a private database claim","2026-09-11T10:17:36.928Z"
"1720","2","8949","8949","134825","134825","183769","101703","101703","0","0","0","103990","Complete public discovery union: 8,949 distinct watch routes from 8,913 /filter records plus 36 sitemap-only routes across 293 child maps; current snapshot denominator, not a private database claim","2026-09-11T10:18:07.755Z"
"1721","2","8949","8949","134825","134825","183769","101753","101753","0","0","0","103965","Complete public discovery union: 8,949 distinct watch routes from 8,913 /filter records plus 36 sitemap-only routes across 293 child maps; current snapshot denominator, not a private database claim","2026-09-11T10:18:37.885Z"
"1722","2","8949","8949","134825","134825","183769","101803","101803","0","0","0","103940","Complete public discovery union: 8,949 distinct watch routes from 8,913 /filter records plus 36 sitemap-only routes across 293 child maps; current snapshot denominator, not a private database claim","2026-09-11T10:19:08.136Z"
"1723","2","8949","8949","134825","134825","183769","101853","101853","0","0","0","103915","Complete public discovery union: 8,949 distinct watch routes from 8,913 /filter records plus 36 sitemap-only routes across 293 child maps; current snapshot denominator, not a private database claim","2026-09-11T10:19:38.287Z"
"1724","2","8949","8949","134825","134825","183769","101903","101903","0","0","0","103890","Complete public discovery union: 8,949 distinct watch routes from 8,913 /filter records plus 36 sitemap-only routes across 293 child maps; current snapshot denominator, not a private database claim","2026-09-11T10:20:08.600Z"
"1725","2","8949","8949","134825","134825","183769","101953","101953","0","0","0","103865","Complete public discovery union: 8,949 distinct watch routes from 8,913 /filter records plus 36 sitemap-only routes across 293 child maps; current snapshot denominator, not a private database claim","2026-09-11T10:20:39.559Z"
"1726","2","8949","8949","134825","134825","183769","102003","102003","0","0","0","103840","Complete public discovery union: 8,949 distinct watch routes from 8,913 /filter records plus 36 sitemap-only routes across 293 child maps; current snapshot denominator, not a private database claim","2026-09-11T10:21:11.206Z"
"1727","2","8949","8949","134825","134825","183769","102053","102053","0","0","0","103815","Complete public discovery union: 8,949 distinct watch routes from 8,913 /filter records plus 36 sitemap-only routes across 293 child maps; current snapshot denominator, not a private database claim","2026-09-11T10:21:41.511Z"
"1728","2","8949","8949","134825","134825","183769","102103","102103","0","0","0","103790","Complete public discovery union: 8,949 distinct watch routes from 8,913 /filter records plus 36 sitemap-only routes across 293 child maps; current snapshot denominator, not a private database claim","2026-09-11T10:22:11.547Z"
"1729","2","8949","8949","134825","134825","183769","102153","102153","0","0","0","103765","Complete public discovery union: 8,949 distinct watch routes from 8,913 /filter records plus 36 sitemap-only routes across 293 child maps; current snapshot denominator, not a private database claim","2026-09-11T10:22:42.051Z"
"1730","2","8949","8949","134825","134825","183769","102203","102203","0","0","0","103740","Complete public discovery union: 8,949 distinct watch routes from 8,913 /filter records plus 36 sitemap-only routes across 293 child maps; current snapshot denominator, not a private database claim","2026-09-11T10:23:12.377Z"
"1731","2","8949","8949","134825","134825","183769","102253","102253","0","0","0","103715","Complete public discovery union: 8,949 distinct watch routes from 8,913 /filter records plus 36 sitemap-only routes across 293 child maps; current snapshot denominator, not a private database claim","2026-09-11T10:23:42.743Z"
"1732","2","8949","8949","134825","134825","183769","102303","102303","0","0","0","103690","Complete public discovery union: 8,949 distinct watch routes from 8,913 /filter records plus 36 sitemap-only routes across 293 child maps; current snapshot denominator, not a private database claim","2026-09-11T10:24:12.182Z"
"1733","2","8949","8949","134825","134825","183769","102353","102353","0","0","0","103665","Complete public discovery union: 8,949 distinct watch routes from 8,913 /filter records plus 36 sitemap-only routes across 293 child maps; current snapshot denominator, not a private database claim","2026-09-11T10:24:43.757Z"
"1734","2","8949","8949","134825","134825","183769","102403","102403","0","0","0","103640","Complete public discovery union: 8,949 distinct watch routes from 8,913 /filter records plus 36 sitemap-only routes across 293 child maps; current snapshot denominator, not a private database claim","2026-09-11T10:25:13.182Z"
"1735","2","8949","8949","134825","134825","183769","102453","102453","0","0","0","103615","Complete public discovery union: 8,949 distinct watch routes from 8,913 /filter records plus 36 sitemap-only routes across 293 child maps; current snapshot denominator, not a private database claim","2026-09-11T10:25:43.983Z"
"1736","2","8949","8949","134825","134825","183769","102503","102503","0","0","0","103590","Complete public discovery union: 8,949 distinct watch routes from 8,913 /filter records plus 36 sitemap-only routes across 293 child maps; current snapshot denominator, not a private database claim","2026-09-11T10:26:13.603Z"
"1737","2","8949","8949","134825","134825","183769","102597","102597","0","0","0","103565","Complete public discovery union: 8,949 distinct watch routes from 8,913 /filter records plus 36 sitemap-only routes across 293 child maps; current snapshot denominator, not a private database claim","2026-09-11T10:26:43.679Z"
"1738","2","8949","8949","134825","134825","183769","102681","102681","0","0","0","103540","Complete public discovery union: 8,949 distinct watch routes from 8,913 /filter records plus 36 sitemap-only routes across 293 child maps; current snapshot denominator, not a private database claim","2026-09-11T10:27:14.376Z"
"1739","2","8949","8949","134825","134825","183769","102731","102731","0","0","0","103515","Complete public discovery union: 8,949 distinct watch routes from 8,913 /filter records plus 36 sitemap-only routes across 293 child maps; current snapshot denominator, not a private database claim","2026-09-11T10:27:44.180Z"
"1740","2","8949","8949","134825","134825","183769","102781","102781","0","0","0","103490","Complete public discovery union: 8,949 distinct watch routes from 8,913 /filter records plus 36 sitemap-only routes across 293 child maps; current snapshot denominator, not a private database claim","2026-09-11T10:28:15.146Z"
"1741","2","8949","8949","134825","134825","183769","102831","102831","0","0","0","103465","Complete public discovery union: 8,949 distinct watch routes from 8,913 /filter records plus 36 sitemap-only routes across 293 child maps; current snapshot denominator, not a private database claim","2026-09-11T10:28:45.255Z"
"1742","2","8949","8949","134825","134825","183769","102881","102881","0","0","0","103440","Complete public discovery union: 8,949 distinct watch routes from 8,913 /filter records plus 36 sitemap-only routes across 293 child maps; current snapshot denominator, not a private database claim","2026-09-11T10:29:15.707Z"
"1743","2","8949","8949","134825","134825","183769","102931","102931","0","0","0","103415","Complete public discovery union: 8,949 distinct watch routes from 8,913 /filter records plus 36 sitemap-only routes across 293 child maps; current snapshot denominator, not a private database claim","2026-09-11T10:29:45.819Z"
"1744","2","8949","8949","134825","134825","183769","102981","102981","0","0","0","103390","Complete public discovery union: 8,949 distinct watch routes from 8,913 /filter records plus 36 sitemap-only routes across 293 child maps; current snapshot denominator, not a private database claim","2026-09-11T10:30:16.666Z"
"1745","2","8949","8949","134825","134825","183769","103055","103055","0","0","0","103365","Complete public discovery union: 8,949 distinct watch routes from 8,913 /filter records plus 36 sitemap-only routes across 293 child maps; current snapshot denominator, not a private database claim","2026-09-11T10:30:46.235Z"
"1746","2","8949","8949","134825","134825","183769","103105","103105","0","0","0","103340","Complete public discovery union: 8,949 distinct watch routes from 8,913 /filter records plus 36 sitemap-only routes across 293 child maps; current snapshot denominator, not a private database claim","2026-09-11T10:31:16.319Z"
"1747","2","8949","8949","134825","134825","183769","103157","103157","0","0","0","103315","Complete public discovery union: 8,949 distinct watch routes from 8,913 /filter records plus 36 sitemap-only routes across 293 child maps; current snapshot denominator, not a private database claim","2026-09-11T10:31:46.418Z"
"1748","2","8949","8949","134825","134825","183769","103209","103209","0","0","0","103290","Complete public discovery union: 8,949 distinct watch routes from 8,913 /filter records plus 36 sitemap-only routes across 293 child maps; current snapshot denominator, not a private database claim","2026-09-11T10:32:16.543Z"
"1749","2","8949","8949","134825","134825","183769","103259","103259","0","0","0","103265","Complete public discovery union: 8,949 distinct watch routes from 8,913 /filter records plus 36 sitemap-only routes across 293 child maps; current snapshot denominator, not a private database claim","2026-09-11T10:32:48.065Z"
"1750","2","8949","8949","134825","134825","183769","103309","103309","0","0","0","103240","Complete public discovery union: 8,949 distinct watch routes from 8,913 /filter records plus 36 sitemap-only routes across 293 child maps; current snapshot denominator, not a private database claim","2026-09-11T10:33:18.965Z"
"1751","2","8949","8949","134825","134825","183769","103359","103359","0","0","0","103215","Complete public discovery union: 8,949 distinct watch routes from 8,913 /filter records plus 36 sitemap-only routes across 293 child maps; current snapshot denominator, not a private database claim","2026-09-11T10:33:48.941Z"
"1752","2","8949","8949","134825","134825","183769","103409","103409","0","0","0","103190","Complete public discovery union: 8,949 distinct watch routes from 8,913 /filter records plus 36 sitemap-only routes across 293 child maps; current snapshot denominator, not a private database claim","2026-09-11T10:34:19.381Z"
"1753","2","8949","8949","134825","134825","183769","103459","103459","0","0","0","103165","Complete public discovery union: 8,949 distinct watch routes from 8,913 /filter records plus 36 sitemap-only routes across 293 child maps; current snapshot denominator, not a private database claim","2026-09-11T10:34:48.828Z"
"1754","2","8949","8949","134825","134825","183769","103509","103509","0","0","0","103140","Complete public discovery union: 8,949 distinct watch routes from 8,913 /filter records plus 36 sitemap-only routes across 293 child maps; current snapshot denominator, not a private database claim","2026-09-11T10:35:19.225Z"
"1755","2","8949","8949","134825","134825","183769","103559","103559","0","0","0","103115","Complete public discovery union: 8,949 distinct watch routes from 8,913 /filter records plus 36 sitemap-only routes across 293 child maps; current snapshot denominator, not a private database claim","2026-09-11T10:35:49.017Z"
"1756","2","8949","8949","134825","134825","183769","103609","103609","0","0","0","103090","Complete public discovery union: 8,949 distinct watch routes from 8,913 /filter records plus 36 sitemap-only routes across 293 child maps; current snapshot denominator, not a private database claim","2026-09-11T10:36:19.184Z"
"1757","2","8949","8949","134825","134825","183769","103659","103659","0","0","0","103065","Complete public discovery union: 8,949 distinct watch routes from 8,913 /filter records plus 36 sitemap-only routes across 293 child maps; current snapshot denominator, not a private database claim","2026-09-11T10:36:49.287Z"
"1758","2","8949","8949","134825","134825","183769","103735","103735","0","0","0","103040","Complete public discovery union: 8,949 distinct watch routes from 8,913 /filter records plus 36 sitemap-only routes across 293 child maps; current snapshot denominator, not a private database claim","2026-09-11T10:37:19.420Z"
"1759","2","8949","8949","134825","134825","183769","103807","103807","0","0","0","103015","Complete public discovery union: 8,949 distinct watch routes from 8,913 /filter records plus 36 sitemap-only routes across 293 child maps; current snapshot denominator, not a private database claim","2026-09-11T10:37:49.543Z"
"1760","2","8949","8949","134825","134825","183769","103857","103857","0","0","0","102990","Complete public discovery union: 8,949 distinct watch routes from 8,913 /filter records plus 36 sitemap-only routes across 293 child maps; current snapshot denominator, not a private database claim","2026-09-11T10:38:19.629Z"
"1761","2","8949","8949","134825","134825","183769","103907","103907","0","0","0","102965","Complete public discovery union: 8,949 distinct watch routes from 8,913 /filter records plus 36 sitemap-only routes across 293 child maps; current snapshot denominator, not a private database claim","2026-09-11T10:38:50.239Z"
"1762","2","8949","8949","134825","134825","183769","103983","103983","0","0","0","102940","Complete public discovery union: 8,949 distinct watch routes from 8,913 /filter records plus 36 sitemap-only routes across 293 child maps; current snapshot denominator, not a private database claim","2026-09-11T10:39:20.318Z"
"1763","2","8949","8949","134825","134825","183769","104033","104033","0","0","0","102915","Complete public discovery union: 8,949 distinct watch routes from 8,913 /filter records plus 36 sitemap-only routes across 293 child maps; current snapshot denominator, not a private database claim","2026-09-11T10:39:49.915Z"
"1764","2","8949","8949","134825","134825","183769","104083","104083","0","0","0","102890","Complete public discovery union: 8,949 distinct watch routes from 8,913 /filter records plus 36 sitemap-only routes across 293 child maps; current snapshot denominator, not a private database claim","2026-09-11T10:40:20.009Z"
"1765","2","8949","8949","134825","134825","183769","104133","104133","0","0","0","102865","Complete public discovery union: 8,949 distinct watch routes from 8,913 /filter records plus 36 sitemap-only routes across 293 child maps; current snapshot denominator, not a private database claim","2026-09-11T10:40:50.167Z"
"1766","2","8949","8949","134825","134825","183769","104183","104183","0","0","0","102840","Complete public discovery union: 8,949 distinct watch routes from 8,913 /filter records plus 36 sitemap-only routes across 293 child maps; current snapshot denominator, not a private database claim","2026-09-11T10:41:20.245Z"
"1767","2","8949","8949","134825","134825","183769","104233","104233","0","0","0","102815","Complete public discovery union: 8,949 distinct watch routes from 8,913 /filter records plus 36 sitemap-only routes across 293 child maps; current snapshot denominator, not a private database claim","2026-09-11T10:41:50.365Z"
"1768","2","8949","8949","134825","134825","183769","104283","104283","0","0","0","102790","Complete public discovery union: 8,949 distinct watch routes from 8,913 /filter records plus 36 sitemap-only routes across 293 child maps; current snapshot denominator, not a private database claim","2026-09-11T10:42:20.430Z"
"1769","2","8949","8949","134825","134825","183769","104333","104333","0","0","0","102765","Complete public discovery union: 8,949 distinct watch routes from 8,913 /filter records plus 36 sitemap-only routes across 293 child maps; current snapshot denominator, not a private database claim","2026-09-11T10:42:50.549Z"
"1770","2","8949","8949","134825","134825","183769","104383","104383","0","0","0","102740","Complete public discovery union: 8,949 distinct watch routes from 8,913 /filter records plus 36 sitemap-only routes across 293 child maps; current snapshot denominator, not a private database claim","2026-09-11T10:43:21.143Z"
"1771","2","8949","8949","134825","134825","183769","104433","104433","0","0","0","102715","Complete public discovery union: 8,949 distinct watch routes from 8,913 /filter records plus 36 sitemap-only routes across 293 child maps; current snapshot denominator, not a private database claim","2026-09-11T10:43:50.741Z"
"1772","2","8949","8949","134825","134825","183769","104483","104483","0","0","0","102690","Complete public discovery union: 8,949 distinct watch routes from 8,913 /filter records plus 36 sitemap-only routes across 293 child maps; current snapshot denominator, not a private database claim","2026-09-11T10:44:21.336Z"
"1773","2","8949","8949","134825","134825","183769","104533","104533","0","0","0","102665","Complete public discovery union: 8,949 distinct watch routes from 8,913 /filter records plus 36 sitemap-only routes across 293 child maps; current snapshot denominator, not a private database claim","2026-09-11T10:44:50.952Z"
"1774","2","8949","8949","134825","134825","183769","104583","104583","0","0","0","102640","Complete public discovery union: 8,949 distinct watch routes from 8,913 /filter records plus 36 sitemap-only routes across 293 child maps; current snapshot denominator, not a private database claim","2026-09-11T10:45:21.256Z"
"1775","2","8949","8949","134825","134825","183769","104639","104639","0","0","0","102615","Complete public discovery union: 8,949 distinct watch routes from 8,913 /filter records plus 36 sitemap-only routes across 293 child maps; current snapshot denominator, not a private database claim","2026-09-11T10:45:51.553Z"
"1776","2","8949","8949","134825","134825","183769","104689","104689","0","0","0","102590","Complete public discovery union: 8,949 distinct watch routes from 8,913 /filter records plus 36 sitemap-only routes across 293 child maps; current snapshot denominator, not a private database claim","2026-09-11T10:46:21.263Z"
"1777","2","8949","8949","134825","134825","183769","104739","104739","0","0","0","102565","Complete public discovery union: 8,949 distinct watch routes from 8,913 /filter records plus 36 sitemap-only routes across 293 child maps; current snapshot denominator, not a private database claim","2026-09-11T10:46:51.810Z"
"1778","2","8949","8949","134825","134825","183769","104789","104789","0","0","0","102540","Complete public discovery union: 8,949 distinct watch routes from 8,913 /filter records plus 36 sitemap-only routes across 293 child maps; current snapshot denominator, not a private database claim","2026-09-11T10:47:21.955Z"
"1779","2","8949","8949","134825","134825","183769","104839","104839","0","0","0","102515","Complete public discovery union: 8,949 distinct watch routes from 8,913 /filter records plus 36 sitemap-only routes across 293 child maps; current snapshot denominator, not a private database claim","2026-09-11T10:47:52.253Z"
"1780","2","8949","8949","134825","134825","183769","104907","104907","0","0","0","102490","Complete public discovery union: 8,949 distinct watch routes from 8,913 /filter records plus 36 sitemap-only routes across 293 child maps; current snapshot denominator, not a private database claim","2026-09-11T10:48:21.768Z"
"1781","2","8949","8949","134825","134825","183769","105007","105007","0","0","0","102465","Complete public discovery union: 8,949 distinct watch routes from 8,913 /filter records plus 36 sitemap-only routes across 293 child maps; current snapshot denominator, not a private database claim","2026-09-11T10:48:51.871Z"
"1782","2","8949","8949","134825","134825","183769","105099","105099","0","0","0","102440","Complete public discovery union: 8,949 distinct watch routes from 8,913 /filter records plus 36 sitemap-only routes across 293 child maps; current snapshot denominator, not a private database claim","2026-09-11T10:49:21.975Z"
"1783","2","8949","8949","134825","134825","183769","105149","105149","0","0","0","102415","Complete public discovery union: 8,949 distinct watch routes from 8,913 /filter records plus 36 sitemap-only routes across 293 child maps; current snapshot denominator, not a private database claim","2026-09-11T10:49:52.057Z"
"1784","2","8949","8949","134825","134825","183769","105223","105223","0","0","0","102390","Complete public discovery union: 8,949 distinct watch routes from 8,913 /filter records plus 36 sitemap-only routes across 293 child maps; current snapshot denominator, not a private database claim","2026-09-11T10:50:22.166Z"
"1785","2","8949","8949","134825","134825","183769","105293","105293","0","0","0","102365","Complete public discovery union: 8,949 distinct watch routes from 8,913 /filter records plus 36 sitemap-only routes across 293 child maps; current snapshot denominator, not a private database claim","2026-09-11T10:50:52.296Z"
"1786","2","8949","8949","134825","134825","183769","105347","105347","0","0","0","102340","Complete public discovery union: 8,949 distinct watch routes from 8,913 /filter records plus 36 sitemap-only routes across 293 child maps; current snapshot denominator, not a private database claim","2026-09-11T10:51:22.404Z"
"1787","2","8949","8949","134825","134825","183769","105397","105397","0","0","0","102315","Complete public discovery union: 8,949 distinct watch routes from 8,913 /filter records plus 36 sitemap-only routes across 293 child maps; current snapshot denominator, not a private database claim","2026-09-11T10:51:52.514Z"
"1788","2","8949","8949","134825","134825","183769","105461","105461","0","0","0","102290","Complete public discovery union: 8,949 distinct watch routes from 8,913 /filter records plus 36 sitemap-only routes across 293 child maps; current snapshot denominator, not a private database claim","2026-09-11T10:52:23.398Z"
"1789","2","8949","8949","134825","134825","183769","105511","105511","0","0","0","102265","Complete public discovery union: 8,949 distinct watch routes from 8,913 /filter records plus 36 sitemap-only routes across 293 child maps; current snapshot denominator, not a private database claim","2026-09-11T10:52:53.420Z"
"1790","2","8949","8949","134825","134825","183769","105581","105581","0","0","0","102240","Complete public discovery union: 8,949 distinct watch routes from 8,913 /filter records plus 36 sitemap-only routes across 293 child maps; current snapshot denominator, not a private database claim","2026-09-11T10:53:23.058Z"
"1791","2","8949","8949","134825","134825","183769","105635","105635","0","0","0","102215","Complete public discovery union: 8,949 distinct watch routes from 8,913 /filter records plus 36 sitemap-only routes across 293 child maps; current snapshot denominator, not a private database claim","2026-09-11T10:53:53.187Z"
"1792","2","8949","8949","134825","134825","183769","105685","105685","0","0","0","102190","Complete public discovery union: 8,949 distinct watch routes from 8,913 /filter records plus 36 sitemap-only routes across 293 child maps; current snapshot denominator, not a private database claim","2026-09-11T10:54:23.304Z"
"1793","2","8949","8949","134825","134825","183769","105737","105737","0","0","0","102165","Complete public discovery union: 8,949 distinct watch routes from 8,913 /filter records plus 36 sitemap-only routes across 293 child maps; current snapshot denominator, not a private database claim","2026-09-11T10:54:53.404Z"
"1794","2","8949","8949","134825","134825","183769","105787","105787","0","0","0","102140","Complete public discovery union: 8,949 distinct watch routes from 8,913 /filter records plus 36 sitemap-only routes across 293 child maps; current snapshot denominator, not a private database claim","2026-09-11T10:55:23.536Z"
"1795","2","8949","8949","134825","134825","183769","105863","105863","0","0","0","102115","Complete public discovery union: 8,949 distinct watch routes from 8,913 /filter records plus 36 sitemap-only routes across 293 child maps; current snapshot denominator, not a private database claim","2026-09-11T10:55:53.659Z"
"1796","2","8949","8949","134825","134825","183769","105913","105913","0","0","0","102090","Complete public discovery union: 8,949 distinct watch routes from 8,913 /filter records plus 36 sitemap-only routes across 293 child maps; current snapshot denominator, not a private database claim","2026-09-11T10:56:23.793Z"
"1797","2","8949","8949","134825","134825","183769","105963","105963","0","0","0","102065","Complete public discovery union: 8,949 distinct watch routes from 8,913 /filter records plus 36 sitemap-only routes across 293 child maps; current snapshot denominator, not a private database claim","2026-09-11T10:56:53.858Z"
"1798","2","8949","8949","134825","134825","183769","106013","106013","0","0","0","102040","Complete public discovery union: 8,949 distinct watch routes from 8,913 /filter records plus 36 sitemap-only routes across 293 child maps; current snapshot denominator, not a private database claim","2026-09-11T10:57:23.932Z"
"1799","2","8949","8949","134825","134825","183769","106072","106072","0","0","0","102015","Complete public discovery union: 8,949 distinct watch routes from 8,913 /filter records plus 36 sitemap-only routes across 293 child maps; current snapshot denominator, not a private database claim","2026-09-11T10:57:54.054Z"
"1800","2","8949","8949","134825","134825","183769","106153","106153","0","0","0","101990","Complete public discovery union: 8,949 distinct watch routes from 8,913 /filter records plus 36 sitemap-only routes across 293 child maps; current snapshot denominator, not a private database claim","2026-09-11T10:58:24.640Z"
"1801","2","8949","8949","134825","134825","183769","106203","106203","0","0","0","101965","Complete public discovery union: 8,949 distinct watch routes from 8,913 /filter records plus 36 sitemap-only routes across 293 child maps; current snapshot denominator, not a private database claim","2026-09-11T10:58:54.790Z"
"1802","2","8949","8949","134825","134825","183769","106259","106259","0","0","0","101940","Complete public discovery union: 8,949 distinct watch routes from 8,913 /filter records plus 36 sitemap-only routes across 293 child maps; current snapshot denominator, not a private database claim","2026-09-11T10:59:24.395Z"
"1803","2","8949","8949","134825","134825","183769","106309","106309","0","0","0","101915","Complete public discovery union: 8,949 distinct watch routes from 8,913 /filter records plus 36 sitemap-only routes across 293 child maps; current snapshot denominator, not a private database claim","2026-09-11T10:59:54.508Z"
"1804","2","8949","8949","134825","134825","183769","106359","106359","0","0","0","101890","Complete public discovery union: 8,949 distinct watch routes from 8,913 /filter records plus 36 sitemap-only routes across 293 child maps; current snapshot denominator, not a private database claim","2026-09-11T11:00:24.611Z"
"1805","2","8949","8949","134825","134825","183769","106409","106409","0","0","0","101865","Complete public discovery union: 8,949 distinct watch routes from 8,913 /filter records plus 36 sitemap-only routes across 293 child maps; current snapshot denominator, not a private database claim","2026-09-11T11:00:54.749Z"
"1806","2","8949","8949","134825","134825","183769","106459","106459","0","0","0","101840","Complete public discovery union: 8,949 distinct watch routes from 8,913 /filter records plus 36 sitemap-only routes across 293 child maps; current snapshot denominator, not a private database claim","2026-09-11T11:01:24.874Z"
"1807","2","8949","8949","134825","134825","183769","106509","106509","0","0","0","101815","Complete public discovery union: 8,949 distinct watch routes from 8,913 /filter records plus 36 sitemap-only routes across 293 child maps; current snapshot denominator, not a private database claim","2026-09-11T11:01:54.979Z"
"1808","2","8949","8949","134825","134825","183769","106559","106559","0","0","0","101790","Complete public discovery union: 8,949 distinct watch routes from 8,913 /filter records plus 36 sitemap-only routes across 293 child maps; current snapshot denominator, not a private database claim","2026-09-11T11:02:25.078Z"
"1809","2","8949","8949","134825","134825","183769","106609","106609","0","0","0","101765","Complete public discovery union: 8,949 distinct watch routes from 8,913 /filter records plus 36 sitemap-only routes across 293 child maps; current snapshot denominator, not a private database claim","2026-09-11T11:02:55.222Z"
"1810","2","8949","8949","134825","134825","183769","106659","106659","0","0","0","101740","Complete public discovery union: 8,949 distinct watch routes from 8,913 /filter records plus 36 sitemap-only routes across 293 child maps; current snapshot denominator, not a private database claim","2026-09-11T11:03:25.340Z"
"1811","2","8949","8949","134825","134825","183769","106709","106709","0","0","0","101715","Complete public discovery union: 8,949 distinct watch routes from 8,913 /filter records plus 36 sitemap-only routes across 293 child maps; current snapshot denominator, not a private database claim","2026-09-11T11:03:55.418Z"
"1812","2","8949","8949","134825","134825","183769","106759","106759","0","0","0","101690","Complete public discovery union: 8,949 distinct watch routes from 8,913 /filter records plus 36 sitemap-only routes across 293 child maps; current snapshot denominator, not a private database claim","2026-09-11T11:04:25.535Z"
"1813","2","8949","8949","134825","134825","183769","106809","106809","0","0","0","101665","Complete public discovery union: 8,949 distinct watch routes from 8,913 /filter records plus 36 sitemap-only routes across 293 child maps; current snapshot denominator, not a private database claim","2026-09-11T11:04:55.601Z"
"1814","2","8949","8949","134825","134825","183769","106859","106859","0","0","0","101640","Complete public discovery union: 8,949 distinct watch routes from 8,913 /filter records plus 36 sitemap-only routes across 293 child maps; current snapshot denominator, not a private database claim","2026-09-11T11:05:25.730Z"
"1815","2","8949","8949","134825","134825","183769","106909","106909","0","0","0","101615","Complete public discovery union: 8,949 distinct watch routes from 8,913 /filter records plus 36 sitemap-only routes across 293 child maps; current snapshot denominator, not a private database claim","2026-09-11T11:05:55.889Z"
"1816","2","8949","8949","134825","134825","183769","106959","106959","0","0","0","101590","Complete public discovery union: 8,949 distinct watch routes from 8,913 /filter records plus 36 sitemap-only routes across 293 child maps; current snapshot denominator, not a private database claim","2026-09-11T11:06:25.967Z"
"1817","2","8949","8949","134825","134825","183769","107009","107009","0","0","0","101565","Complete public discovery union: 8,949 distinct watch routes from 8,913 /filter records plus 36 sitemap-only routes across 293 child maps; current snapshot denominator, not a private database claim","2026-09-11T11:06:56.098Z"
"1818","2","8949","8949","134825","134825","183769","107059","107059","0","0","0","101540","Complete public discovery union: 8,949 distinct watch routes from 8,913 /filter records plus 36 sitemap-only routes across 293 child maps; current snapshot denominator, not a private database claim","2026-09-11T11:07:26.201Z"
"1819","2","8949","8949","134825","134825","183769","107109","107109","0","0","0","101515","Complete public discovery union: 8,949 distinct watch routes from 8,913 /filter records plus 36 sitemap-only routes across 293 child maps; current snapshot denominator, not a private database claim","2026-09-11T11:07:56.763Z"
"1820","2","8949","8949","134825","134825","183769","107159","107159","0","0","0","101490","Complete public discovery union: 8,949 distinct watch routes from 8,913 /filter records plus 36 sitemap-only routes across 293 child maps; current snapshot denominator, not a private database claim","2026-09-11T11:08:26.850Z"
"1821","2","8949","8949","134825","134825","183769","107209","107209","0","0","0","101465","Complete public discovery union: 8,949 distinct watch routes from 8,913 /filter records plus 36 sitemap-only routes across 293 child maps; current snapshot denominator, not a private database claim","2026-09-11T11:08:56.915Z"
"1822","2","8949","8949","134825","134825","183769","107285","107285","0","0","0","101440","Complete public discovery union: 8,949 distinct watch routes from 8,913 /filter records plus 36 sitemap-only routes across 293 child maps; current snapshot denominator, not a private database claim","2026-09-11T11:09:26.589Z"
"1823","2","8949","8949","134825","134825","183769","107335","107335","0","0","0","101415","Complete public discovery union: 8,949 distinct watch routes from 8,913 /filter records plus 36 sitemap-only routes across 293 child maps; current snapshot denominator, not a private database claim","2026-09-11T11:09:56.718Z"
"1824","2","8949","8949","134825","134825","183769","107409","107409","0","0","0","101390","Complete public discovery union: 8,949 distinct watch routes from 8,913 /filter records plus 36 sitemap-only routes across 293 child maps; current snapshot denominator, not a private database claim","2026-09-11T11:10:27.182Z"
"1825","2","8949","8949","134825","134825","183769","107459","107459","0","0","0","101365","Complete public discovery union: 8,949 distinct watch routes from 8,913 /filter records plus 36 sitemap-only routes across 293 child maps; current snapshot denominator, not a private database claim","2026-09-11T11:10:56.907Z"
"1826","2","8949","8949","134825","134825","183769","107517","107517","0","0","0","101340","Complete public discovery union: 8,949 distinct watch routes from 8,913 /filter records plus 36 sitemap-only routes across 293 child maps; current snapshot denominator, not a private database claim","2026-09-11T11:11:26.983Z"
"1827","2","8949","8949","134825","134825","183769","107585","107585","0","0","0","101315","Complete public discovery union: 8,949 distinct watch routes from 8,913 /filter records plus 36 sitemap-only routes across 293 child maps; current snapshot denominator, not a private database claim","2026-09-11T11:11:57.088Z"
"1828","2","8949","8949","134825","134825","183769","107659","107659","0","0","0","101290","Complete public discovery union: 8,949 distinct watch routes from 8,913 /filter records plus 36 sitemap-only routes across 293 child maps; current snapshot denominator, not a private database claim","2026-09-11T11:12:27.206Z"
"1829","2","8949","8949","134825","134825","183769","107709","107709","0","0","0","101265","Complete public discovery union: 8,949 distinct watch routes from 8,913 /filter records plus 36 sitemap-only routes across 293 child maps; current snapshot denominator, not a private database claim","2026-09-11T11:12:57.290Z"
"1830","2","8949","8949","134825","134825","183769","107759","107759","0","0","0","101240","Complete public discovery union: 8,949 distinct watch routes from 8,913 /filter records plus 36 sitemap-only routes across 293 child maps; current snapshot denominator, not a private database claim","2026-09-11T11:13:27.391Z"
"1831","2","8949","8949","134825","134825","183769","107809","107809","0","0","0","101215","Complete public discovery union: 8,949 distinct watch routes from 8,913 /filter records plus 36 sitemap-only routes across 293 child maps; current snapshot denominator, not a private database claim","2026-09-11T11:13:57.826Z"
"1832","2","8949","8949","134825","134825","183769","107861","107861","0","0","0","101190","Complete public discovery union: 8,949 distinct watch routes from 8,913 /filter records plus 36 sitemap-only routes across 293 child maps; current snapshot denominator, not a private database claim","2026-09-11T11:14:28.141Z"
"1833","2","8949","8949","134825","134825","183769","107947","107947","0","0","0","101165","Complete public discovery union: 8,949 distinct watch routes from 8,913 /filter records plus 36 sitemap-only routes across 293 child maps; current snapshot denominator, not a private database claim","2026-09-11T11:14:57.732Z"
"1834","2","8949","8949","134825","134825","183769","108047","108047","0","0","0","101140","Complete public discovery union: 8,949 distinct watch routes from 8,913 /filter records plus 36 sitemap-only routes across 293 child maps; current snapshot denominator, not a private database claim","2026-09-11T11:15:27.860Z"
"1835","2","8949","8949","134825","134825","183769","108147","108147","0","0","0","101115","Complete public discovery union: 8,949 distinct watch routes from 8,913 /filter records plus 36 sitemap-only routes across 293 child maps; current snapshot denominator, not a private database claim","2026-09-11T11:15:58.015Z"
"1836","2","8949","8949","134825","134825","183769","108237","108237","0","0","0","101090","Complete public discovery union: 8,949 distinct watch routes from 8,913 /filter records plus 36 sitemap-only routes across 293 child maps; current snapshot denominator, not a private database claim","2026-09-11T11:16:28.131Z"
"1837","2","8949","8949","134825","134825","183769","108287","108287","0","0","0","101065","Complete public discovery union: 8,949 distinct watch routes from 8,913 /filter records plus 36 sitemap-only routes across 293 child maps; current snapshot denominator, not a private database claim","2026-09-11T11:16:58.600Z"
"1838","2","8949","8949","134825","134825","183769","108347","108347","0","0","0","101040","Complete public discovery union: 8,949 distinct watch routes from 8,913 /filter records plus 36 sitemap-only routes across 293 child maps; current snapshot denominator, not a private database claim","2026-09-11T11:17:28.696Z"
"1839","2","8949","8949","134825","134825","183769","108397","108397","0","0","0","101015","Complete public discovery union: 8,949 distinct watch routes from 8,913 /filter records plus 36 sitemap-only routes across 293 child maps; current snapshot denominator, not a private database claim","2026-09-11T11:17:58.412Z"
"1840","2","8949","8949","134825","134825","183769","108447","108447","0","0","0","100990","Complete public discovery union: 8,949 distinct watch routes from 8,913 /filter records plus 36 sitemap-only routes across 293 child maps; current snapshot denominator, not a private database claim","2026-09-11T11:18:28.509Z"
"1841","2","8949","8949","134825","134825","183769","108497","108497","0","0","0","100965","Complete public discovery union: 8,949 distinct watch routes from 8,913 /filter records plus 36 sitemap-only routes across 293 child maps; current snapshot denominator, not a private database claim","2026-09-11T11:18:58.616Z"
"1842","2","8949","8949","134825","134825","183769","108549","108549","0","0","0","100940","Complete public discovery union: 8,949 distinct watch routes from 8,913 /filter records plus 36 sitemap-only routes across 293 child maps; current snapshot denominator, not a private database claim","2026-09-11T11:19:28.703Z"
"1843","2","8949","8949","134825","134825","183769","108599","108599","0","0","0","100915","Complete public discovery union: 8,949 distinct watch routes from 8,913 /filter records plus 36 sitemap-only routes across 293 child maps; current snapshot denominator, not a private database claim","2026-09-11T11:19:58.812Z"
"1844","2","8949","8949","134825","134825","183769","108679","108679","0","0","0","100890","Complete public discovery union: 8,949 distinct watch routes from 8,913 /filter records plus 36 sitemap-only routes across 293 child maps; current snapshot denominator, not a private database claim","2026-09-11T11:20:28.915Z"
"1845","2","8949","8949","134825","134825","183769","108729","108729","0","0","0","100865","Complete public discovery union: 8,949 distinct watch routes from 8,913 /filter records plus 36 sitemap-only routes across 293 child maps; current snapshot denominator, not a private database claim","2026-09-11T11:20:58.997Z"
"1846","2","8949","8949","134825","134825","183769","108779","108779","0","0","0","100840","Complete public discovery union: 8,949 distinct watch routes from 8,913 /filter records plus 36 sitemap-only routes across 293 child maps; current snapshot denominator, not a private database claim","2026-09-11T11:21:29.513Z"
"1847","2","8949","8949","134825","134825","183769","108829","108829","0","0","0","100815","Complete public discovery union: 8,949 distinct watch routes from 8,913 /filter records plus 36 sitemap-only routes across 293 child maps; current snapshot denominator, not a private database claim","2026-09-11T11:21:59.937Z"
"1848","2","8949","8949","134825","134825","183769","108881","108881","0","0","0","100790","Complete public discovery union: 8,949 distinct watch routes from 8,913 /filter records plus 36 sitemap-only routes across 293 child maps; current snapshot denominator, not a private database claim","2026-09-11T11:22:29.825Z"
"1849","2","8949","8949","134825","134825","183769","108931","108931","0","0","0","100765","Complete public discovery union: 8,949 distinct watch routes from 8,913 /filter records plus 36 sitemap-only routes across 293 child maps; current snapshot denominator, not a private database claim","2026-09-11T11:22:59.507Z"
"1850","2","8949","8949","134825","134825","183769","108985","108985","0","0","0","100740","Complete public discovery union: 8,949 distinct watch routes from 8,913 /filter records plus 36 sitemap-only routes across 293 child maps; current snapshot denominator, not a private database claim","2026-09-11T11:23:30.053Z"
"1851","2","8949","8949","134825","134825","183769","109019","109019","0","0","0","100715","Complete public discovery union: 8,949 distinct watch routes from 8,913 /filter records plus 36 sitemap-only routes across 293 child maps; current snapshot denominator, not a private database claim","2026-09-11T11:24:00.199Z"
"1852","2","8949","8949","134825","134825","183769","109059","109059","0","0","0","100690","Complete public discovery union: 8,949 distinct watch routes from 8,913 /filter records plus 36 sitemap-only routes across 293 child maps; current snapshot denominator, not a private database claim","2026-09-11T11:24:30.719Z"
"1853","2","8949","8949","134825","134825","183769","109109","109109","0","0","0","100665","Complete public discovery union: 8,949 distinct watch routes from 8,913 /filter records plus 36 sitemap-only routes across 293 child maps; current snapshot denominator, not a private database claim","2026-09-11T11:25:00.537Z"
"1854","2","8949","8949","134825","134825","183769","109159","109159","0","0","0","100640","Complete public discovery union: 8,949 distinct watch routes from 8,913 /filter records plus 36 sitemap-only routes across 293 child maps; current snapshot denominator, not a private database claim","2026-09-11T11:25:30.373Z"
"1855","2","8949","8949","134825","134825","183769","109209","109209","0","0","0","100615","Complete public discovery union: 8,949 distinct watch routes from 8,913 /filter records plus 36 sitemap-only routes across 293 child maps; current snapshot denominator, not a private database claim","2026-09-11T11:26:00.441Z"
"1856","2","8949","8949","134825","134825","183769","109259","109259","0","0","0","100590","Complete public discovery union: 8,949 distinct watch routes from 8,913 /filter records plus 36 sitemap-only routes across 293 child maps; current snapshot denominator, not a private database claim","2026-09-11T11:26:30.588Z"
"1857","2","8949","8949","134825","134825","183769","109313","109313","0","0","0","100565","Complete public discovery union: 8,949 distinct watch routes from 8,913 /filter records plus 36 sitemap-only routes across 293 child maps; current snapshot denominator, not a private database claim","2026-09-11T11:27:00.689Z"
"1858","2","8949","8949","134825","134825","183769","109363","109363","0","0","0","100540","Complete public discovery union: 8,949 distinct watch routes from 8,913 /filter records plus 36 sitemap-only routes across 293 child maps; current snapshot denominator, not a private database claim","2026-09-11T11:27:30.814Z"
"1859","2","8949","8949","134825","134825","183769","109433","109433","0","0","0","100515","Complete public discovery union: 8,949 distinct watch routes from 8,913 /filter records plus 36 sitemap-only routes across 293 child maps; current snapshot denominator, not a private database claim","2026-09-11T11:28:00.918Z"
"1860","2","8949","8949","134825","134825","183769","109499","109499","0","0","0","100490","Complete public discovery union: 8,949 distinct watch routes from 8,913 /filter records plus 36 sitemap-only routes across 293 child maps; current snapshot denominator, not a private database claim","2026-09-11T11:28:31.021Z"
"1861","2","8949","8949","134825","134825","183769","109591","109591","0","0","0","100465","Complete public discovery union: 8,949 distinct watch routes from 8,913 /filter records plus 36 sitemap-only routes across 293 child maps; current snapshot denominator, not a private database claim","2026-09-11T11:29:01.128Z"
"1862","2","8949","8949","134825","134825","183769","109665","109665","0","0","0","100440","Complete public discovery union: 8,949 distinct watch routes from 8,913 /filter records plus 36 sitemap-only routes across 293 child maps; current snapshot denominator, not a private database claim","2026-09-11T11:29:31.234Z"
"1863","2","8949","8949","134825","134825","183769","109717","109717","0","0","0","100415","Complete public discovery union: 8,949 distinct watch routes from 8,913 /filter records plus 36 sitemap-only routes across 293 child maps; current snapshot denominator, not a private database claim","2026-09-11T11:30:01.353Z"
"1864","2","8949","8949","134825","134825","183769","109769","109769","0","0","0","100390","Complete public discovery union: 8,949 distinct watch routes from 8,913 /filter records plus 36 sitemap-only routes across 293 child maps; current snapshot denominator, not a private database claim","2026-09-11T11:30:31.483Z"
"1865","2","8949","8949","134825","134825","183769","109892","109892","0","0","0","100365","Complete public discovery union: 8,949 distinct watch routes from 8,913 /filter records plus 36 sitemap-only routes across 293 child maps; current snapshot denominator, not a private database claim","2026-09-11T11:31:01.590Z"
"1866","2","8949","8949","134825","134825","183769","110040","110040","0","0","0","100340","Complete public discovery union: 8,949 distinct watch routes from 8,913 /filter records plus 36 sitemap-only routes across 293 child maps; current snapshot denominator, not a private database claim","2026-09-11T11:31:31.674Z"
"1867","2","8949","8949","134825","134825","183769","110146","110146","0","0","0","100315","Complete public discovery union: 8,949 distinct watch routes from 8,913 /filter records plus 36 sitemap-only routes across 293 child maps; current snapshot denominator, not a private database claim","2026-09-11T11:32:01.824Z"
"1868","2","8949","8949","134825","134825","183769","110222","110222","0","0","0","100290","Complete public discovery union: 8,949 distinct watch routes from 8,913 /filter records plus 36 sitemap-only routes across 293 child maps; current snapshot denominator, not a private database claim","2026-09-11T11:32:31.893Z"
"1869","2","8949","8949","134825","134825","183769","110278","110278","0","0","0","100265","Complete public discovery union: 8,949 distinct watch routes from 8,913 /filter records plus 36 sitemap-only routes across 293 child maps; current snapshot denominator, not a private database claim","2026-09-11T11:33:02.010Z"
"1870","2","8949","8949","134825","134825","183769","110328","110328","0","0","0","100240","Complete public discovery union: 8,949 distinct watch routes from 8,913 /filter records plus 36 sitemap-only routes across 293 child maps; current snapshot denominator, not a private database claim","2026-09-11T11:33:32.110Z"
"1871","2","8949","8949","134825","134825","183769","110372","110372","0","0","0","100215","Complete public discovery union: 8,949 distinct watch routes from 8,913 /filter records plus 36 sitemap-only routes across 293 child maps; current snapshot denominator, not a private database claim","2026-09-11T11:34:02.228Z"
"1872","2","8949","8949","134825","134825","183769","110422","110422","0","0","0","100190","Complete public discovery union: 8,949 distinct watch routes from 8,913 /filter records plus 36 sitemap-only routes across 293 child maps; current snapshot denominator, not a private database claim","2026-09-11T11:34:32.331Z"
"1873","2","8949","8949","134825","134825","183769","110490","110490","0","0","0","100165","Complete public discovery union: 8,949 distinct watch routes from 8,913 /filter records plus 36 sitemap-only routes across 293 child maps; current snapshot denominator, not a private database claim","2026-09-11T11:35:02.447Z"
"1874","2","8949","8949","134825","134825","183769","110565","110565","0","0","0","100140","Complete public discovery union: 8,949 distinct watch routes from 8,913 /filter records plus 36 sitemap-only routes across 293 child maps; current snapshot denominator, not a private database claim","2026-09-11T11:35:32.590Z"
"1875","2","8949","8949","134825","134825","183769","110640","110640","0","0","0","100115","Complete public discovery union: 8,949 distinct watch routes from 8,913 /filter records plus 36 sitemap-only routes across 293 child maps; current snapshot denominator, not a private database claim","2026-09-11T11:36:03.213Z"
"1876","2","8949","8949","134825","134825","183769","110745","110745","0","0","0","100090","Complete public discovery union: 8,949 distinct watch routes from 8,913 /filter records plus 36 sitemap-only routes across 293 child maps; current snapshot denominator, not a private database claim","2026-09-11T11:36:32.765Z"
"1877","2","8949","8949","134825","134825","183769","110832","110832","0","0","0","100065","Complete public discovery union: 8,949 distinct watch routes from 8,913 /filter records plus 36 sitemap-only routes across 293 child maps; current snapshot denominator, not a private database claim","2026-09-11T11:37:02.884Z"
"1878","2","8949","8949","134825","134825","183769","110907","110907","0","0","0","100040","Complete public discovery union: 8,949 distinct watch routes from 8,913 /filter records plus 36 sitemap-only routes across 293 child maps; current snapshot denominator, not a private database claim","2026-09-11T11:37:32.979Z"
"1879","2","8949","8949","134825","134825","183769","110982","110982","0","0","0","100015","Complete public discovery union: 8,949 distinct watch routes from 8,913 /filter records plus 36 sitemap-only routes across 293 child maps; current snapshot denominator, not a private database claim","2026-09-11T11:38:03.137Z"
"1880","2","8949","8949","134825","134825","183769","111033","111033","0","0","0","99990","Complete public discovery union: 8,949 distinct watch routes from 8,913 /filter records plus 36 sitemap-only routes across 293 child maps; current snapshot denominator, not a private database claim","2026-09-11T11:38:33.853Z"
"1881","2","8949","8949","134825","134825","183769","111127","111127","0","0","0","99965","Complete public discovery union: 8,949 distinct watch routes from 8,913 /filter records plus 36 sitemap-only routes across 293 child maps; current snapshot denominator, not a private database claim","2026-09-11T11:39:03.328Z"
"1882","2","8949","8949","134825","134825","183769","111227","111227","0","0","0","99940","Complete public discovery union: 8,949 distinct watch routes from 8,913 /filter records plus 36 sitemap-only routes across 293 child maps; current snapshot denominator, not a private database claim","2026-09-11T11:39:33.435Z"
"1883","2","8949","8949","134825","134825","183769","111327","111327","0","0","0","99915","Complete public discovery union: 8,949 distinct watch routes from 8,913 /filter records plus 36 sitemap-only routes across 293 child maps; current snapshot denominator, not a private database claim","2026-09-11T11:40:04.076Z"
"1884","2","8949","8949","134825","134825","183769","111383","111383","0","0","0","99890","Complete public discovery union: 8,949 distinct watch routes from 8,913 /filter records plus 36 sitemap-only routes across 293 child maps; current snapshot denominator, not a private database claim","2026-09-11T11:40:34.094Z"
"1885","2","8949","8949","134825","134825","183769","111459","111459","0","0","0","99865","Complete public discovery union: 8,949 distinct watch routes from 8,913 /filter records plus 36 sitemap-only routes across 293 child maps; current snapshot denominator, not a private database claim","2026-09-11T11:41:03.766Z"
"1886","2","8949","8949","134825","134825","183769","111515","111515","0","0","0","99840","Complete public discovery union: 8,949 distinct watch routes from 8,913 /filter records plus 36 sitemap-only routes across 293 child maps; current snapshot denominator, not a private database claim","2026-09-11T11:41:34.535Z"
"1887","2","8949","8949","134825","134825","183769","111565","111565","0","0","0","99815","Complete public discovery union: 8,949 distinct watch routes from 8,913 /filter records plus 36 sitemap-only routes across 293 child maps; current snapshot denominator, not a private database claim","2026-09-11T11:42:04.438Z"
"1888","2","8949","8949","134825","134825","183769","111653","111653","0","0","0","99790","Complete public discovery union: 8,949 distinct watch routes from 8,913 /filter records plus 36 sitemap-only routes across 293 child maps; current snapshot denominator, not a private database claim","2026-09-11T11:42:34.613Z"
"1889","2","8949","8949","134825","134825","183769","111739","111739","0","0","0","99765","Complete public discovery union: 8,949 distinct watch routes from 8,913 /filter records plus 36 sitemap-only routes across 293 child maps; current snapshot denominator, not a private database claim","2026-09-11T11:43:04.537Z"
"1890","2","8949","8949","134825","134825","183769","111789","111789","0","0","0","99740","Complete public discovery union: 8,949 distinct watch routes from 8,913 /filter records plus 36 sitemap-only routes across 293 child maps; current snapshot denominator, not a private database claim","2026-09-11T11:43:34.711Z"
"1891","2","8949","8949","134825","134825","183769","111863","111863","0","0","0","99715","Complete public discovery union: 8,949 distinct watch routes from 8,913 /filter records plus 36 sitemap-only routes across 293 child maps; current snapshot denominator, not a private database claim","2026-09-11T11:44:04.738Z"
"1892","2","8949","8949","134825","134825","183769","111913","111913","0","0","0","99690","Complete public discovery union: 8,949 distinct watch routes from 8,913 /filter records plus 36 sitemap-only routes across 293 child maps; current snapshot denominator, not a private database claim","2026-09-11T11:44:34.933Z"
"1893","2","8949","8949","134825","134825","183769","111989","111989","0","0","0","99665","Complete public discovery union: 8,949 distinct watch routes from 8,913 /filter records plus 36 sitemap-only routes across 293 child maps; current snapshot denominator, not a private database claim","2026-09-11T11:45:05.202Z"
"1894","2","8949","8949","134825","134825","183769","112039","112039","0","0","0","99640","Complete public discovery union: 8,949 distinct watch routes from 8,913 /filter records plus 36 sitemap-only routes across 293 child maps; current snapshot denominator, not a private database claim","2026-09-11T11:45:35.074Z"
"1895","2","8949","8949","134825","134825","183769","112089","112089","0","0","0","99615","Complete public discovery union: 8,949 distinct watch routes from 8,913 /filter records plus 36 sitemap-only routes across 293 child maps; current snapshot denominator, not a private database claim","2026-09-11T11:46:05.354Z"
"1896","2","8949","8949","134825","134825","183769","112139","112139","0","0","0","99590","Complete public discovery union: 8,949 distinct watch routes from 8,913 /filter records plus 36 sitemap-only routes across 293 child maps; current snapshot denominator, not a private database claim","2026-09-11T11:46:34.963Z"
"1897","2","8949","8949","134825","134825","183769","112205","112205","0","0","0","99565","Complete public discovery union: 8,949 distinct watch routes from 8,913 /filter records plus 36 sitemap-only routes across 293 child maps; current snapshot denominator, not a private database claim","2026-09-11T11:47:05.328Z"
"1898","2","8949","8949","134825","134825","183769","112255","112255","0","0","0","99540","Complete public discovery union: 8,949 distinct watch routes from 8,913 /filter records plus 36 sitemap-only routes across 293 child maps; current snapshot denominator, not a private database claim","2026-09-11T11:47:35.411Z"
"1899","2","8949","8949","134825","134825","183769","112305","112305","0","0","0","99515","Complete public discovery union: 8,949 distinct watch routes from 8,913 /filter records plus 36 sitemap-only routes across 293 child maps; current snapshot denominator, not a private database claim","2026-09-11T11:48:05.500Z"
"1900","2","8949","8949","134825","134825","183769","112355","112355","0","0","0","99490","Complete public discovery union: 8,949 distinct watch routes from 8,913 /filter records plus 36 sitemap-only routes across 293 child maps; current snapshot denominator, not a private database claim","2026-09-11T11:48:35.795Z"
"1901","2","8949","8949","134825","134825","183769","112405","112405","0","0","0","99465","Complete public discovery union: 8,949 distinct watch routes from 8,913 /filter records plus 36 sitemap-only routes across 293 child maps; current snapshot denominator, not a private database claim","2026-09-11T11:49:06.059Z"
"1902","2","8949","8949","134825","134825","183769","112465","112465","0","0","0","99440","Complete public discovery union: 8,949 distinct watch routes from 8,913 /filter records plus 36 sitemap-only routes across 293 child maps; current snapshot denominator, not a private database claim","2026-09-11T11:49:36.040Z"
"1903","2","8949","8949","134825","134825","183769","112553","112553","0","0","0","99415","Complete public discovery union: 8,949 distinct watch routes from 8,913 /filter records plus 36 sitemap-only routes across 293 child maps; current snapshot denominator, not a private database claim","2026-09-11T11:50:05.669Z"
"1904","2","8949","8949","134825","134825","183769","112621","112621","0","0","0","99390","Complete public discovery union: 8,949 distinct watch routes from 8,913 /filter records plus 36 sitemap-only routes across 293 child maps; current snapshot denominator, not a private database claim","2026-09-11T11:50:35.784Z"
"1905","2","8949","8949","134825","134825","183769","112721","112721","0","0","0","99365","Complete public discovery union: 8,949 distinct watch routes from 8,913 /filter records plus 36 sitemap-only routes across 293 child maps; current snapshot denominator, not a private database claim","2026-09-11T11:51:05.876Z"
"1906","2","8949","8949","134825","134825","183769","112821","112821","0","0","0","99340","Complete public discovery union: 8,949 distinct watch routes from 8,913 /filter records plus 36 sitemap-only routes across 293 child maps; current snapshot denominator, not a private database claim","2026-09-11T11:51:35.961Z"
"1907","2","8949","8949","134825","134825","183769","112921","112921","0","0","0","99315","Complete public discovery union: 8,949 distinct watch routes from 8,913 /filter records plus 36 sitemap-only routes across 293 child maps; current snapshot denominator, not a private database claim","2026-09-11T11:52:06.084Z"
"1908","2","8949","8949","134825","134825","183769","113021","113021","0","0","0","99290","Complete public discovery union: 8,949 distinct watch routes from 8,913 /filter records plus 36 sitemap-only routes across 293 child maps; current snapshot denominator, not a private database claim","2026-09-11T11:52:36.195Z"
"1909","2","8949","8949","134825","134825","183769","113121","113121","0","0","0","99265","Complete public discovery union: 8,949 distinct watch routes from 8,913 /filter records plus 36 sitemap-only routes across 293 child maps; current snapshot denominator, not a private database claim","2026-09-11T11:53:06.321Z"
"1910","2","8949","8949","134825","134825","183769","113221","113221","0","0","0","99240","Complete public discovery union: 8,949 distinct watch routes from 8,913 /filter records plus 36 sitemap-only routes across 293 child maps; current snapshot denominator, not a private database claim","2026-09-11T11:53:36.408Z"
"1911","2","8949","8949","134825","134825","183769","113321","113321","0","0","0","99215","Complete public discovery union: 8,949 distinct watch routes from 8,913 /filter records plus 36 sitemap-only routes across 293 child maps; current snapshot denominator, not a private database claim","2026-09-11T11:54:06.566Z"
"1912","2","8949","8949","134825","134825","183769","113421","113421","0","0","0","99190","Complete public discovery union: 8,949 distinct watch routes from 8,913 /filter records plus 36 sitemap-only routes across 293 child maps; current snapshot denominator, not a private database claim","2026-09-11T11:54:36.643Z"
"1913","2","8949","8949","134825","134825","183769","113497","113497","0","0","0","99165","Complete public discovery union: 8,949 distinct watch routes from 8,913 /filter records plus 36 sitemap-only routes across 293 child maps; current snapshot denominator, not a private database claim","2026-09-11T11:55:06.751Z"
"1914","2","8949","8949","134825","134825","183769","113557","113557","0","0","0","99140","Complete public discovery union: 8,949 distinct watch routes from 8,913 /filter records plus 36 sitemap-only routes across 293 child maps; current snapshot denominator, not a private database claim","2026-09-11T11:55:36.840Z"
"1915","2","8949","8949","134825","134825","183769","113649","113649","0","0","0","99115","Complete public discovery union: 8,949 distinct watch routes from 8,913 /filter records plus 36 sitemap-only routes across 293 child maps; current snapshot denominator, not a private database claim","2026-09-11T11:56:06.971Z"
"1916","2","8949","8949","134825","134825","183769","113709","113709","0","0","0","99090","Complete public discovery union: 8,949 distinct watch routes from 8,913 /filter records plus 36 sitemap-only routes across 293 child maps; current snapshot denominator, not a private database claim","2026-09-11T11:56:37.071Z"
"1917","2","8949","8949","134825","134825","183769","113779","113779","0","0","0","99065","Complete public discovery union: 8,949 distinct watch routes from 8,913 /filter records plus 36 sitemap-only routes across 293 child maps; current snapshot denominator, not a private database claim","2026-09-11T11:57:07.179Z"
"1918","2","8949","8949","134825","134825","183769","113837","113837","0","0","0","99040","Complete public discovery union: 8,949 distinct watch routes from 8,913 /filter records plus 36 sitemap-only routes across 293 child maps; current snapshot denominator, not a private database claim","2026-09-11T11:57:37.321Z"
"1919","2","8949","8949","134825","134825","183769","113889","113889","0","0","0","99015","Complete public discovery union: 8,949 distinct watch routes from 8,913 /filter records plus 36 sitemap-only routes across 293 child maps; current snapshot denominator, not a private database claim","2026-09-11T11:58:07.427Z"
"1920","2","8949","8949","134825","134825","183769","113967","113967","0","0","0","98990","Complete public discovery union: 8,949 distinct watch routes from 8,913 /filter records plus 36 sitemap-only routes across 293 child maps; current snapshot denominator, not a private database claim","2026-09-11T11:58:37.797Z"
"1921","2","8949","8949","134825","134825","183769","114017","114017","0","0","0","98965","Complete public discovery union: 8,949 distinct watch routes from 8,913 /filter records plus 36 sitemap-only routes across 293 child maps; current snapshot denominator, not a private database claim","2026-09-11T11:59:08.016Z"
"1922","2","8949","8949","134825","134825","183769","114067","114067","0","0","0","98940","Complete public discovery union: 8,949 distinct watch routes from 8,913 /filter records plus 36 sitemap-only routes across 293 child maps; current snapshot denominator, not a private database claim","2026-09-11T11:59:38.240Z"
"1923","2","8949","8949","134825","134825","183769","114137","114137","0","0","0","98915","Complete public discovery union: 8,949 distinct watch routes from 8,913 /filter records plus 36 sitemap-only routes across 293 child maps; current snapshot denominator, not a private database claim","2026-09-11T12:00:07.840Z"
"1924","2","8949","8949","134825","134825","183769","114187","114187","0","0","0","98890","Complete public discovery union: 8,949 distinct watch routes from 8,913 /filter records plus 36 sitemap-only routes across 293 child maps; current snapshot denominator, not a private database claim","2026-09-11T12:00:38.484Z"
"1925","2","8949","8949","134825","134825","183769","114237","114237","0","0","0","98865","Complete public discovery union: 8,949 distinct watch routes from 8,913 /filter records plus 36 sitemap-only routes across 293 child maps; current snapshot denominator, not a private database claim","2026-09-11T12:01:08.537Z"
"1926","2","8949","8949","134825","134825","183769","114293","114293","0","0","0","98840","Complete public discovery union: 8,949 distinct watch routes from 8,913 /filter records plus 36 sitemap-only routes across 293 child maps; current snapshot denominator, not a private database claim","2026-09-11T12:01:38.647Z"
"1927","2","8949","8949","134825","134825","183769","114343","114343","0","0","0","98815","Complete public discovery union: 8,949 distinct watch routes from 8,913 /filter records plus 36 sitemap-only routes across 293 child maps; current snapshot denominator, not a private database claim","2026-09-11T12:02:08.736Z"
"1928","2","8949","8949","134825","134825","183769","114393","114393","0","0","0","98790","Complete public discovery union: 8,949 distinct watch routes from 8,913 /filter records plus 36 sitemap-only routes across 293 child maps; current snapshot denominator, not a private database claim","2026-09-11T12:02:38.940Z"
"1929","2","8949","8949","134825","134825","183769","114443","114443","0","0","0","98765","Complete public discovery union: 8,949 distinct watch routes from 8,913 /filter records plus 36 sitemap-only routes across 293 child maps; current snapshot denominator, not a private database claim","2026-09-11T12:03:08.463Z"
"1930","2","8949","8949","134825","134825","183769","114519","114519","0","0","0","98740","Complete public discovery union: 8,949 distinct watch routes from 8,913 /filter records plus 36 sitemap-only routes across 293 child maps; current snapshot denominator, not a private database claim","2026-09-11T12:03:38.612Z"
"1931","2","8949","8949","134825","134825","183769","114571","114571","0","0","0","98715","Complete public discovery union: 8,949 distinct watch routes from 8,913 /filter records plus 36 sitemap-only routes across 293 child maps; current snapshot denominator, not a private database claim","2026-09-11T12:04:09.084Z"
"1932","2","8949","8949","134825","134825","183769","114621","114621","0","0","0","98690","Complete public discovery union: 8,949 distinct watch routes from 8,913 /filter records plus 36 sitemap-only routes across 293 child maps; current snapshot denominator, not a private database claim","2026-09-11T12:04:39.203Z"
"1933","2","8949","8949","134825","134825","183769","114671","114671","0","0","0","98665","Complete public discovery union: 8,949 distinct watch routes from 8,913 /filter records plus 36 sitemap-only routes across 293 child maps; current snapshot denominator, not a private database claim","2026-09-11T12:05:08.906Z"
"1934","2","8949","8949","134825","134825","183769","114721","114721","0","0","0","98640","Complete public discovery union: 8,949 distinct watch routes from 8,913 /filter records plus 36 sitemap-only routes across 293 child maps; current snapshot denominator, not a private database claim","2026-09-11T12:05:39.454Z"
"1935","2","8949","8949","134825","134825","183769","114771","114771","0","0","0","98615","Complete public discovery union: 8,949 distinct watch routes from 8,913 /filter records plus 36 sitemap-only routes across 293 child maps; current snapshot denominator, not a private database claim","2026-09-11T12:06:09.383Z"
"1936","2","8949","8949","134825","134825","183769","114833","114833","0","0","0","98590","Complete public discovery union: 8,949 distinct watch routes from 8,913 /filter records plus 36 sitemap-only routes across 293 child maps; current snapshot denominator, not a private database claim","2026-09-11T12:06:39.532Z"
"1937","2","8949","8949","134825","134825","183769","114883","114883","0","0","0","98565","Complete public discovery union: 8,949 distinct watch routes from 8,913 /filter records plus 36 sitemap-only routes across 293 child maps; current snapshot denominator, not a private database claim","2026-09-11T12:07:10.016Z"
"1938","2","8949","8949","134825","134825","183769","114933","114933","0","0","0","98540","Complete public discovery union: 8,949 distinct watch routes from 8,913 /filter records plus 36 sitemap-only routes across 293 child maps; current snapshot denominator, not a private database claim","2026-09-11T12:07:39.909Z"
"1939","2","8949","8949","134825","134825","183769","114983","114983","0","0","0","98515","Complete public discovery union: 8,949 distinct watch routes from 8,913 /filter records plus 36 sitemap-only routes across 293 child maps; current snapshot denominator, not a private database claim","2026-09-11T12:08:09.909Z"
"1940","2","8949","8949","134825","134825","183769","115033","115033","0","0","0","98490","Complete public discovery union: 8,949 distinct watch routes from 8,913 /filter records plus 36 sitemap-only routes across 293 child maps; current snapshot denominator, not a private database claim","2026-09-11T12:08:39.839Z"
"1941","2","8949","8949","134825","134825","183769","115083","115083","0","0","0","98465","Complete public discovery union: 8,949 distinct watch routes from 8,913 /filter records plus 36 sitemap-only routes across 293 child maps; current snapshot denominator, not a private database claim","2026-09-11T12:09:10.440Z"
"1942","2","8949","8949","134825","134825","183769","115133","115133","0","0","0","98440","Complete public discovery union: 8,949 distinct watch routes from 8,913 /filter records plus 36 sitemap-only routes across 293 child maps; current snapshot denominator, not a private database claim","2026-09-11T12:09:40.575Z"
"1943","2","8949","8949","134825","134825","183769","115183","115183","0","0","0","98415","Complete public discovery union: 8,949 distinct watch routes from 8,913 /filter records plus 36 sitemap-only routes across 293 child maps; current snapshot denominator, not a private database claim","2026-09-11T12:10:10.737Z"
"1944","2","8949","8949","134825","134825","183769","115233","115233","0","0","0","98390","Complete public discovery union: 8,949 distinct watch routes from 8,913 /filter records plus 36 sitemap-only routes across 293 child maps; current snapshot denominator, not a private database claim","2026-09-11T12:10:40.606Z"
"1945","2","8949","8949","134825","134825","183769","115283","115283","0","0","0","98365","Complete public discovery union: 8,949 distinct watch routes from 8,913 /filter records plus 36 sitemap-only routes across 293 child maps; current snapshot denominator, not a private database claim","2026-09-11T12:11:10.998Z"
"1946","2","8949","8949","134825","134825","183769","115333","115333","0","0","0","98340","Complete public discovery union: 8,949 distinct watch routes from 8,913 /filter records plus 36 sitemap-only routes across 293 child maps; current snapshot denominator, not a private database claim","2026-09-11T12:11:40.986Z"
"1947","2","8949","8949","134825","134825","183769","115383","115383","0","0","0","98315","Complete public discovery union: 8,949 distinct watch routes from 8,913 /filter records plus 36 sitemap-only routes across 293 child maps; current snapshot denominator, not a private database claim","2026-09-11T12:12:11.209Z"
"1948","2","8949","8949","134825","134825","183769","115459","115459","0","0","0","98290","Complete public discovery union: 8,949 distinct watch routes from 8,913 /filter records plus 36 sitemap-only routes across 293 child maps; current snapshot denominator, not a private database claim","2026-09-11T12:12:41.293Z"
"1949","2","8949","8949","134825","134825","183769","115509","115509","0","0","0","98265","Complete public discovery union: 8,949 distinct watch routes from 8,913 /filter records plus 36 sitemap-only routes across 293 child maps; current snapshot denominator, not a private database claim","2026-09-11T12:13:10.888Z"
"1950","2","8949","8949","134825","134825","183769","115569","115569","0","0","0","98240","Complete public discovery union: 8,949 distinct watch routes from 8,913 /filter records plus 36 sitemap-only routes across 293 child maps; current snapshot denominator, not a private database claim","2026-09-11T12:13:40.984Z"
"1951","2","8949","8949","134825","134825","183769","115669","115669","0","0","0","98215","Complete public discovery union: 8,949 distinct watch routes from 8,913 /filter records plus 36 sitemap-only routes across 293 child maps; current snapshot denominator, not a private database claim","2026-09-11T12:14:11.077Z"
"1952","2","8949","8949","134825","134825","183769","115769","115769","0","0","0","98190","Complete public discovery union: 8,949 distinct watch routes from 8,913 /filter records plus 36 sitemap-only routes across 293 child maps; current snapshot denominator, not a private database claim","2026-09-11T12:14:41.537Z"
"1953","2","8949","8949","134825","134825","183769","115869","115869","0","0","0","98165","Complete public discovery union: 8,949 distinct watch routes from 8,913 /filter records plus 36 sitemap-only routes across 293 child maps; current snapshot denominator, not a private database claim","2026-09-11T12:15:11.349Z"
"1954","2","8949","8949","134825","134825","183769","115969","115969","0","0","0","98140","Complete public discovery union: 8,949 distinct watch routes from 8,913 /filter records plus 36 sitemap-only routes across 293 child maps; current snapshot denominator, not a private database claim","2026-09-11T12:15:41.568Z"
"1955","2","8949","8949","134825","134825","183769","116069","116069","0","0","0","98115","Complete public discovery union: 8,949 distinct watch routes from 8,913 /filter records plus 36 sitemap-only routes across 293 child maps; current snapshot denominator, not a private database claim","2026-09-11T12:16:12.222Z"
"1956","2","8949","8949","134825","134825","183769","116125","116125","0","0","0","98090","Complete public discovery union: 8,949 distinct watch routes from 8,913 /filter records plus 36 sitemap-only routes across 293 child maps; current snapshot denominator, not a private database claim","2026-09-11T12:16:42.365Z"
"1957","2","8949","8949","134825","134825","183769","116207","116207","0","0","0","98065","Complete public discovery union: 8,949 distinct watch routes from 8,913 /filter records plus 36 sitemap-only routes across 293 child maps; current snapshot denominator, not a private database claim","2026-09-11T12:17:12.498Z"
"1958","2","8949","8949","134825","134825","183769","116257","116257","0","0","0","98040","Complete public discovery union: 8,949 distinct watch routes from 8,913 /filter records plus 36 sitemap-only routes across 293 child maps; current snapshot denominator, not a private database claim","2026-09-11T12:17:43.314Z"
"1959","2","8949","8949","134825","134825","183769","116343","116343","0","0","0","98015","Complete public discovery union: 8,949 distinct watch routes from 8,913 /filter records plus 36 sitemap-only routes across 293 child maps; current snapshot denominator, not a private database claim","2026-09-11T12:18:12.760Z"
"1960","2","8949","8949","134825","134825","183769","116419","116419","0","0","0","97990","Complete public discovery union: 8,949 distinct watch routes from 8,913 /filter records plus 36 sitemap-only routes across 293 child maps; current snapshot denominator, not a private database claim","2026-09-11T12:18:43.528Z"
"1961","2","8949","8949","134825","134825","183769","116479","116479","0","0","0","97965","Complete public discovery union: 8,949 distinct watch routes from 8,913 /filter records plus 36 sitemap-only routes across 293 child maps; current snapshot denominator, not a private database claim","2026-09-11T12:19:13.413Z"
"1962","2","8949","8949","134825","134825","183769","116529","116529","0","0","0","97940","Complete public discovery union: 8,949 distinct watch routes from 8,913 /filter records plus 36 sitemap-only routes across 293 child maps; current snapshot denominator, not a private database claim","2026-09-11T12:19:43.477Z"
"1963","2","8949","8949","134825","134825","183769","116579","116579","0","0","0","97915","Complete public discovery union: 8,949 distinct watch routes from 8,913 /filter records plus 36 sitemap-only routes across 293 child maps; current snapshot denominator, not a private database claim","2026-09-11T12:20:13.668Z"
"1964","2","8949","8949","134825","134825","183769","116629","116629","0","0","0","97890","Complete public discovery union: 8,949 distinct watch routes from 8,913 /filter records plus 36 sitemap-only routes across 293 child maps; current snapshot denominator, not a private database claim","2026-09-11T12:20:44.480Z"
"1965","2","8949","8949","134825","134825","183769","116679","116679","0","0","0","97865","Complete public discovery union: 8,949 distinct watch routes from 8,913 /filter records plus 36 sitemap-only routes across 293 child maps; current snapshot denominator, not a private database claim","2026-09-11T12:21:14.436Z"
"1966","2","8949","8949","134825","134825","183769","116753","116753","0","0","0","97840","Complete public discovery union: 8,949 distinct watch routes from 8,913 /filter records plus 36 sitemap-only routes across 293 child maps; current snapshot denominator, not a private database claim","2026-09-11T12:21:44.465Z"
"1967","2","8949","8949","134825","134825","183769","116853","116853","0","0","0","97815","Complete public discovery union: 8,949 distinct watch routes from 8,913 /filter records plus 36 sitemap-only routes across 293 child maps; current snapshot denominator, not a private database claim","2026-09-11T12:22:14.126Z"
"1968","2","8949","8949","134825","134825","183769","116953","116953","0","0","0","97790","Complete public discovery union: 8,949 distinct watch routes from 8,913 /filter records plus 36 sitemap-only routes across 293 child maps; current snapshot denominator, not a private database claim","2026-09-11T12:22:44.228Z"
"1969","2","8949","8949","134825","134825","183769","117053","117053","0","0","0","97765","Complete public discovery union: 8,949 distinct watch routes from 8,913 /filter records plus 36 sitemap-only routes across 293 child maps; current snapshot denominator, not a private database claim","2026-09-11T12:23:14.389Z"
"1970","2","8949","8949","134825","134825","183769","117127","117127","0","0","0","97740","Complete public discovery union: 8,949 distinct watch routes from 8,913 /filter records plus 36 sitemap-only routes across 293 child maps; current snapshot denominator, not a private database claim","2026-09-11T12:23:45.294Z"
"1971","2","8949","8949","134825","134825","183769","117227","117227","0","0","0","97715","Complete public discovery union: 8,949 distinct watch routes from 8,913 /filter records plus 36 sitemap-only routes across 293 child maps; current snapshot denominator, not a private database claim","2026-09-11T12:24:15.171Z"
"1972","2","8949","8949","134825","134825","183769","117321","117321","0","0","0","97690","Complete public discovery union: 8,949 distinct watch routes from 8,913 /filter records plus 36 sitemap-only routes across 293 child maps; current snapshot denominator, not a private database claim","2026-09-11T12:24:51.309Z"
"1973","2","8949","8949","134825","134825","183769","117371","117371","0","0","0","97665","Complete public discovery union: 8,949 distinct watch routes from 8,913 /filter records plus 36 sitemap-only routes across 293 child maps; current snapshot denominator, not a private database claim","2026-09-11T12:25:21.639Z"
"1974","2","8949","8949","134825","134825","183769","117421","117421","0","0","0","97640","Complete public discovery union: 8,949 distinct watch routes from 8,913 /filter records plus 36 sitemap-only routes across 293 child maps; current snapshot denominator, not a private database claim","2026-09-11T12:25:52.166Z"
"1975","2","8949","8949","134825","134825","183769","117471","117471","0","0","0","97615","Complete public discovery union: 8,949 distinct watch routes from 8,913 /filter records plus 36 sitemap-only routes across 293 child maps; current snapshot denominator, not a private database claim","2026-09-11T12:26:22.333Z"
"1976","2","8949","8949","134825","134825","183769","117521","117521","0","0","0","97590","Complete public discovery union: 8,949 distinct watch routes from 8,913 /filter records plus 36 sitemap-only routes across 293 child maps; current snapshot denominator, not a private database claim","2026-09-11T12:26:52.583Z"
"1977","2","8949","8949","134825","134825","183769","117571","117571","0","0","0","97565","Complete public discovery union: 8,949 distinct watch routes from 8,913 /filter records plus 36 sitemap-only routes across 293 child maps; current snapshot denominator, not a private database claim","2026-09-11T12:27:22.527Z"
"1978","2","8949","8949","134825","134825","183769","117621","117621","0","0","0","97540","Complete public discovery union: 8,949 distinct watch routes from 8,913 /filter records plus 36 sitemap-only routes across 293 child maps; current snapshot denominator, not a private database claim","2026-09-11T12:27:52.233Z"
"1979","2","8949","8949","134825","134825","183769","117671","117671","0","0","0","97515","Complete public discovery union: 8,949 distinct watch routes from 8,913 /filter records plus 36 sitemap-only routes across 293 child maps; current snapshot denominator, not a private database claim","2026-09-11T12:28:22.324Z"
"1980","2","8949","8949","134825","134825","183769","117721","117721","0","0","0","97490","Complete public discovery union: 8,949 distinct watch routes from 8,913 /filter records plus 36 sitemap-only routes across 293 child maps; current snapshot denominator, not a private database claim","2026-09-11T12:28:52.963Z"
"1981","2","8949","8949","134825","134825","183769","117775","117775","0","0","0","97465","Complete public discovery union: 8,949 distinct watch routes from 8,913 /filter records plus 36 sitemap-only routes across 293 child maps; current snapshot denominator, not a private database claim","2026-09-11T12:29:22.467Z"
"1982","2","8949","8949","134825","134825","183769","117829","117829","0","0","0","97440","Complete public discovery union: 8,949 distinct watch routes from 8,913 /filter records plus 36 sitemap-only routes across 293 child maps; current snapshot denominator, not a private database claim","2026-09-11T12:29:52.996Z"
"1983","2","8949","8949","134825","134825","183769","117915","117915","0","0","0","97397","Complete public discovery union: 8,949 distinct watch routes from 8,913 /filter records plus 36 sitemap-only routes across 293 child maps; current snapshot denominator, not a private database claim","2026-09-11T12:31:52.866Z"
"1984","2","8949","8949","134825","134825","183769","117967","117967","0","0","0","97372","Complete public discovery union: 8,949 distinct watch routes from 8,913 /filter records plus 36 sitemap-only routes across 293 child maps; current snapshot denominator, not a private database claim","2026-09-11T12:32:22.651Z"
"1985","2","8949","8949","134825","134825","183769","118033","118033","0","0","0","97347","Complete public discovery union: 8,949 distinct watch routes from 8,913 /filter records plus 36 sitemap-only routes across 293 child maps; current snapshot denominator, not a private database claim","2026-09-11T12:32:53.051Z"
"1986","2","8949","8949","134825","134825","183769","118109","118109","0","0","0","97322","Complete public discovery union: 8,949 distinct watch routes from 8,913 /filter records plus 36 sitemap-only routes across 293 child maps; current snapshot denominator, not a private database claim","2026-09-11T12:33:23.089Z"
"1987","2","8949","8949","134825","134825","183769","118209","118209","0","0","0","97297","Complete public discovery union: 8,949 distinct watch routes from 8,913 /filter records plus 36 sitemap-only routes across 293 child maps; current snapshot denominator, not a private database claim","2026-09-11T12:33:53.456Z"
"1988","2","8949","8949","134825","134825","183769","118285","118285","0","0","0","97272","Complete public discovery union: 8,949 distinct watch routes from 8,913 /filter records plus 36 sitemap-only routes across 293 child maps; current snapshot denominator, not a private database claim","2026-09-11T12:34:23.649Z"
"1989","2","8949","8949","134825","134825","183769","118383","118383","0","0","0","97247","Complete public discovery union: 8,949 distinct watch routes from 8,913 /filter records plus 36 sitemap-only routes across 293 child maps; current snapshot denominator, not a private database claim","2026-09-11T12:34:54.253Z"
"1990","2","8949","8949","134825","134825","183769","118463","118463","0","0","0","97222","Complete public discovery union: 8,949 distinct watch routes from 8,913 /filter records plus 36 sitemap-only routes across 293 child maps; current snapshot denominator, not a private database claim","2026-09-11T12:35:24.560Z"
"1991","2","8949","8949","134825","134825","183769","118537","118537","0","0","0","97197","Complete public discovery union: 8,949 distinct watch routes from 8,913 /filter records plus 36 sitemap-only routes across 293 child maps; current snapshot denominator, not a private database claim","2026-09-11T12:35:54.456Z"
"1992","2","8949","8949","134825","134825","183769","118633","118633","0","0","0","97172","Complete public discovery union: 8,949 distinct watch routes from 8,913 /filter records plus 36 sitemap-only routes across 293 child maps; current snapshot denominator, not a private database claim","2026-09-11T12:36:24.112Z"
"1993","2","8949","8949","134825","134825","183769","118733","118733","0","0","0","97147","Complete public discovery union: 8,949 distinct watch routes from 8,913 /filter records plus 36 sitemap-only routes across 293 child maps; current snapshot denominator, not a private database claim","2026-09-11T12:36:54.086Z"
"1994","2","8949","8949","134825","134825","183769","118833","118833","0","0","0","97122","Complete public discovery union: 8,949 distinct watch routes from 8,913 /filter records plus 36 sitemap-only routes across 293 child maps; current snapshot denominator, not a private database claim","2026-09-11T12:37:24.375Z"
"1995","2","8949","8949","134825","134825","183769","118933","118933","0","0","0","97097","Complete public discovery union: 8,949 distinct watch routes from 8,913 /filter records plus 36 sitemap-only routes across 293 child maps; current snapshot denominator, not a private database claim","2026-09-11T12:37:54.510Z"
"1996","2","8949","8949","134825","134825","183769","119003","119003","0","0","0","97072","Complete public discovery union: 8,949 distinct watch routes from 8,913 /filter records plus 36 sitemap-only routes across 293 child maps; current snapshot denominator, not a private database claim","2026-09-11T12:38:24.883Z"
"1997","2","8949","8949","134825","134825","183769","119053","119053","0","0","0","97047","Complete public discovery union: 8,949 distinct watch routes from 8,913 /filter records plus 36 sitemap-only routes across 293 child maps; current snapshot denominator, not a private database claim","2026-09-11T12:38:55.137Z"
"1998","2","8949","8949","134825","134825","183769","119103","119103","0","0","0","97022","Complete public discovery union: 8,949 distinct watch routes from 8,913 /filter records plus 36 sitemap-only routes across 293 child maps; current snapshot denominator, not a private database claim","2026-09-11T12:39:25.316Z"
"1999","2","8949","8949","134825","134825","183769","119188","119188","0","0","0","96997","Complete public discovery union: 8,949 distinct watch routes from 8,913 /filter records plus 36 sitemap-only routes across 293 child maps; current snapshot denominator, not a private database claim","2026-09-11T12:39:55.625Z"
"2000","2","8949","8949","134825","134825","183769","119263","119263","0","0","0","96972","Complete public discovery union: 8,949 distinct watch routes from 8,913 /filter records plus 36 sitemap-only routes across 293 child maps; current snapshot denominator, not a private database claim","2026-09-11T12:40:25.526Z"
"2001","2","8949","8949","134825","134825","183769","119320","119320","0","0","0","96947","Complete public discovery union: 8,949 distinct watch routes from 8,913 /filter records plus 36 sitemap-only routes across 293 child maps; current snapshot denominator, not a private database claim","2026-09-11T12:40:55.239Z"
"2002","2","8949","8949","134825","134825","183769","119378","119378","0","0","0","96922","Complete public discovery union: 8,949 distinct watch routes from 8,913 /filter records plus 36 sitemap-only routes across 293 child maps; current snapshot denominator, not a private database claim","2026-09-11T12:41:25.869Z"
"2003","2","8949","8949","134825","134825","183769","119440","119440","0","0","0","96897","Complete public discovery union: 8,949 distinct watch routes from 8,913 /filter records plus 36 sitemap-only routes across 293 child maps; current snapshot denominator, not a private database claim","2026-09-11T12:41:55.489Z"
"2004","2","8949","8949","134825","134825","183769","119490","119490","0","0","0","96872","Complete public discovery union: 8,949 distinct watch routes from 8,913 /filter records plus 36 sitemap-only routes across 293 child maps; current snapshot denominator, not a private database claim","2026-09-11T12:42:25.691Z"
"2005","2","8949","8949","134825","134825","183769","119540","119540","0","0","0","96847","Complete public discovery union: 8,949 distinct watch routes from 8,913 /filter records plus 36 sitemap-only routes across 293 child maps; current snapshot denominator, not a private database claim","2026-09-11T12:42:55.711Z"
"2006","2","8949","8949","134825","134825","183769","119622","119622","0","0","0","96822","Complete public discovery union: 8,949 distinct watch routes from 8,913 /filter records plus 36 sitemap-only routes across 293 child maps; current snapshot denominator, not a private database claim","2026-09-11T12:43:25.886Z"
"2007","2","8949","8949","134825","134825","183769","119720","119720","0","0","0","96797","Complete public discovery union: 8,949 distinct watch routes from 8,913 /filter records plus 36 sitemap-only routes across 293 child maps; current snapshot denominator, not a private database claim","2026-09-11T12:43:56.041Z"
"2008","2","8949","8949","134825","134825","183769","119794","119794","0","0","0","96772","Complete public discovery union: 8,949 distinct watch routes from 8,913 /filter records plus 36 sitemap-only routes across 293 child maps; current snapshot denominator, not a private database claim","2026-09-11T12:44:26.165Z"
"2009","2","8949","8949","134825","134825","183769","119848","119848","0","0","0","96747","Complete public discovery union: 8,949 distinct watch routes from 8,913 /filter records plus 36 sitemap-only routes across 293 child maps; current snapshot denominator, not a private database claim","2026-09-11T12:44:56.323Z"
"2010","2","8949","8949","134825","134825","183769","119946","119946","0","0","0","96722","Complete public discovery union: 8,949 distinct watch routes from 8,913 /filter records plus 36 sitemap-only routes across 293 child maps; current snapshot denominator, not a private database claim","2026-09-11T12:45:26.364Z"
"2011","2","8949","8949","134825","134825","183769","119996","119996","0","0","0","96697","Complete public discovery union: 8,949 distinct watch routes from 8,913 /filter records plus 36 sitemap-only routes across 293 child maps; current snapshot denominator, not a private database claim","2026-09-11T12:45:56.945Z"
"2012","2","8949","8949","134825","134825","183769","120046","120046","0","0","0","96672","Complete public discovery union: 8,949 distinct watch routes from 8,913 /filter records plus 36 sitemap-only routes across 293 child maps; current snapshot denominator, not a private database claim","2026-09-11T12:46:26.619Z"
"2013","2","8949","8949","134825","134825","183769","120120","120120","0","0","0","96647","Complete public discovery union: 8,949 distinct watch routes from 8,913 /filter records plus 36 sitemap-only routes across 293 child maps; current snapshot denominator, not a private database claim","2026-09-11T12:46:56.723Z"
"2014","2","8949","8949","134825","134825","183769","120174","120174","0","0","0","96622","Complete public discovery union: 8,949 distinct watch routes from 8,913 /filter records plus 36 sitemap-only routes across 293 child maps; current snapshot denominator, not a private database claim","2026-09-11T12:47:26.912Z"
"2015","2","8949","8949","134825","134825","183769","120224","120224","0","0","0","96597","Complete public discovery union: 8,949 distinct watch routes from 8,913 /filter records plus 36 sitemap-only routes across 293 child maps; current snapshot denominator, not a private database claim","2026-09-11T12:47:57.057Z"
"2016","2","8949","8949","134825","134825","183769","120274","120274","0","0","0","96572","Complete public discovery union: 8,949 distinct watch routes from 8,913 /filter records plus 36 sitemap-only routes across 293 child maps; current snapshot denominator, not a private database claim","2026-09-11T12:48:27.202Z"
"2017","2","8949","8949","134825","134825","183769","120350","120350","0","0","0","96547","Complete public discovery union: 8,949 distinct watch routes from 8,913 /filter records plus 36 sitemap-only routes across 293 child maps; current snapshot denominator, not a private database claim","2026-09-11T12:48:57.338Z"
"2018","2","8949","8949","134825","134825","183769","120448","120448","0","0","0","96522","Complete public discovery union: 8,949 distinct watch routes from 8,913 /filter records plus 36 sitemap-only routes across 293 child maps; current snapshot denominator, not a private database claim","2026-09-11T12:49:27.487Z"
"2019","2","8949","8949","134825","134825","183769","120528","120528","0","0","0","96497","Complete public discovery union: 8,949 distinct watch routes from 8,913 /filter records plus 36 sitemap-only routes across 293 child maps; current snapshot denominator, not a private database claim","2026-09-11T12:49:57.723Z"
"2020","2","8949","8949","134825","134825","183769","120584","120584","0","0","0","96472","Complete public discovery union: 8,949 distinct watch routes from 8,913 /filter records plus 36 sitemap-only routes across 293 child maps; current snapshot denominator, not a private database claim","2026-09-11T12:50:27.818Z"
"2021","2","8949","8949","134825","134825","183769","120684","120684","0","0","0","96447","Complete public discovery union: 8,949 distinct watch routes from 8,913 /filter records plus 36 sitemap-only routes across 293 child maps; current snapshot denominator, not a private database claim","2026-09-11T12:50:57.946Z"
"2022","2","8949","8949","134825","134825","183769","120784","120784","0","0","0","96422","Complete public discovery union: 8,949 distinct watch routes from 8,913 /filter records plus 36 sitemap-only routes across 293 child maps; current snapshot denominator, not a private database claim","2026-09-11T12:51:28.177Z"
"2023","2","8949","8949","134825","134825","183769","120884","120884","0","0","0","96397","Complete public discovery union: 8,949 distinct watch routes from 8,913 /filter records plus 36 sitemap-only routes across 293 child maps; current snapshot denominator, not a private database claim","2026-09-11T12:51:58.202Z"
"2024","2","8949","8949","134825","134825","183769","120984","120984","0","0","0","96372","Complete public discovery union: 8,949 distinct watch routes from 8,913 /filter records plus 36 sitemap-only routes across 293 child maps; current snapshot denominator, not a private database claim","2026-09-11T12:52:28.325Z"
"2025","2","8949","8949","134825","134825","183769","121084","121084","0","0","0","96347","Complete public discovery union: 8,949 distinct watch routes from 8,913 /filter records plus 36 sitemap-only routes across 293 child maps; current snapshot denominator, not a private database claim","2026-09-11T12:52:58.496Z"
